T,phi_1000,target
200,0,0
200,1,15.06770756
200,2,32.92914271
200,3,49.05083984
200,4,59.39326183
200,5,68.41416898
200,6,72.12556459
200,7,75.8369602
200,8,81.76594757
200,9,84.12290457
200,10,86.47986156
200,11,88.38292307
200,12,90.28598458
200,13,93.44763368
200,14,94.80221419
200,15,96.1567947
200,16,97.34661891
200,17,98.53644312
200,18,100.6600351
200,19,101.6164169
200,20,102.5727986
200,21,103.4388288
200,22,104.3048589
200,23,105.091956
200,24,105.879053
200,25,106.5977016
200,26,107.3163501
200,27,108.6363499
200,28,109.2452709
200,29,109.8541919
200,30,110.4167276
200,31,110.9792633
200,32,111.4983487
200,33,112.0174341
200,34,112.4957251
200,35,112.9740161
200,36,113.8543279
200,37,114.2594239
200,38,114.6645198
200,39,115.0402972
200,40,115.4160746
200,41,115.7698868
200,42,116.1236989
200,43,116.4592377
200,44,116.7947764
200,45,117.4284832
200,46,117.7266356
200,47,118.024788
200,48,118.3061589
200,49,118.5875298
200,50,118.853893
200,51,119.1202562
200,52,119.372447
200,53,119.6246378
200,54,119.8645286
200,55,120.1044193
200,56,120.5645974
200,57,120.7848181
200,58,121.0050387
200,59,121.2139686
200,60,121.4228984
200,61,121.6215481
200,62,121.8201978
200,63,122.0113293
200,64,122.2024607
200,65,122.3876106
200,66,122.5727605
200,67,122.9305443
200,68,123.1029519
200,69,123.2753595
200,70,123.4426356
200,71,123.6099116
200,72,123.7727066
200,73,123.9355016
200,74,124.0912699
200,75,124.2470381
200,76,124.3929927
200,77,124.5389472
200,78,124.812219
200,79,124.9426126
200,80,125.0730061
200,81,125.1997632
200,82,125.3265202
200,83,125.44925
200,84,125.5719797
200,85,125.6886158
200,86,125.8052518
200,87,125.9155512
200,88,126.0258505
200,89,126.2381648
200,90,126.3422398
200,91,126.4463148
200,92,126.5482754
200,93,126.650236
200,94,126.7489961
200,95,126.8477562
200,96,126.9425741
200,97,127.0373919
200,98,127.1278796
200,99,127.2183673
200,100,127.3050759
200,101,127.3917844
200,102,127.5613545
200,103,127.6463092
200,104,127.7312639
200,105,127.8176197
200,106,127.9039755
200,107,127.9914086
200,108,128.0788417
200,109,128.1659498
200,110,128.2530579
200,111,128.3390049
200,112,128.4249518
200,113,128.5950594
200,114,128.6800309
200,115,128.7650024
200,116,128.8505794
200,117,128.9361564
200,118,129.0218771
200,119,129.1075977
200,120,129.1917859
200,121,129.275974
200,122,129.3576745
200,123,129.439375
200,124,129.5997125
200,125,129.6797044
200,126,129.7596963
200,127,129.8402295
200,128,129.9207626
200,129,130.0023887
200,130,130.0840148
200,131,130.1666837
200,132,130.2493526
200,133,130.3323438
200,134,130.415335
200,135,130.5804955
200,136,130.6614589
200,137,130.7424223
200,138,130.8206626
200,139,130.8989028
200,140,130.9751541
200,141,131.0514054
200,142,131.1271168
200,143,131.2028282
200,144,131.2781952
200,145,131.3535622
200,146,131.4283262
200,147,131.5030901
200,148,131.651532
200,149,131.7247913
200,150,131.7980505
200,151,131.8692642
200,152,131.9404779
200,153,132.0094646
200,154,132.0784512
200,155,132.1463839
200,156,132.2143166
200,157,132.2811046
200,158,132.3478926
200,159,132.4762528
200,160,132.5382097
200,161,132.6001665
200,162,132.6615286
200,163,132.7228906
200,164,132.7836002
200,165,132.8443097
200,166,132.9031415
200,167,132.9619732
200,168,133.0189073
200,169,133.0758413
200,170,133.1891546
200,171,133.2466561
200,172,133.3041576
200,173,133.3616654
200,174,133.4191731
200,175,133.47515
200,176,133.5311269
200,177,133.5853424
200,178,133.6395578
200,179,133.693394
200,180,133.7472301
200,181,133.8012543
200,182,133.8552785
200,183,133.9613368
200,184,134.0134008
200,185,134.0654648
200,186,134.1181983
200,187,134.1709317
200,188,134.2245405
200,189,134.2781492
200,190,134.3311624
200,191,134.3841755
200,192,134.4355421
200,193,134.4869086
200,194,134.5867341
200,195,134.6354171
200,196,134.6841
200,197,134.730257
200,198,134.776414
200,199,134.8183851
200,200,134.8603562
200,201,134.8988913
200,202,134.9374264
200,203,134.976074
200,204,135.0147216
200,205,135.0982692
200,206,135.1423019
200,207,135.1863345
200,208,135.2291587
200,209,135.2719829
200,210,135.3108662
200,211,135.3497495
200,212,135.3847458
200,213,135.419742
200,214,135.4539136
200,215,135.4880851
200,216,135.5605711
200,217,135.598441
200,218,135.6363109
200,219,135.6735
200,220,135.710689
200,221,135.7461174
200,222,135.7815457
200,223,135.8154319
200,224,135.8493181
200,225,135.8824438
200,226,135.9155695
200,227,135.9501944
200,228,135.9848192
200,229,136.0613681
200,230,136.1018596
200,231,136.1423511
200,232,136.1822823
200,233,136.2222134
200,234,136.2622492
200,235,136.302285
200,236,136.3446222
200,237,136.3869593
200,238,136.4311359
200,239,136.4753124
200,240,136.5639641
200,241,136.6086524
200,242,136.6533406
200,243,136.6996183
200,244,136.745896
200,245,136.7934868
200,246,136.8410775
200,247,136.8885672
200,248,136.9360569
200,249,136.9831443
200,250,137.0302317
200,251,137.1260219
200,252,137.1755894
200,253,137.2251569
200,254,137.275115
200,255,137.325073
200,256,137.3728753
200,257,137.4206776
200,258,137.4657419
200,259,137.5108061
200,260,137.5548515
200,261,137.5988968
200,262,137.6877661
200,263,137.7333373
200,264,137.7789084
200,265,137.8255932
200,266,137.872278
200,267,137.9184559
200,268,137.9646337
200,269,138.0091392
200,270,138.0536447
200,271,138.0967492
200,272,138.1398536
200,273,138.2215842
200,274,138.2587354
200,275,138.2958865
200,276,138.329902
200,277,138.3639175
200,278,138.3958998
200,279,138.427882
200,280,138.4575637
200,281,138.4872454
200,282,138.5139405
200,283,138.5406356
200,284,138.5870408
200,285,138.6071502
200,286,138.6272595
200,287,138.6459532
200,288,138.6646469
200,289,138.6831351
200,290,138.7016233
200,291,138.7196182
200,292,138.737613
200,293,138.7550718
200,294,138.7725306
200,295,138.8084644
200,296,138.8270048
200,297,138.8455452
200,298,138.8634529
200,299,138.8813606
200,300,138.8983051
200,301,138.9152496
200,302,138.9322623
200,303,138.949275
200,304,138.9678835
200,305,138.986492
200,306,139.0280422
200,307,139.0490858
200,308,139.0701293
200,309,139.0888833
200,310,139.1076372
200,311,139.1244416
200,312,139.141246
200,313,139.1585205
200,314,139.1757949
200,315,139.1942265
200,316,139.212658
200,317,139.2502526
200,318,139.2702427
200,319,139.2902328
200,320,139.312447
200,321,139.3346611
200,322,139.3570349
200,323,139.3794086
200,324,139.3989167
200,325,139.4184247
200,326,139.4351071
200,327,139.4517895
200,328,139.4838057
200,329,139.4998069
200,330,139.515808
200,331,139.5313864
200,332,139.5469647
200,333,139.5632719
200,334,139.579579
200,335,139.5981574
200,336,139.6167357
200,337,139.6371958
200,338,139.6576559
200,339,139.7000482
200,340,139.7218281
200,341,139.743608
200,342,139.7660921
200,343,139.7885761
200,344,139.811235
200,345,139.8338938
200,346,139.8561929
200,347,139.8784919
200,348,139.9226521
200,349,139.9448887
200,350,139.9671253
200,351,139.9895616
200,352,140.0119979
200,353,140.0345815
200,354,140.0571651
200,355,140.0799932
200,356,140.1028213
200,357,140.1260771
200,358,140.1493329
200,359,140.1975932
200,360,140.2231933
200,361,140.2487933
200,362,140.2758506
200,363,140.3029079
200,364,140.3307461
200,365,140.3585843
200,366,140.3869925
200,367,140.4154006
200,368,140.4442079
200,369,140.4730152
200,370,140.5274924
200,371,140.5510401
200,372,140.5745877
200,373,140.5954582
200,374,140.6163287
200,375,140.6379
200,376,140.6594713
200,377,140.684029
200,378,140.7085866
200,379,140.7352396
200,380,140.7618926
200,381,140.8137585
200,382,140.8366841
200,383,140.8596096
200,384,140.8787009
200,385,140.8977922
200,386,140.913479
200,387,140.9291657
200,388,140.9415388
200,389,140.9539118
200,390,140.9706716
200,391,140.9759792
200,392,140.9812867
200,393,140.9863102
200,394,140.9913336
200,395,140.9975961
200,396,141.0038585
200,397,141.0104585
200,398,141.0170585
200,399,141.0230155
200,400,141.0289724
200,401,141.0391954
200,402,141.0432613
200,403,141.0473272
200,404,141.0503972
200,405,141.0534672
200,406,141.0555421
200,407,141.0576169
200,408,141.0591151
200,409,141.0606133
200,410,141.0656714
200,411,141.0702908
200,412,141.0749102
200,413,141.0809625
200,414,141.0870148
200,415,141.092916
200,416,141.0988171
200,417,141.1034904
200,418,141.1081637
200,419,141.1122703
200,420,141.1163768
200,421,141.1271692
200,422,141.1353523
200,423,141.1435353
200,424,141.1542159
200,425,141.1648965
200,426,141.1760913
200,427,141.1872861
200,428,141.196985
200,429,141.2066839
200,430,141.2210074
200,431,141.2265106
200,432,141.2320138
200,433,141.2383663
200,434,141.2447188
200,435,141.2527234
200,436,141.260728
200,437,141.2682711
200,438,141.2758142
200,439,141.2813463
200,440,141.2868783
200,441,141.2960399
200,442,141.3012514
200,443,141.3064628
200,444,141.3127773
200,445,141.3190918
200,446,141.3264239
200,447,141.333756
200,448,141.3424679
200,449,141.3511798
200,450,141.3733061
200,451,141.3869569
200,452,141.4006077
200,453,141.4157125
200,454,141.4308172
200,455,141.4456318
200,456,141.4604463
200,457,141.47371
200,458,141.4869736
200,459,141.4993828
200,460,141.5117919
200,461,141.5387638
200,462,141.5542269
200,463,141.5696899
200,464,141.5865039
200,465,141.6033179
200,466,141.6199413
200,467,141.6365646
200,468,141.6521151
200,469,141.6676655
200,470,141.6982204
200,471,141.7141596
200,472,141.7300988
200,473,141.7463539
200,474,141.7626089
200,475,141.7783221
200,476,141.7940352
200,477,141.8090747
200,478,141.8241141
200,479,141.8529736
200,480,141.866355
200,481,141.8797364
200,482,141.8920206
200,483,141.9043048
200,484,141.9160604
200,485,141.927816
200,486,141.9390628
200,487,141.9503095
200,488,141.9696366
200,489,141.9771635
200,490,141.9846903
200,491,141.9913238
200,492,141.9979572
200,493,142.0045809
200,494,142.0112046
200,495,142.0169813
200,496,142.022758
200,497,142.0274937
200,498,142.0322293
200,499,142.0417526
200,500,142.0464581
200,501,142.0511635
200,502,142.0546216
200,503,142.0580797
200,504,142.0602483
200,505,142.0624169
200,506,142.064327
200,507,142.0662371
200,508,142.0703779
200,509,142.0728485
200,510,142.075319
200,511,142.0793187
200,512,142.0833183
200,513,142.0889386
200,514,142.0945589
200,515,142.099679
200,516,142.104799
200,517,142.1114552
200,518,142.1145316
200,519,142.117608
200,520,142.1229505
200,521,142.1282929
200,522,142.1367658
200,523,142.1452387
200,524,142.155139
200,525,142.1650393
200,526,142.1833615
200,527,142.1915884
200,528,142.1998153
200,529,142.2076317
200,530,142.2154481
200,531,142.222096
200,532,142.2287439
200,533,142.2336493
200,534,142.2385546
200,535,142.2471757
200,536,142.2520726
200,537,142.2569694
200,538,142.2625726
200,539,142.2681758
200,540,142.2749306
200,541,142.2816853
200,542,142.2902511
200,543,142.2988168
200,544,142.3181222
200,545,142.3274885
200,546,142.3368548
200,547,142.3454713
200,548,142.3540877
200,549,142.3620328
200,550,142.3699778
200,551,142.3773211
200,552,142.3846644
200,553,142.3987084
200,554,142.4056679
200,555,142.4126273
200,556,142.4195841
200,557,142.4265409
200,558,142.4335047
200,559,142.4404685
200,560,142.447353
200,561,142.4542374
200,562,142.4679275
200,563,142.4751161
200,564,142.4823046
200,565,142.490807
200,566,142.4993094
200,567,142.5103247
200,568,142.52134
200,569,142.5346472
200,570,142.5479544
200,571,142.5760744
200,572,142.5902729
200,573,142.6044713
200,574,142.6189559
200,575,142.6334405
200,576,142.6476324
200,577,142.6618242
200,578,142.6754287
200,579,142.6890332
200,580,142.7156277
200,581,142.7283272
200,582,142.7410266
200,583,142.7528739
200,584,142.7647211
200,585,142.7756312
200,586,142.7865412
200,587,142.7956932
200,588,142.8048451
200,589,142.8177017
200,590,142.8215938
200,591,142.8254859
200,592,142.8281592
200,593,142.8308325
200,594,142.8334633
200,595,142.8360941
200,596,142.8392844
200,597,142.8424746
200,598,142.8505794
200,599,142.8553182
250,0,0
250,1,16.34202466
250,2,33.94848387
250,3,48.47905054
250,4,56.91422268
250,5,60.34203359
250,6,63.7698445
250,7,66.4335489
250,8,69.0972533
250,9,73.17558129
250,10,74.7512408
250,11,76.32690031
250,12,77.57731222
250,13,78.82772413
250,14,80.88194749
250,15,81.75304106
250,16,82.62413462
250,17,83.38150388
250,18,84.13887314
250,19,85.48192202
250,20,86.08679096
250,21,86.69165989
250,22,87.24163638
250,23,87.79161287
250,24,88.29236554
250,25,88.7931182
250,26,89.24932944
250,27,89.70554067
250,28,90.54343547
250,29,90.93083171
250,30,91.31822795
250,31,91.67513797
250,32,92.03204799
250,33,92.35913793
250,34,92.68622786
250,35,92.98668411
250,36,93.28714035
250,37,93.56536139
250,38,93.84358243
250,39,94.36437076
250,40,94.61008049
250,41,94.85579021
250,42,95.08752097
250,43,95.31925173
250,44,95.53678724
250,45,95.75432274
250,46,95.95917937
250,47,96.16403599
250,48,96.35866735
250,49,96.5532987
250,50,96.92310627
250,51,97.09792953
250,52,97.27275279
250,53,97.43929973
250,54,97.60584666
250,55,97.76637545
250,56,97.92690424
250,57,98.08123486
250,58,98.23556548
250,59,98.38295829
250,60,98.53035109
250,61,98.67204329
250,62,98.81373548
250,63,99.08822452
250,64,99.2201725
250,65,99.35212048
250,66,99.47765101
250,67,99.60318153
250,68,99.72230259
250,69,99.84142365
250,70,99.95493618
250,71,100.0684487
250,72,100.1784633
250,73,100.2884779
250,74,100.5063148
250,75,100.614418
250,76,100.7225211
250,77,100.8280488
250,78,100.9335764
250,79,101.0346779
250,80,101.1357794
250,81,101.2319379
250,82,101.3280964
250,83,101.4200006
250,84,101.5119048
250,85,101.6003935
250,86,101.6888822
250,87,101.8608965
250,88,101.9453209
250,89,102.0297453
250,90,102.1121678
250,91,102.1945902
250,92,102.274124
250,93,102.3536578
250,94,102.4307584
250,95,102.507859
250,96,102.5831229
250,97,102.6583868
250,98,102.8052152
250,99,102.8769679
250,100,102.9487205
250,101,103.0190335
250,102,103.0893464
250,103,103.1586435
250,104,103.2279405
250,105,103.2961152
250,106,103.3642899
250,107,103.4296345
250,108,103.4949791
250,109,103.556552
250,110,103.6181248
250,111,103.7373864
250,112,103.7971034
250,113,103.8568203
250,114,103.9163454
250,115,103.9758704
250,116,104.0339693
250,117,104.0920681
250,118,104.1487623
250,119,104.2054565
250,120,104.2622049
250,121,104.3189532
250,122,104.3770351
250,123,104.4351169
250,124,104.5515838
250,125,104.6065149
250,126,104.6614459
250,127,104.7114132
250,128,104.7613804
250,129,104.8080077
250,130,104.854635
250,131,104.8995839
250,132,104.9445328
250,133,104.9886041
250,134,105.0326753
250,135,105.1215747
250,136,105.167039
250,137,105.2125032
250,138,105.2582373
250,139,105.3039713
250,140,105.3493642
250,141,105.394757
250,142,105.4400022
250,143,105.4852474
250,144,105.5304743
250,145,105.5757012
250,146,105.6204538
250,147,105.6652064
250,148,105.7520216
250,149,105.7941053
250,150,105.836189
250,151,105.8786212
250,152,105.9210534
250,153,105.9644286
250,154,106.0078038
250,155,106.0504135
250,156,106.0930231
250,157,106.1333628
250,158,106.1737025
250,159,106.2107383
250,160,106.247774
250,161,106.3146299
250,162,106.3464732
250,163,106.3783165
250,164,106.4111025
250,165,106.4438885
250,166,106.4788289
250,167,106.5137692
250,168,106.5510107
250,169,106.5882522
250,170,106.626436
250,171,106.6646198
250,172,106.7013617
250,173,106.7381036
250,174,106.8057744
250,175,106.836915
250,176,106.8680556
250,177,106.8972884
250,178,106.9265211
250,179,106.9546355
250,180,106.9827499
250,181,107.0107763
250,182,107.0388027
250,183,107.0672153
250,184,107.0956278
250,185,107.1241869
250,186,107.1527459
250,187,107.2098938
250,188,107.2387356
250,189,107.2675773
250,190,107.2976211
250,191,107.3276649
250,192,107.3594857
250,193,107.3913064
250,194,107.423239
250,195,107.4551716
250,196,107.484507
250,197,107.5138424
250,198,107.5663969
250,199,107.5919404
250,200,107.6174838
250,201,107.6441262
250,202,107.6707686
250,203,107.6972129
250,204,107.7236572
250,205,107.7475525
250,206,107.7714477
250,207,107.7929245
250,208,107.8144013
250,209,107.8356459
250,210,107.8568904
250,211,107.9013834
250,212,107.9240956
250,213,107.9468078
250,214,107.9699508
250,215,107.9930938
250,216,108.0179464
250,217,108.042799
250,218,108.0696029
250,219,108.0964068
250,220,108.1236689
250,221,108.1509309
250,222,108.1770178
250,223,108.2031047
250,224,108.2510739
250,225,108.2731481
250,226,108.2952223
250,227,108.3167259
250,228,108.3382295
250,229,108.3603996
250,230,108.3825696
250,231,108.4052222
250,232,108.4278748
250,233,108.4503226
250,234,108.4727703
250,235,108.4957976
250,236,108.5188248
250,237,108.5684543
250,238,108.5942393
250,239,108.6200243
250,240,108.6442315
250,241,108.6684387
250,242,108.6891783
250,243,108.7099179
250,244,108.7285989
250,245,108.7472799
250,246,108.767624
250,247,108.7879681
250,248,108.834216
250,249,108.8578628
250,250,108.8815096
250,251,108.9039094
250,252,108.9263092
250,253,108.9469427
250,254,108.9675761
250,255,108.9859458
250,256,109.0043154
250,257,109.0211882
250,258,109.0380609
250,259,109.0552707
250,260,109.0724805
250,261,109.108027
250,262,109.1251419
250,263,109.1422567
250,264,109.1583607
250,265,109.1744647
250,266,109.1904102
250,267,109.2063556
250,268,109.2224927
250,269,109.2386298
250,270,109.2541594
250,271,109.2696889
250,272,109.2841314
250,273,109.2985739
250,274,109.3272155
250,275,109.3427281
250,276,109.3582407
250,277,109.3743993
250,278,109.3905579
250,279,109.405629
250,280,109.4207
250,281,109.4344292
250,282,109.4481584
250,283,109.46106
250,284,109.4739615
250,285,109.4968548
250,286,109.5063487
250,287,109.5158425
250,288,109.5242434
250,289,109.5326443
250,290,109.5408293
250,291,109.5490142
250,292,109.5575881
250,293,109.5661619
250,294,109.5763272
250,295,109.5864924
250,296,109.5989026
250,297,109.6113128
250,298,109.6380443
250,299,109.65041
250,300,109.6627756
250,301,109.673871
250,302,109.6849664
250,303,109.6954178
250,304,109.7058691
250,305,109.7153034
250,306,109.7247377
250,307,109.7329904
250,308,109.7412431
250,309,109.7491238
250,310,109.7570044
250,311,109.7733841
250,312,109.7818262
250,313,109.7902682
250,314,109.7981847
250,315,109.8061011
250,316,109.8131579
250,317,109.8202146
250,318,109.8271817
250,319,109.8341487
250,320,109.8418379
250,321,109.849527
250,322,109.8665757
250,323,109.8754811
250,324,109.8843865
250,325,109.8931255
250,326,109.9018644
250,327,109.9097801
250,328,109.9176957
250,329,109.9236414
250,330,109.9295871
250,331,109.9332973
250,332,109.9370074
250,333,109.9407367
250,334,109.9444659
250,335,109.9562701
250,336,109.9627729
250,337,109.9692756
250,338,109.973518
250,339,109.9777603
250,340,109.9794967
250,341,109.9812331
250,342,109.9817276
250,343,109.9822221
250,344,109.9820568
250,345,109.9818914
250,346,109.9807132
250,347,109.9795349
250,348,109.9744917
250,349,109.9716098
250,350,109.9687278
250,351,109.9669674
250,352,109.9652069
250,353,109.9649936
250,354,109.9647802
250,355,109.9661474
250,356,109.9675145
250,357,109.9705122
250,358,109.9735099
250,359,109.9809042
250,360,109.9837917
250,361,109.9866792
250,362,109.9880586
250,363,109.9894379
250,364,109.9901175
250,365,109.9907971
250,366,109.9925383
250,367,109.9942794
250,368,109.9975068
250,369,110.0007341
250,370,110.0036697
250,371,110.0066052
250,372,110.0080796
250,373,110.0061823
250,374,110.004285
250,375,110.0009028
250,376,109.9975205
250,377,109.9946434
250,378,109.9917663
250,379,109.9907673
250,380,109.9897682
250,381,109.9904439
250,382,109.9911196
250,383,109.9931599
250,384,109.9933369
250,385,109.9935138
250,386,109.9925342
250,387,109.9915546
250,388,109.9899242
250,389,109.9882937
250,390,109.986638
250,391,109.9849823
250,392,109.9834315
250,393,109.9818806
250,394,109.9804842
250,395,109.9790877
250,396,109.9764737
250,397,109.9749625
250,398,109.9734513
250,399,109.9720114
250,400,109.9705714
250,401,109.9700071
250,402,109.9694428
250,403,109.9699368
250,404,109.9704307
250,405,109.9706126
250,406,109.9707944
250,407,109.9678448
250,408,109.9658514
250,409,109.9638579
250,410,109.9636554
250,411,109.9634528
250,412,109.9653894
250,413,109.967326
250,414,109.9693671
250,415,109.9714081
250,416,109.9716699
250,417,109.9719316
250,418,109.9706346
250,419,109.9693376
250,420,109.965968
250,421,109.964382
250,422,109.9627959
250,423,109.9613135
250,424,109.959831
250,425,109.9585434
250,426,109.9572557
250,427,109.956436
250,428,109.9556162
250,429,109.9553193
250,430,109.9550224
250,431,109.9537379
250,432,109.9515072
250,433,109.9492765
250,434,109.9451515
250,435,109.9410264
250,436,109.9358986
250,437,109.9307708
250,438,109.9261462
250,439,109.9215216
250,440,109.9181212
250,441,109.9147208
250,442,109.9115566
250,443,109.9083924
250,444,109.9009364
250,445,109.8975081
250,446,109.8940798
250,447,109.8918483
250,448,109.8896168
250,449,109.8887832
250,450,109.8879496
250,451,109.8884621
250,452,109.8889746
250,453,109.8898376
250,454,109.8907005
250,455,109.8903847
250,456,109.8888819
250,457,109.8873791
250,458,109.8847821
250,459,109.8821851
250,460,109.8786242
250,461,109.8750632
250,462,109.8712034
250,463,109.8673436
250,464,109.8644149
250,465,109.8614862
250,466,109.8575756
250,467,109.8549112
250,468,109.8522468
250,469,109.8477823
250,470,109.8433178
250,471,109.8376043
250,472,109.8318907
250,473,109.825928
250,474,109.8199653
250,475,109.814879
250,476,109.8097927
250,477,109.802432
250,478,109.7989427
250,479,109.7954533
250,480,109.7901392
250,481,109.784825
250,482,109.7771189
250,483,109.7694128
250,484,109.7615887
250,485,109.7537645
250,486,109.7489291
250,487,109.7440937
250,488,109.7429926
250,489,109.7418914
250,490,109.7442407
250,491,109.7455566
250,492,109.7468724
250,493,109.7465263
250,494,109.7461802
250,495,109.7434692
250,496,109.7407582
250,497,109.7359113
250,498,109.7310643
250,499,109.7248341
250,500,109.7186038
250,501,109.7057113
250,502,109.7006615
250,503,109.6956117
250,504,109.6934099
250,505,109.6912081
250,506,109.691627
250,507,109.6920458
250,508,109.6930811
250,509,109.6941163
250,510,109.6941051
250,511,109.6940939
250,512,109.691121
250,513,109.6877452
250,514,109.6843694
250,515,109.6792179
250,516,109.6740664
250,517,109.6691819
250,518,109.6642974
250,519,109.6620677
250,520,109.659838
250,521,109.6602766
250,522,109.6607152
250,523,109.6620482
250,524,109.6607854
250,525,109.6595225
250,526,109.656703
250,527,109.6538834
250,528,109.6513065
250,529,109.6487296
250,530,109.6471013
250,531,109.645473
250,532,109.6443699
250,533,109.6432667
250,534,109.6420793
250,535,109.6418032
250,536,109.6415271
250,537,109.6399859
250,538,109.6384446
250,539,109.6348055
250,540,109.6311663
250,541,109.6275513
250,542,109.6239363
250,543,109.6224603
250,544,109.6209843
250,545,109.6198962
250,546,109.6175123
250,547,109.6151284
250,548,109.6101728
250,549,109.6052172
250,550,109.6000107
250,551,109.5948042
250,552,109.5917318
250,553,109.5886594
250,554,109.5872511
250,555,109.5858428
250,556,109.5847646
250,557,109.5836864
250,558,109.5832501
250,559,109.5841559
250,560,109.5850617
250,561,109.584929
250,562,109.5847963
250,563,109.5825524
250,564,109.5803084
250,565,109.5784079
250,566,109.5765074
250,567,109.5775712
250,568,109.579632
250,569,109.5816928
250,570,109.5836274
250,571,109.585562
250,572,109.5870469
250,573,109.5885318
250,574,109.5905181
250,575,109.5925043
250,576,109.5957622
250,577,109.5990201
250,578,109.606313
250,579,109.6087193
250,580,109.6111255
250,581,109.611863
250,582,109.6126005
250,583,109.6123717
250,584,109.6121428
250,585,109.6114793
250,586,109.6108157
250,587,109.6094946
250,588,109.6081735
250,589,109.6040765
250,590,109.6022442
250,591,109.6004119
250,592,109.599258
250,593,109.5981041
250,594,109.5966996
250,595,109.5952951
250,596,109.5934584
250,597,109.5916217
250,598,109.5907458
250,599,109.5898698
300,0,0
300,1,14.96906261
300,2,30.67113648
300,3,39.51200379
300,4,47.36414216
300,5,53.68358189
300,6,56.07433871
300,7,58.46509552
300,8,61.97985912
300,9,63.27115023
300,10,64.56244134
300,11,65.53455395
300,12,66.50666655
300,13,67.26910921
300,14,68.03155187
300,15,69.2820344
300,16,69.8143509
300,17,70.34666739
300,18,70.81253447
300,19,71.27840155
300,20,71.69293935
300,21,72.10747714
300,22,72.47897993
300,23,72.85048272
300,24,73.51977705
300,25,73.82292924
300,26,74.12608142
300,27,74.40139275
300,28,74.67670408
300,29,74.92692276
300,30,75.17714144
300,31,75.40515167
300,32,75.6331619
300,33,75.84252808
300,34,76.05189425
300,35,76.43964257
300,36,76.61921266
300,37,76.79878275
300,38,76.96481702
300,39,77.13085129
300,40,77.28468864
300,41,77.43852599
300,42,77.58136199
300,43,77.72419798
300,44,77.85761471
300,45,77.99103143
300,46,78.24270861
300,47,78.36169633
300,48,78.48068405
300,49,78.59256051
300,50,78.70443696
300,51,78.80978429
300,52,78.91513162
300,53,79.01582842
300,54,79.11652521
300,55,79.21376667
300,56,79.31100813
300,57,79.4975627
300,58,79.58611264
300,59,79.67466257
300,60,79.75835203
300,61,79.84204148
300,62,79.92124783
300,63,80.00045418
300,64,80.07595947
300,65,80.15146476
300,66,80.2233258
300,67,80.29518683
300,68,80.43056764
300,69,80.49458683
300,70,80.55860601
300,71,80.61949472
300,72,80.68038342
300,73,80.73758906
300,74,80.79479469
300,75,80.84812824
300,76,80.90146178
300,77,80.9519764
300,78,81.00249102
300,79,81.10162213
300,80,81.15120685
300,81,81.20079157
300,82,81.24867394
300,83,81.29655631
300,84,81.34064907
300,85,81.38474182
300,86,81.42590191
300,87,81.46706199
300,88,81.50771182
300,89,81.54836165
300,90,81.5897255
300,91,81.63108934
300,92,81.71390638
300,93,81.75333249
300,94,81.79275859
300,95,81.82913894
300,96,81.86551929
300,97,81.90008762
300,98,81.93465595
300,99,81.96897772
300,100,82.00329948
300,101,82.03731425
300,102,82.07132902
300,103,82.13564198
300,104,82.16538374
300,105,82.1951255
300,106,82.22441836
300,107,82.25371122
300,108,82.28405714
300,109,82.31440306
300,110,82.34463224
300,111,82.37486142
300,112,82.40354218
300,113,82.43222294
300,114,82.45890256
300,115,82.48558217
300,116,82.53365109
300,117,82.55510204
300,118,82.57655298
300,119,82.59717274
300,120,82.61779249
300,121,82.63987043
300,122,82.66194836
300,123,82.68722501
300,124,82.71250166
300,125,82.74105814
300,126,82.76961462
300,127,82.79875201
300,128,82.8278894
300,129,82.8800008
300,130,82.90253724
300,131,82.92507368
300,132,82.94701313
300,133,82.96895257
300,134,82.9920999
300,135,83.01524722
300,136,83.03857282
300,137,83.06189841
300,138,83.08420974
300,139,83.10652107
300,140,83.15024469
300,141,83.17213435
300,142,83.19402401
300,143,83.21495198
300,144,83.23587995
300,145,83.25495802
300,146,83.27403608
300,147,83.29100586
300,148,83.30797563
300,149,83.32311361
300,150,83.33825159
300,151,83.35267193
300,152,83.36709227
300,153,83.39724109
300,154,83.41419911
300,155,83.43115712
300,156,83.44990805
300,157,83.46865897
300,158,83.4866636
300,159,83.50466823
300,160,83.51937712
300,161,83.53408601
300,162,83.54629634
300,163,83.55850667
300,164,83.57169171
300,165,83.58487675
300,166,83.61795227
300,167,83.63688785
300,168,83.65582342
300,169,83.67433047
300,170,83.69283751
300,171,83.70896051
300,172,83.72508351
300,173,83.73840271
300,174,83.75172191
300,175,83.76265523
300,176,83.77358855
300,177,83.79323474
300,178,83.80342217
300,179,83.81360959
300,180,83.82447206
300,181,83.83533453
300,182,83.84610305
300,183,83.85687157
300,184,83.8668809
300,185,83.87689022
300,186,83.88666626
300,187,83.89644229
300,188,83.90714456
300,189,83.91784682
300,190,83.94142641
300,191,83.95384077
300,192,83.96625513
300,193,83.9795258
300,194,83.99279647
300,195,84.00690549
300,196,84.0210145
300,197,84.03440229
300,198,84.04779007
300,199,84.0592226
300,200,84.07065513
300,201,84.09110429
300,202,84.10149029
300,203,84.11187629
300,204,84.12307718
300,205,84.13427807
300,206,84.1462832
300,207,84.15828833
300,208,84.17159682
300,209,84.1849053
300,210,84.19979031
300,211,84.21467531
300,212,84.22871881
300,213,84.2427623
300,214,84.26392267
300,215,84.27215744
300,216,84.28039221
300,217,84.28871039
300,218,84.29702857
300,219,84.30544153
300,220,84.31385448
300,221,84.32104062
300,222,84.32822675
300,223,84.33412565
300,224,84.34002454
300,225,84.34601976
300,226,84.35201498
300,227,84.36713302
300,228,84.37679167
300,229,84.38645032
300,230,84.39732001
300,231,84.40818969
300,232,84.41868632
300,233,84.42918294
300,234,84.4384782
300,235,84.44777346
300,236,84.45563179
300,237,84.46349011
300,238,84.47671324
300,239,84.48362829
300,240,84.49054333
300,241,84.49947139
300,242,84.50839944
300,243,84.51882503
300,244,84.52925062
300,245,84.53894177
300,246,84.54863292
300,247,84.55630582
300,248,84.56397872
300,249,84.57038951
300,250,84.5768003
300,251,84.58998562
300,252,84.59740485
300,253,84.60482408
300,254,84.61259604
300,255,84.62036799
300,256,84.62734294
300,257,84.63431789
300,258,84.63963661
300,259,84.64495532
300,260,84.64882096
300,261,84.6526866
300,262,84.65599391
300,263,84.65930122
300,264,84.66722139
300,265,84.67331128
300,266,84.67940116
300,267,84.68790535
300,268,84.69640954
300,269,84.70513353
300,270,84.71385751
300,271,84.71978179
300,272,84.72570606
300,273,84.72865377
300,274,84.73160148
300,275,84.73784203
300,276,84.74273938
300,277,84.74763672
300,278,84.75257012
300,279,84.75750351
300,280,84.76152127
300,281,84.76553903
300,282,84.76958189
300,283,84.77362475
300,284,84.77787357
300,285,84.78212238
300,286,84.78577788
300,287,84.78943338
300,288,84.79442685
300,289,84.79530452
300,290,84.79618219
300,291,84.79583576
300,292,84.79548932
300,293,84.79572715
300,294,84.79596498
300,295,84.79734465
300,296,84.79872432
300,297,84.79988745
300,298,84.80105057
300,299,84.80161414
300,300,84.80217771
300,301,84.80337348
300,302,84.80389527
300,303,84.80441705
300,304,84.80436718
300,305,84.80431731
300,306,84.8035741
300,307,84.80283088
300,308,84.80177085
300,309,84.80071081
300,310,84.80017519
300,311,84.79963957
300,312,84.80037529
300,313,84.80111101
300,314,84.80482613
300,315,84.80659446
300,316,84.80836278
300,317,84.80910311
300,318,84.80984343
300,319,84.81028799
300,320,84.81073255
300,321,84.81156748
300,322,84.8124024
300,323,84.81219485
300,324,84.81198729
300,325,84.80705244
300,326,84.8038654
300,327,84.80067836
300,328,84.79892004
300,329,84.79716172
300,330,84.79661883
300,331,84.79607594
300,332,84.79528611
300,333,84.79449627
300,334,84.79348827
300,335,84.79248027
300,336,84.79204508
300,337,84.79160988
300,338,84.79096433
300,339,84.78968499
300,340,84.78840564
300,341,84.78567741
300,342,84.78294918
300,343,84.77908171
300,344,84.77521424
300,345,84.77132809
300,346,84.76744193
300,347,84.76485162
300,348,84.7622613
300,349,84.76015247
300,350,84.75890266
300,351,84.75765284
300,352,84.75401384
300,353,84.75037483
300,354,84.74499674
300,355,84.73961865
300,356,84.73523677
300,357,84.73085489
300,358,84.72784289
300,359,84.72483088
300,360,84.72117754
300,361,84.7175242
300,362,84.70690255
300,363,84.70043252
300,364,84.69396248
300,365,84.68714476
300,366,84.68032703
300,367,84.67409779
300,368,84.66786854
300,369,84.66287509
300,370,84.65788164
300,371,84.65357223
300,372,84.64926282
300,373,84.64042735
300,374,84.6357733
300,375,84.63111925
300,376,84.62611961
300,377,84.62111997
300,378,84.6164176
300,379,84.61171523
300,380,84.60874217
300,381,84.6057691
300,382,84.60426189
300,383,84.60275467
300,384,84.60064781
300,385,84.59854094
300,386,84.59176905
300,387,84.58811298
300,388,84.5844569
300,389,84.58050901
300,390,84.57656112
300,391,84.57160556
300,392,84.56665
300,393,84.56082268
300,394,84.55499535
300,395,84.54852617
300,396,84.54205698
300,397,84.53522536
300,398,84.52839374
300,399,84.51604412
300,400,84.51181169
300,401,84.50757926
300,402,84.5057192
300,403,84.50385914
300,404,84.502572
300,405,84.50128485
300,406,84.49767825
300,407,84.49407165
300,408,84.48740146
300,409,84.48073127
300,410,84.4642558
300,411,84.45612844
300,412,84.44800108
300,413,84.44074219
300,414,84.43348329
300,415,84.42691304
300,416,84.42034279
300,417,84.41509312
300,418,84.40984344
300,419,84.40759615
300,420,84.40534885
300,421,84.40594385
300,422,84.40653884
300,423,84.40860478
300,424,84.40797847
300,425,84.40735216
300,426,84.40429975
300,427,84.40124734
300,428,84.39605732
300,429,84.39086729
300,430,84.38441445
300,431,84.37796161
300,432,84.37090005
300,433,84.36383849
300,434,84.34980632
300,435,84.34411474
300,436,84.33842316
300,437,84.33482821
300,438,84.33123325
300,439,84.32856689
300,440,84.32590053
300,441,84.32215682
300,442,84.3184131
300,443,84.31334029
300,444,84.30826748
300,445,84.3033449
300,446,84.29842231
300,447,84.29034619
300,448,84.28643954
300,449,84.28253289
300,450,84.27748924
300,451,84.27244558
300,452,84.26550727
300,453,84.25856896
300,454,84.25017241
300,455,84.24177585
300,456,84.23300453
300,457,84.22423321
300,458,84.20786563
300,459,84.20071097
300,460,84.1935563
300,461,84.18695718
300,462,84.18035806
300,463,84.17319655
300,464,84.16603504
300,465,84.15727979
300,466,84.14852454
300,467,84.1381772
300,468,84.12782985
300,469,84.10685215
300,470,84.09770862
300,471,84.08856508
300,472,84.08119395
300,473,84.07382282
300,474,84.06841733
300,475,84.06301183
300,476,84.05956383
300,477,84.05611582
300,478,84.05380487
300,479,84.05149391
300,480,84.04685085
300,481,84.04366384
300,482,84.04047682
300,483,84.0360215
300,484,84.03156618
300,485,84.02571407
300,486,84.01986196
300,487,84.01269457
300,488,84.00552718
300,489,83.99731106
300,490,83.98909494
300,491,83.98030482
300,492,83.9715147
300,493,83.9535455
300,494,83.94411208
300,495,83.93467865
300,496,83.92481236
300,497,83.91494606
300,498,83.90526361
300,499,83.89558116
300,500,83.88592026
300,501,83.87625935
300,502,83.8659629
300,503,83.85566645
300,504,83.83492751
300,505,83.82596451
300,506,83.8170015
300,507,83.80946001
300,508,83.80191852
300,509,83.79420192
300,510,83.78648531
300,511,83.77801219
300,512,83.76953907
300,513,83.76130907
300,514,83.75307907
300,515,83.73875749
300,516,83.73225198
300,517,83.72574647
300,518,83.71886428
300,519,83.71198208
300,520,83.70438567
300,521,83.69678926
300,522,83.68894457
300,523,83.68109987
300,524,83.67340343
300,525,83.66570699
300,526,83.64915492
300,527,83.6389266
300,528,83.62869828
300,529,83.61703476
300,530,83.60537123
300,531,83.59444904
300,532,83.58352684
300,533,83.57424184
300,534,83.56495683
300,535,83.55685001
300,536,83.54874318
300,537,83.534382
300,538,83.52805535
300,539,83.5217287
300,540,83.51580526
300,541,83.50988181
300,542,83.50368654
300,543,83.49749127
300,544,83.49145702
300,545,83.48542276
300,546,83.48082717
300,547,83.47623157
300,548,83.46844953
300,549,83.46316138
300,550,83.45787323
300,551,83.45108385
300,552,83.44429447
300,553,83.4371685
300,554,83.43004253
300,555,83.4226231
300,556,83.41520366
300,557,83.40721618
300,558,83.3992287
300,559,83.38353031
300,560,83.37633439
300,561,83.36913846
300,562,83.36225181
300,563,83.35536516
300,564,83.34882277
300,565,83.34228037
300,566,83.33644126
300,567,83.33060215
300,568,83.32493284
300,569,83.31926353
300,570,83.30637171
300,571,83.29896302
300,572,83.29155432
300,573,83.28350708
300,574,83.27545984
300,575,83.26724711
300,576,83.25903438
300,577,83.25147421
300,578,83.24391404
300,579,83.23735121
300,580,83.23078837
300,581,83.21898694
300,582,83.21417125
300,583,83.20935556
300,584,83.20597939
300,585,83.20260321
300,586,83.19879572
300,587,83.19498823
300,588,83.18865265
300,589,83.18231706
300,590,83.17495285
300,591,83.16758863
300,592,83.158126
300,593,83.15685013
300,594,83.15557425
300,595,83.15503418
300,596,83.15449411
300,597,83.15198628
300,598,83.14947844
300,599,83.14426448
350,0,0
350,1,4.13267369
350,2,11.83384182
350,3,22.31869359
350,4,33.93489233
350,5,40.6733882
350,6,43.26372978
350,7,45.85407136
350,8,49.54790656
350,9,50.83095752
350,10,52.11400848
350,11,53.01700249
350,12,53.9199965
350,13,55.24397008
350,14,55.75647163
350,15,56.26897317
350,16,56.68952348
350,17,57.11007378
350,18,57.47247221
350,19,57.83487064
350,20,58.4730861
350,21,58.75635063
350,22,59.03961516
350,23,59.29462013
350,24,59.54962509
350,25,59.78054891
350,26,60.01147272
350,27,60.21981744
350,28,60.42816215
350,29,60.61680807
350,30,60.80545398
350,31,61.14378355
350,32,61.29007202
350,33,61.43636048
350,34,61.56197928
350,35,61.68759807
350,36,61.79993822
350,37,61.91227836
350,38,62.01603201
350,39,62.11978566
350,40,62.21595941
350,41,62.31213315
350,42,62.39891783
350,43,62.48570251
350,44,62.63968758
350,45,62.70952557
350,46,62.77936355
350,47,62.84181591
350,48,62.90426827
350,49,62.95946913
350,50,63.01466998
350,51,63.06698845
350,52,63.11930691
350,53,63.1697736
350,54,63.22024029
350,55,63.26710045
350,56,63.3139606
350,57,63.40270961
350,58,63.44607698
350,59,63.48944434
350,60,63.53138939
350,61,63.57333444
350,62,63.61307881
350,63,63.65282317
350,64,63.69202171
350,65,63.73122025
350,66,63.7714704
350,67,63.81172055
350,68,63.85045804
350,69,63.88919552
350,70,63.92297752
350,71,63.95675952
350,72,64.01307918
350,73,64.03756497
350,74,64.06205076
350,75,64.0854124
350,76,64.10877404
350,77,64.13197069
350,78,64.15516733
350,79,64.17693654
350,80,64.19870575
350,81,64.21812792
350,82,64.23755008
350,83,64.25567106
350,84,64.27379203
350,85,64.30808667
350,86,64.32412153
350,87,64.34015638
350,88,64.35674384
350,89,64.37333129
350,90,64.39007848
350,91,64.40682567
350,92,64.42069633
350,93,64.43456699
350,94,64.44646216
350,95,64.45835733
350,96,64.47161346
350,97,64.48486958
350,98,64.49984252
350,99,64.51481545
350,100,64.54483539
350,101,64.55813778
350,102,64.57144017
350,103,64.5810965
350,104,64.59075282
350,105,64.59644321
350,106,64.6021336
350,107,64.60585532
350,108,64.60957704
350,109,64.61348512
350,110,64.6173932
350,111,64.62381009
350,112,64.63022698
350,113,64.64821365
350,114,64.65702729
350,115,64.66584093
350,116,64.67220917
350,117,64.6785774
350,118,64.68203334
350,119,64.68548928
350,120,64.68779705
350,121,64.69010481
350,122,64.69324176
350,123,64.6963787
350,124,64.70162521
350,125,64.70687172
350,126,64.71450693
350,127,64.72214214
350,128,64.73870964
350,129,64.74468424
350,130,64.75065884
350,131,64.75175363
350,132,64.75284841
350,133,64.75070603
350,134,64.74856364
350,135,64.74791928
350,136,64.74727491
350,137,64.74934604
350,138,64.75141717
350,139,64.75447287
350,140,64.75752857
350,141,64.76123759
350,142,64.76494661
350,143,64.77382234
350,144,64.7779649
350,145,64.78210745
350,146,64.78581542
350,147,64.78952339
350,148,64.79415351
350,149,64.79878363
350,150,64.80545634
350,151,64.81212905
350,152,64.82003832
350,153,64.82794758
350,154,64.83455432
350,155,64.84116106
350,156,64.8494479
350,157,64.85302281
350,158,64.85659771
350,159,64.86247025
350,160,64.86834278
350,161,64.87696832
350,162,64.88559385
350,163,64.89404646
350,164,64.90249907
350,165,64.90837207
350,166,64.91424507
350,167,64.91869199
350,168,64.92313891
350,169,64.92762825
350,170,64.93211758
350,171,64.94050877
350,172,64.94408117
350,173,64.94765356
350,174,64.95017928
350,175,64.95270499
350,176,64.9530155
350,177,64.95332601
350,178,64.9504247
350,179,64.94752338
350,180,64.94259696
350,181,64.93767053
350,182,64.93347172
350,183,64.92927291
350,184,64.92565596
350,185,64.92203901
350,186,64.91076274
350,187,64.90331641
350,188,64.89587007
350,189,64.89000032
350,190,64.88413057
350,191,64.88205561
350,192,64.87998064
350,193,64.88027136
350,194,64.88056207
350,195,64.87947931
350,196,64.87839655
350,197,64.87393202
350,198,64.86946749
350,199,64.85862224
350,200,64.8562782
350,201,64.85393415
350,202,64.85543988
350,203,64.8569456
350,204,64.85908015
350,205,64.8612147
350,206,64.8601423
350,207,64.8590699
350,208,64.85447607
350,209,64.84988224
350,210,64.84627863
350,211,64.84267502
350,212,64.84343197
350,213,64.84418892
350,214,64.84921722
350,215,64.85085031
350,216,64.8524834
350,217,64.85403141
350,218,64.85557942
350,219,64.85638754
350,220,64.85719565
350,221,64.85532012
350,222,64.85344458
350,223,64.85024622
350,224,64.84704786
350,225,64.84458804
350,226,64.84212821
350,227,64.83960612
350,228,64.83708402
350,229,64.83305609
350,230,64.83291092
350,231,64.83276574
350,232,64.83221237
350,233,64.831659
350,234,64.8288003
350,235,64.82594159
350,236,64.8223956
350,237,64.81884961
350,238,64.81673392
350,239,64.81461823
350,240,64.81281494
350,241,64.81101164
350,242,64.8059489
350,243,64.80088616
350,244,64.78497488
350,245,64.77831261
350,246,64.77165033
350,247,64.76821127
350,248,64.76477221
350,249,64.76240165
350,250,64.76003109
350,251,64.75461673
350,252,64.74920236
350,253,64.73992736
350,254,64.73065236
350,255,64.72020634
350,256,64.70976031
350,257,64.69943299
350,258,64.68910566
350,259,64.6691923
350,260,64.66015057
350,261,64.65110883
350,262,64.64296206
350,263,64.63481529
350,264,64.62842315
350,265,64.62203101
350,266,64.61838601
350,267,64.614741
350,268,64.61266974
350,269,64.61059848
350,270,64.60950845
350,271,64.60841841
350,272,64.6093129
350,273,64.61020738
350,274,64.61245983
350,275,64.60960216
350,276,64.60674448
350,277,64.59991343
350,278,64.59308238
350,279,64.58571732
350,280,64.57835226
350,281,64.57166309
350,282,64.56497391
350,283,64.55868947
350,284,64.55240502
350,285,64.54558497
350,286,64.53876492
350,287,64.53099435
350,288,64.52322378
350,289,64.50857601
350,290,64.50242483
350,291,64.49627365
350,292,64.49114257
350,293,64.48601149
350,294,64.48126846
350,295,64.47652543
350,296,64.47152339
350,297,64.46652134
350,298,64.46236717
350,299,64.458213
350,300,64.45471424
350,301,64.45121548
350,302,64.44506454
350,303,64.4389136
350,304,64.42218501
350,305,64.4162986
350,306,64.41041219
350,307,64.40677122
350,308,64.40313024
350,309,64.39675592
350,310,64.39038159
350,311,64.37889572
350,312,64.36740984
350,313,64.35345458
350,314,64.33949931
350,315,64.3276779
350,316,64.31585648
350,317,64.2987604
350,318,64.29136348
350,319,64.28396655
350,320,64.27699291
350,321,64.27001927
350,322,64.26312372
350,323,64.25622816
350,324,64.24901914
350,325,64.24181012
350,326,64.2349551
350,327,64.22810008
350,328,64.21965569
350,329,64.21121129
350,330,64.19938845
350,331,64.1875656
350,332,64.16137616
350,333,64.14879586
350,334,64.13621555
350,335,64.12613232
350,336,64.11604909
350,337,64.11114396
350,338,64.10623882
350,339,64.1047099
350,340,64.10318098
350,341,64.09973933
350,342,64.09629767
350,343,64.08818744
350,344,64.08007721
350,345,64.07006435
350,346,64.06005148
350,347,64.04269121
350,348,64.03383289
350,349,64.02497457
350,350,64.0141486
350,351,64.00332262
350,352,63.9903028
350,353,63.97728298
350,354,63.96262288
350,355,63.94796278
350,356,63.93488965
350,357,63.92181652
350,358,63.91184494
350,359,63.90187336
350,360,63.89248276
350,361,63.88309216
350,362,63.86316749
350,363,63.85384525
350,364,63.84452301
350,365,63.83493658
350,366,63.82535015
350,367,63.81283325
350,368,63.80031634
350,369,63.7855478
350,370,63.77077925
350,371,63.75754313
350,372,63.74430701
350,373,63.73455444
350,374,63.72480186
350,375,63.71667812
350,376,63.70855437
350,377,63.6869665
350,378,63.67089108
350,379,63.65481566
350,380,63.63782874
350,381,63.62084182
350,382,63.61013564
350,383,63.59942945
350,384,63.5943323
350,385,63.58923515
350,386,63.58387695
350,387,63.57851874
350,388,63.57199509
350,389,63.56547144
350,390,63.55200147
350,391,63.54357623
350,392,63.53515099
350,393,63.52509425
350,394,63.51503751
350,395,63.5043869
350,396,63.49373628
350,397,63.48321098
350,398,63.47268568
350,399,63.46231115
350,400,63.45193662
350,401,63.44105679
350,402,63.43017696
350,403,63.419552
350,404,63.40892704
350,405,63.38903583
350,406,63.37990965
350,407,63.37078347
350,408,63.36229271
350,409,63.35380194
350,410,63.34408809
350,411,63.33437424
350,412,63.32369035
350,413,63.31300645
350,414,63.30245834
350,415,63.29191022
350,416,63.28120783
350,417,63.27050543
350,418,63.26013318
350,419,63.24976092
350,420,63.2313635
350,421,63.22474355
350,422,63.2181236
350,423,63.21317102
350,424,63.20821843
350,425,63.20144561
350,426,63.19467278
350,427,63.18466191
350,428,63.17465104
350,429,63.16179191
350,430,63.14893278
350,431,63.13582098
350,432,63.12270918
350,433,63.11160564
350,434,63.10050209
350,435,63.08002021
350,436,63.06976354
350,437,63.05950686
350,438,63.04924297
350,439,63.03897908
350,440,63.02868007
350,441,63.01838106
350,442,63.00804455
350,443,62.99770804
350,444,62.98680739
350,445,62.97590673
350,446,62.96442438
350,447,62.95294203
350,448,62.93045373
350,449,62.92010582
350,450,62.90975791
350,451,62.89926176
350,452,62.8887656
350,453,62.87716109
350,454,62.86555658
350,455,62.85433339
350,456,62.84311019
350,457,62.83346995
350,458,62.8238297
350,459,62.81461986
350,460,62.80541001
350,461,62.79377453
350,462,62.78213904
350,463,62.75259511
350,464,62.73754429
350,465,62.72249346
350,466,62.70850026
350,467,62.69450706
350,468,62.68080735
350,469,62.66710763
350,470,62.65342061
350,471,62.63973358
350,472,62.62718454
350,473,62.61463549
350,474,62.60373428
350,475,62.59283306
350,476,62.58140513
350,477,62.5699772
350,478,62.54606856
350,479,62.53524833
350,480,62.5244281
350,481,62.51231296
350,482,62.50019781
350,483,62.48433679
350,484,62.46847577
350,485,62.45151379
350,486,62.43455181
350,487,62.42025689
350,488,62.40596197
350,489,62.39537395
350,490,62.38478592
350,491,62.36935924
350,492,62.36208381
350,493,62.35480838
350,494,62.34445897
350,495,62.33410955
350,496,62.3204512
350,497,62.30679284
350,498,62.29378617
350,499,62.2807795
350,500,62.26976151
350,501,62.25874351
350,502,62.24793577
350,503,62.23712802
350,504,62.22607841
350,505,62.21502879
350,506,62.19362034
350,507,62.18443933
350,508,62.17525831
350,509,62.16713645
350,510,62.15901459
350,511,62.15006844
350,512,62.14112228
350,513,62.13109965
350,514,62.12107702
350,515,62.1100665
350,516,62.09905598
350,517,62.08708527
350,518,62.07511456
350,519,62.05088088
350,520,62.03992747
350,521,62.02897405
350,522,62.01957936
350,523,62.01018466
350,524,62.00117486
350,525,61.99216505
350,526,61.98366748
350,527,61.97516991
350,528,61.96874213
350,529,61.96231435
350,530,61.95634012
350,531,61.95036589
350,532,61.93036233
350,533,61.91637525
350,534,61.90238817
350,535,61.88850392
350,536,61.87461966
350,537,61.86158365
350,538,61.84854763
350,539,61.83596906
350,540,61.82339048
350,541,61.8127719
350,542,61.80215332
350,543,61.79442728
350,544,61.78670123
350,545,61.78187078
350,546,61.77704033
350,547,61.76857575
350,548,61.76129285
350,549,61.75400994
350,550,61.74308672
350,551,61.73216349
350,552,61.7198223
350,553,61.70748111
350,554,61.69626395
350,555,61.68504678
350,556,61.67646674
350,557,61.6678867
350,558,61.66130478
350,559,61.65472286
350,560,61.64239955
350,561,61.6353585
350,562,61.62831745
350,563,61.61865231
350,564,61.60898717
350,565,61.59655683
350,566,61.58412649
350,567,61.57099352
350,568,61.55786055
350,569,61.54553184
350,570,61.53320313
350,571,61.52242786
350,572,61.51165258
350,573,61.49415524
350,574,61.48725718
350,575,61.48035912
350,576,61.47449859
350,577,61.46863806
350,578,61.46394697
350,579,61.45925588
350,580,61.45502477
350,581,61.45079366
350,582,61.44330136
350,583,61.43580905
350,584,61.42489044
350,585,61.41397182
350,586,61.39304316
350,587,61.3839401
350,588,61.37483704
350,589,61.36691414
350,590,61.35899123
350,591,61.35245318
350,592,61.34591513
350,593,61.33878626
350,594,61.33165738
350,595,61.32314419
350,596,61.314631
350,597,61.30615924
350,598,61.29768748
350,599,61.27961921
400,0,0
400,1,4.159777903
400,2,15.43415209
400,3,25.63935405
400,4,31.99450079
400,5,34.48744992
400,6,36.98039904
400,7,40.48265537
400,8,41.63991333
400,9,42.79717128
400,10,44.29361526
400,11,44.78710157
400,12,45.28058788
400,13,45.62847664
400,14,45.9763654
400,15,46.24256099
400,16,46.50875658
400,17,46.94343186
400,18,47.13108759
400,19,47.31874332
400,20,47.48819351
400,21,47.6576437
400,22,47.8112365
400,23,47.96482929
400,24,48.10033518
400,25,48.23584106
400,26,48.35323766
400,27,48.47063426
400,28,48.57308554
400,29,48.67553682
400,30,48.85519017
400,31,48.93342461
400,32,49.01165904
400,33,49.08042254
400,34,49.14918604
400,35,49.20892133
400,36,49.26865661
400,37,49.3175736
400,38,49.36649058
400,39,49.40507467
400,40,49.44365876
400,41,49.47687061
400,42,49.51008245
400,43,49.54319636
400,44,49.57631026
400,45,49.64023603
400,46,49.66474755
400,47,49.68925907
400,48,49.70561706
400,49,49.72197504
400,50,49.73663008
400,51,49.75128511
400,52,49.76636318
400,53,49.78144125
400,54,49.79450161
400,55,49.80756196
400,56,49.81869231
400,57,49.82982265
400,58,49.84070259
400,59,49.85158252
400,60,49.87279383
400,61,49.88151146
400,62,49.89022909
400,63,49.89654296
400,64,49.90285683
400,65,49.90830339
400,66,49.91374994
400,67,49.91996682
400,68,49.9261837
400,69,49.93299865
400,70,49.9398136
400,71,49.94502664
400,72,49.95023967
400,73,49.95296266
400,74,49.95568565
400,75,49.96128377
400,76,49.96515677
400,77,49.96902976
400,78,49.97122783
400,79,49.9734259
400,80,49.9726687
400,81,49.97191149
400,82,49.96989281
400,83,49.96787413
400,84,49.96632405
400,85,49.96477396
400,86,49.96174546
400,87,49.95871696
400,88,49.95101823
400,89,49.9433195
400,90,49.92910977
400,91,49.92934441
400,92,49.92957905
400,93,49.93401241
400,94,49.93844576
400,95,49.94187853
400,96,49.94531129
400,97,49.94658966
400,98,49.94786802
400,99,49.94816884
400,100,49.94846965
400,101,49.94882244
400,102,49.94917522
400,103,49.95008674
400,104,49.95099826
400,105,49.95631974
400,106,49.95981518
400,107,49.96331062
400,108,49.96584306
400,109,49.9683755
400,110,49.96998044
400,111,49.97158537
400,112,49.97133432
400,113,49.97108327
400,114,49.96850322
400,115,49.96592316
400,116,49.96408822
400,117,49.96225327
400,118,49.96322598
400,119,49.96419869
400,120,49.96747427
400,121,49.96820184
400,122,49.96892941
400,123,49.96957224
400,124,49.97021507
400,125,49.97205028
400,126,49.97388548
400,127,49.97693703
400,128,49.97998858
400,129,49.9802377
400,130,49.98048681
400,131,49.9746824
400,132,49.96887799
400,133,49.96014841
400,134,49.95141883
400,135,49.93889479
400,136,49.93752475
400,137,49.9361547
400,138,49.93811274
400,139,49.94007077
400,140,49.94183759
400,141,49.9436044
400,142,49.94329344
400,143,49.94298248
400,144,49.94232348
400,145,49.94166448
400,146,49.94286099
400,147,49.94405749
400,148,49.94630343
400,149,49.94854936
400,150,49.95003888
400,151,49.94807656
400,152,49.94611423
400,153,49.94193181
400,154,49.93774939
400,155,49.932479
400,156,49.9272086
400,157,49.92377893
400,158,49.92034925
400,159,49.92094236
400,160,49.92153546
400,161,49.92480412
400,162,49.92807277
400,163,49.93252284
400,164,49.9369729
400,165,49.94557294
400,166,49.94751948
400,167,49.94946602
400,168,49.9480869
400,169,49.94670777
400,170,49.94152924
400,171,49.93635071
400,172,49.92877857
400,173,49.92120642
400,174,49.91602361
400,175,49.9108408
400,176,49.90979431
400,177,49.90874782
400,178,49.90885267
400,179,49.90895751
400,180,49.90787427
400,181,49.90679102
400,182,49.90397005
400,183,49.90498563
400,184,49.90600121
400,185,49.90936404
400,186,49.91272686
400,187,49.91485277
400,188,49.91697867
400,189,49.91543647
400,190,49.91389426
400,191,49.90994582
400,192,49.90599738
400,193,49.90250654
400,194,49.89901569
400,195,49.89659141
400,196,49.89416713
400,197,49.88936466
400,198,49.88645247
400,199,49.88354027
400,200,49.88005552
400,201,49.87657076
400,202,49.87267691
400,203,49.86878306
400,204,49.86435119
400,205,49.85991932
400,206,49.8554932
400,207,49.85106708
400,208,49.84754485
400,209,49.84402261
400,210,49.84048862
400,211,49.83695462
400,212,49.82789322
400,213,49.82333825
400,214,49.81878327
400,215,49.81540938
400,216,49.81203549
400,217,49.80937595
400,218,49.80671641
400,219,49.8037258
400,220,49.80073518
400,221,49.79871254
400,222,49.7966899
400,223,49.79759137
400,224,49.79849284
400,225,49.8002995
400,226,49.80210616
400,227,49.80123055
400,228,49.79871693
400,229,49.79620331
400,230,49.7929833
400,231,49.78976329
400,232,49.78679913
400,233,49.78383497
400,234,49.78102266
400,235,49.77821035
400,236,49.77365461
400,237,49.76909887
400,238,49.76226245
400,239,49.75542602
400,240,49.74854895
400,241,49.74167188
400,242,49.73631203
400,243,49.73095217
400,244,49.71958188
400,245,49.71122178
400,246,49.70286168
400,247,49.6951513
400,248,49.68744092
400,249,49.68462619
400,250,49.68181146
400,251,49.6803956
400,252,49.67897973
400,253,49.67426915
400,254,49.66955856
400,255,49.66187524
400,256,49.65419191
400,257,49.64536507
400,258,49.63653822
400,259,49.6194615
400,260,49.61291805
400,261,49.6063746
400,262,49.60278163
400,263,49.59918865
400,264,49.594837
400,265,49.59048534
400,266,49.58125067
400,267,49.572016
400,268,49.5616591
400,269,49.5513022
400,270,49.54545576
400,271,49.53960932
400,272,49.5370752
400,273,49.53454107
400,274,49.53154667
400,275,49.52855227
400,276,49.51999142
400,277,49.5145832
400,278,49.50917498
400,279,49.50263275
400,280,49.49609052
400,281,49.48845873
400,282,49.48082694
400,283,49.47187641
400,284,49.46292588
400,285,49.45431425
400,286,49.44570261
400,287,49.43971267
400,288,49.43372272
400,289,49.42912749
400,290,49.42453225
400,291,49.41134279
400,292,49.40017555
400,293,49.38900831
400,294,49.37325797
400,295,49.35750763
400,296,49.34221947
400,297,49.32693131
400,298,49.31834591
400,299,49.3097605
400,300,49.3068646
400,301,49.30396869
400,302,49.29964543
400,303,49.29532217
400,304,49.28545675
400,305,49.27559132
400,306,49.24909841
400,307,49.23705926
400,308,49.2250201
400,309,49.21594209
400,310,49.20686408
400,311,49.19866815
400,312,49.19047221
400,313,49.18131058
400,314,49.17214895
400,315,49.16180105
400,316,49.15145314
400,317,49.14121971
400,318,49.13098627
400,319,49.12299625
400,320,49.11500623
400,321,49.10871457
400,322,49.1024229
400,323,49.08632227
400,324,49.07520263
400,325,49.06408298
400,326,49.05245315
400,327,49.04082332
400,328,49.03068846
400,329,49.0205536
400,330,49.01203137
400,331,49.00350913
400,332,48.99704167
400,333,48.99057421
400,334,48.98643508
400,335,48.98229595
400,336,48.97789779
400,337,48.97349963
400,338,48.95679828
400,339,48.94457788
400,340,48.93235747
400,341,48.92035211
400,342,48.90834674
400,343,48.89837892
400,344,48.88841109
400,345,48.87680908
400,346,48.86520707
400,347,48.85173267
400,348,48.83825827
400,349,48.82802878
400,350,48.81779928
400,351,48.81056075
400,352,48.80332222
400,353,48.78362952
400,354,48.77069249
400,355,48.75775546
400,356,48.7455946
400,357,48.73343374
400,358,48.7225865
400,359,48.71173925
400,360,48.70324504
400,361,48.69475082
400,362,48.69058179
400,363,48.68641276
400,364,48.6829494
400,365,48.67948603
400,366,48.67174053
400,367,48.66399502
400,368,48.65201848
400,369,48.64004194
400,370,48.61437029
400,371,48.60302421
400,372,48.59167812
400,373,48.5817197
400,374,48.57176128
400,375,48.56175357
400,376,48.55174586
400,377,48.54152995
400,378,48.53131403
400,379,48.52344039
400,380,48.51556674
400,381,48.51030188
400,382,48.50503702
400,383,48.49789215
400,384,48.49074727
400,385,48.4680693
400,386,48.45473272
400,387,48.44139614
400,388,48.42842422
400,389,48.4154523
400,390,48.40338189
400,391,48.39131147
400,392,48.37955234
400,393,48.36779321
400,394,48.35673079
400,395,48.34566836
400,396,48.33567745
400,397,48.32568653
400,398,48.31554211
400,399,48.30539769
400,400,48.2946165
400,401,48.28383531
400,402,48.26446347
400,403,48.25713428
400,404,48.24980509
400,405,48.2427554
400,406,48.2357057
400,407,48.22677973
400,408,48.21785375
400,409,48.20805979
400,410,48.19826583
400,411,48.18857292
400,412,48.17888001
400,413,48.16785029
400,414,48.15682057
400,415,48.14410519
400,416,48.1313898
400,417,48.10653629
400,418,48.09419858
400,419,48.08186087
400,420,48.06845521
400,421,48.05504954
400,422,48.04294744
400,423,48.03084533
400,424,48.0215573
400,425,48.01226926
400,426,48.00352853
400,427,47.9947878
400,428,47.98480104
400,429,47.97481427
400,430,47.96267657
400,431,47.95053887
400,432,47.9234559
400,433,47.91228736
400,434,47.90111882
400,435,47.8942343
400,436,47.88734978
400,437,47.88065258
400,438,47.87395537
400,439,47.8630996
400,440,47.85224383
400,441,47.83989251
400,442,47.82754119
400,443,47.81723103
400,444,47.80692087
400,445,47.79779068
400,446,47.78866048
400,447,47.77197673
400,448,47.76380716
400,449,47.75563759
400,450,47.74601174
400,451,47.73638588
400,452,47.72597948
400,453,47.71557308
400,454,47.70478166
400,455,47.69399024
400,456,47.68258338
400,457,47.67117651
400,458,47.66033601
400,459,47.6494955
400,460,47.63905799
400,461,47.62862047
400,462,47.60669567
400,463,47.59642606
400,464,47.58615644
400,465,47.5773649
400,466,47.56857335
400,467,47.55944288
400,468,47.55031241
400,469,47.54009284
400,470,47.52987327
400,471,47.52015393
400,472,47.51043459
400,473,47.50218999
400,474,47.49394538
400,475,47.48619804
400,476,47.47845069
400,477,47.45751351
400,478,47.44290658
400,479,47.42829965
400,480,47.41388308
400,481,47.3994665
400,482,47.38867375
400,483,47.377881
400,484,47.36838675
400,485,47.35889249
400,486,47.34892389
400,487,47.33895528
400,488,47.32912354
400,489,47.3192918
400,490,47.30859096
400,491,47.29789011
400,492,47.28626519
400,493,47.27464027
400,494,47.25202116
400,495,47.24054277
400,496,47.22906437
400,497,47.21798538
400,498,47.20690639
400,499,47.19744016
400,500,47.18797393
400,501,47.17976618
400,502,47.17155843
400,503,47.16372129
400,504,47.15588414
400,505,47.14686388
400,506,47.13784361
400,507,47.12801244
400,508,47.11818127
400,509,47.10203263
400,510,47.09503576
400,511,47.08803888
400,512,47.07946714
400,513,47.07089539
400,514,47.06063965
400,515,47.0503839
400,516,47.03951704
400,517,47.02865018
400,518,47.01769884
400,519,47.00674749
400,520,46.99594845
400,521,46.9851494
400,522,46.96444366
400,523,46.95394995
400,524,46.94345623
400,525,46.93215384
400,526,46.92085145
400,527,46.91077335
400,528,46.90069525
400,529,46.89341725
400,530,46.88613924
400,531,46.87944053
400,532,46.87274181
400,533,46.864759
400,534,46.85677619
400,535,46.8486584
400,536,46.8405406
400,537,46.82455637
400,538,46.8152855
400,539,46.80601463
400,540,46.7963909
400,541,46.78676717
400,542,46.77820949
400,543,46.76965181
400,544,46.7606619
400,545,46.75167198
400,546,46.74055817
400,547,46.72944436
400,548,46.71703458
400,549,46.70462479
400,550,46.69271786
400,551,46.68081093
400,552,46.65976892
400,553,46.65094999
400,554,46.64213105
400,555,46.63488704
400,556,46.62764302
400,557,46.62016871
400,558,46.61269439
400,559,46.6024459
400,560,46.5921974
400,561,46.5803374
400,562,46.56847739
400,563,46.55828659
400,564,46.54809578
400,565,46.53880417
400,566,46.52951256
400,567,46.50724988
400,568,46.49484792
400,569,46.48244596
400,570,46.47157467
400,571,46.46070338
400,572,46.45169425
400,573,46.44268511
400,574,46.43328055
400,575,46.42387599
400,576,46.41331235
400,577,46.4027487
400,578,46.39255628
400,579,46.38236385
400,580,46.37359063
400,581,46.3648174
400,582,46.34969313
400,583,46.34288642
400,584,46.3360797
400,585,46.32769158
400,586,46.31930345
400,587,46.30778762
400,588,46.29627179
400,589,46.28463233
400,590,46.27299287
400,591,46.26357966
400,592,46.25416644
400,593,46.24721789
400,594,46.24026934
400,595,46.23101024
400,596,46.22614069
400,597,46.22127113
400,598,46.21391899
400,599,46.20656684
450,0,0
450,1,2.809002875
450,2,9.18359356
450,3,17.27306312
450,4,23.36587097
450,5,28.71639045
450,6,32.66776845
450,7,33.9401801
450,8,35.21259175
450,9,36.71477835
450,10,37.14132552
450,11,37.56787268
450,12,37.81159591
450,13,38.05531914
450,14,38.20122909
450,15,38.34713904
450,16,38.54226974
450,17,38.62007115
450,18,38.69787256
450,19,38.76669204
450,20,38.83551151
450,21,38.89609765
450,22,38.95668379
450,23,39.01078815
450,24,39.0648925
450,25,39.11563646
450,26,39.16638042
450,27,39.26241857
450,28,39.30709716
450,29,39.35177574
450,30,39.39114374
450,31,39.43051173
450,32,39.46221401
450,33,39.49391629
450,34,39.51827937
450,35,39.54264245
450,36,39.56146183
450,37,39.5802812
450,38,39.59327908
450,39,39.60627695
450,40,39.61166005
450,41,39.61704314
450,42,39.61679411
450,43,39.61595258
450,44,39.61511105
450,45,39.61571591
450,46,39.61632077
450,47,39.61871826
450,48,39.62111575
450,49,39.62435482
450,50,39.62759389
450,51,39.62935105
450,52,39.6311082
450,53,39.62965554
450,54,39.62820288
450,55,39.62230302
450,56,39.62037361
450,57,39.6184442
450,58,39.61518264
450,59,39.61192107
450,60,39.60681698
450,61,39.60171288
450,62,39.59929366
450,63,39.59687443
450,64,39.5992173
450,65,39.60156017
450,66,39.60715668
450,67,39.61275319
450,68,39.62351015
450,69,39.62609876
450,70,39.62868736
450,71,39.6296664
450,72,39.63064544
450,73,39.6320899
450,74,39.63353435
450,75,39.63481085
450,76,39.63608735
450,77,39.63486869
450,78,39.63365002
450,79,39.62935191
450,80,39.6250538
450,81,39.61886944
450,82,39.61268507
450,83,39.6014058
450,84,39.59974656
450,85,39.59808732
450,86,39.60093351
450,87,39.60377969
450,88,39.60705958
450,89,39.61033947
450,90,39.61053946
450,91,39.61073945
450,92,39.6094785
450,93,39.60821754
450,94,39.60813519
450,95,39.60805283
450,96,39.60798095
450,97,39.60790907
450,98,39.60661963
450,99,39.60789974
450,100,39.60917985
450,101,39.61252541
450,102,39.61587096
450,103,39.61854695
450,104,39.62122293
450,105,39.6220066
450,106,39.62279027
450,107,39.62342747
450,108,39.62406467
450,109,39.62626369
450,110,39.6284627
450,111,39.6318298
450,112,39.63170757
450,113,39.63158534
450,114,39.63235264
450,115,39.63311994
450,116,39.63539376
450,117,39.63766757
450,118,39.63916971
450,119,39.64067185
450,120,39.64208598
450,121,39.6435001
450,122,39.64708551
450,123,39.65067091
450,124,39.6570611
450,125,39.65649779
450,126,39.65593448
450,127,39.65421761
450,128,39.65250074
450,129,39.65348783
450,130,39.65447492
450,131,39.65741131
450,132,39.6603477
450,133,39.66277979
450,134,39.66521188
450,135,39.66753362
450,136,39.66985535
450,137,39.67281111
450,138,39.67576686
450,139,39.67668242
450,140,39.67273796
450,141,39.66879349
450,142,39.66534851
450,143,39.66190352
450,144,39.66405109
450,145,39.66619865
450,146,39.67298057
450,147,39.67976249
450,148,39.68697268
450,149,39.69418286
450,150,39.6987095
450,151,39.70323613
450,152,39.70540905
450,153,39.70758196
450,154,39.70946942
450,155,39.70846159
450,156,39.70745375
450,157,39.70511587
450,158,39.70277799
450,159,39.70193038
450,160,39.70108276
450,161,39.70355376
450,162,39.70602476
450,163,39.71113634
450,164,39.71624791
450,165,39.72133352
450,166,39.72641913
450,167,39.73073536
450,168,39.73063864
450,169,39.73054192
450,170,39.73241112
450,171,39.73428031
450,172,39.73867691
450,173,39.7430735
450,174,39.74711674
450,175,39.75115997
450,176,39.7540634
450,177,39.75696683
450,178,39.75810605
450,179,39.75924527
450,180,39.75869961
450,181,39.75815395
450,182,39.75803929
450,183,39.75868076
450,184,39.75932223
450,185,39.75884147
450,186,39.75836071
450,187,39.75718042
450,188,39.75600012
450,189,39.75643531
450,190,39.75687049
450,191,39.75914639
450,192,39.76142229
450,193,39.76369627
450,194,39.76597024
450,195,39.76677465
450,196,39.76378222
450,197,39.76078978
450,198,39.75442112
450,199,39.74805245
450,200,39.74244298
450,201,39.73683351
450,202,39.73609419
450,203,39.73535487
450,204,39.73737035
450,205,39.73938582
450,206,39.74101976
450,207,39.7426537
450,208,39.74531752
450,209,39.74798133
450,210,39.75591408
450,211,39.75744299
450,212,39.7589719
450,213,39.75757468
450,214,39.75617745
450,215,39.75457012
450,216,39.75296279
450,217,39.75186423
450,218,39.75076567
450,219,39.7511817
450,220,39.75159773
450,221,39.75431219
450,222,39.75702665
450,223,39.75837594
450,224,39.75972522
450,225,39.75109601
450,226,39.74346494
450,227,39.73583387
450,228,39.7289066
450,229,39.72197933
450,230,39.71545383
450,231,39.70892832
450,232,39.70316915
450,233,39.69740998
450,234,39.6934377
450,235,39.68946542
450,236,39.68764975
450,237,39.68583407
450,238,39.68986774
450,239,39.69415872
450,240,39.6984497
450,241,39.70028634
450,242,39.70212298
450,243,39.70009279
450,244,39.6980626
450,245,39.6946689
450,246,39.69127519
450,247,39.6887748
450,248,39.68627441
450,249,39.68355765
450,250,39.68084089
450,251,39.67590108
450,252,39.67096127
450,253,39.65820903
450,254,39.65274297
450,255,39.6472769
450,256,39.64312136
450,257,39.63896581
450,258,39.63510423
450,259,39.63124264
450,260,39.6263762
450,261,39.62150976
450,262,39.61361778
450,263,39.60572579
450,264,39.59704562
450,265,39.58836545
450,266,39.58420303
450,267,39.5800406
450,268,39.5816625
450,269,39.58286999
450,270,39.58407748
450,271,39.58143483
450,272,39.57879217
450,273,39.5737091
450,274,39.56862603
450,275,39.5642642
450,276,39.55990236
450,277,39.55485056
450,278,39.54979875
450,279,39.54354039
450,280,39.53728202
450,281,39.53188801
450,282,39.526494
450,283,39.51475676
450,284,39.50663252
450,285,39.49850828
450,286,39.48985158
450,287,39.48119488
450,288,39.47320724
450,289,39.4652196
450,290,39.45763622
450,291,39.45005284
450,292,39.44424822
450,293,39.4384436
450,294,39.43561406
450,295,39.43278452
450,296,39.43127273
450,297,39.42976094
450,298,39.42433624
450,299,39.41931943
450,300,39.41430261
450,301,39.40748511
450,302,39.4006676
450,303,39.39249686
450,304,39.38432611
450,305,39.37535104
450,306,39.36637597
450,307,39.35841644
450,308,39.3504569
450,309,39.34409688
450,310,39.33773685
450,311,39.32535289
450,312,39.31848615
450,313,39.31161941
450,314,39.30460393
450,315,39.29758845
450,316,39.29118463
450,317,39.2847808
450,318,39.27973197
450,319,39.27468314
450,320,39.27099443
450,321,39.26730571
450,322,39.26294867
450,323,39.25859163
450,324,39.25210243
450,325,39.24561322
450,326,39.23131656
450,327,39.22517744
450,328,39.21903832
450,329,39.21370646
450,330,39.20837459
450,331,39.20414452
450,332,39.19991444
450,333,39.197356
450,334,39.19479755
450,335,39.19155081
450,336,39.18830406
450,337,39.18093886
450,338,39.17357365
450,339,39.15055605
450,340,39.1383467
450,341,39.12613734
450,342,39.11523445
450,343,39.10433155
450,344,39.09445671
450,345,39.08458187
450,346,39.07637361
450,347,39.06816535
450,348,39.06131187
450,349,39.05445839
450,350,39.04754803
450,351,39.04063766
450,352,39.03452197
450,353,39.02840628
450,354,39.0195839
450,355,39.01518503
450,356,39.01078616
450,357,39.00487015
450,358,38.99895414
450,359,38.99267887
450,360,38.98640359
450,361,38.98086507
450,362,38.97532655
450,363,38.96881951
450,364,38.96231247
450,365,38.95416624
450,366,38.94602001
450,367,38.93811395
450,368,38.93020788
450,369,38.91476015
450,370,38.90691578
450,371,38.8990714
450,372,38.89248822
450,373,38.88590503
450,374,38.8800016
450,375,38.87409817
450,376,38.86828429
450,377,38.8624704
450,378,38.85686254
450,379,38.85125468
450,380,38.84437096
450,381,38.83748724
450,382,38.83016374
450,383,38.82284024
450,384,38.8117926
450,385,38.8047636
450,386,38.7977346
450,387,38.78559469
450,388,38.77345477
450,389,38.76093981
450,390,38.74842485
450,391,38.74121441
450,392,38.73400396
450,393,38.73064472
450,394,38.72728547
450,395,38.72361457
450,396,38.71994366
450,397,38.70946413
450,398,38.70317421
450,399,38.69688429
450,400,38.68848274
450,401,38.68008119
450,402,38.66974484
450,403,38.65940849
450,404,38.64982348
450,405,38.64023847
450,406,38.6320103
450,407,38.62378213
450,408,38.61626845
450,409,38.60875476
450,410,38.60173399
450,411,38.59471321
450,412,38.57980983
450,413,38.57280905
450,414,38.56580826
450,415,38.56186927
450,416,38.55793027
450,417,38.55650488
450,418,38.55507949
450,419,38.55152788
450,420,38.54797626
450,421,38.53965392
450,422,38.53133157
450,423,38.52157676
450,424,38.51182194
450,425,38.49455532
450,426,38.48544222
450,427,38.47632911
450,428,38.46772087
450,429,38.45911263
450,430,38.45289413
450,431,38.44667563
450,432,38.44011356
450,433,38.43355148
450,434,38.42515898
450,435,38.41676647
450,436,38.40984895
450,437,38.40293142
450,438,38.39413663
450,439,38.38881399
450,440,38.38349134
450,441,38.37522755
450,442,38.36696376
450,443,38.35751288
450,444,38.348062
450,445,38.33943396
450,446,38.33080591
450,447,38.32269304
450,448,38.31458017
450,449,38.30623887
450,450,38.29789756
450,451,38.28949467
450,452,38.28109177
450,453,38.26221062
450,454,38.25107466
450,455,38.2399387
450,456,38.22986872
450,457,38.21979873
450,458,38.21322513
450,459,38.20665152
450,460,38.20226962
450,461,38.19788771
450,462,38.19299906
450,463,38.18811041
450,464,38.18187577
450,465,38.17564112
450,466,38.16337672
450,467,38.15776877
450,468,38.15216082
450,469,38.14535782
450,470,38.13855481
450,471,38.1290739
450,472,38.11959299
450,473,38.1072508
450,474,38.09490861
450,475,38.08172527
450,476,38.06854193
450,477,38.05816087
450,478,38.04777981
450,479,38.04118431
450,480,38.0345888
450,481,38.02572481
450,482,38.02197387
450,483,38.01822292
450,484,38.01227565
450,485,38.00632838
450,486,37.99655985
450,487,37.98679132
450,488,37.9758969
450,489,37.96500247
450,490,37.95572645
450,491,37.94645042
450,492,37.93924972
450,493,37.93204901
450,494,37.91932013
450,495,37.91256175
450,496,37.90580336
450,497,37.89840036
450,498,37.89099735
450,499,37.88312866
450,500,37.87525996
450,501,37.86803132
450,502,37.86080267
450,503,37.85399325
450,504,37.84718382
450,505,37.83963435
450,506,37.83208487
450,507,37.8176321
450,508,37.81158303
450,509,37.80553395
450,510,37.79893137
450,511,37.79232879
450,512,37.78357257
450,513,37.77481634
450,514,37.76433753
450,515,37.75385871
450,516,37.74281655
450,517,37.73177439
450,518,37.72150181
450,519,37.71122922
450,520,37.70356971
450,521,37.6959102
450,522,37.6862747
450,523,37.68153214
450,524,37.67678957
450,525,37.67056713
450,526,37.66434469
450,527,37.65785557
450,528,37.65136644
450,529,37.64497481
450,530,37.63858318
450,531,37.63213877
450,532,37.62569435
450,533,37.61900768
450,534,37.61232101
450,535,37.59651659
450,536,37.58833474
450,537,37.58015289
450,538,37.57314561
450,539,37.56613833
450,540,37.55916318
450,541,37.55218803
450,542,37.54356676
450,543,37.53494549
450,544,37.52496626
450,545,37.51498703
450,546,37.50553923
450,547,37.49609142
450,548,37.47904445
450,549,37.47031927
450,550,37.46159408
450,551,37.45343877
450,552,37.44528346
450,553,37.43990898
450,554,37.4345345
450,555,37.43218293
450,556,37.42983135
450,557,37.42879608
450,558,37.4277608
450,559,37.42557111
450,560,37.42338142
450,561,37.41118737
450,562,37.40233645
450,563,37.39348552
450,564,37.3870416
450,565,37.38059767
450,566,37.37839186
450,567,37.37618604
450,568,37.37359504
450,569,37.37100403
450,570,37.36404
450,571,37.35707596
450,572,37.34807183
450,573,37.3390677
450,574,37.32337561
450,575,37.3163527
450,576,37.30932978
450,577,37.30167106
450,578,37.29401233
450,579,37.28577389
450,580,37.27753545
450,581,37.27103322
450,582,37.26453098
450,583,37.26112928
450,584,37.25772758
450,585,37.25523922
450,586,37.25275086
450,587,37.24416017
450,588,37.23754479
450,589,37.23092941
450,590,37.2232955
450,591,37.21566158
450,592,37.20812485
450,593,37.20058812
450,594,37.19347451
450,595,37.18636089
450,596,37.18061113
450,597,37.17486137
450,598,37.17025417
450,599,37.16564696
500,0,0
500,1,5.858481777
500,2,15.05277878
500,3,20.57282501
500,4,25.01889097
500,5,26.49868195
500,6,27.97847293
500,7,29.68460257
500,8,30.12752735
500,9,30.57045212
500,10,30.77977046
500,11,30.98908879
500,12,31.16507282
500,13,31.19904965
500,14,31.23302648
500,15,31.25035236
500,16,31.26767824
500,17,31.28241007
500,18,31.29714189
500,19,31.31067047
500,20,31.32419905
500,21,31.33728834
500,22,31.35037763
500,23,31.36468089
500,24,31.37898414
500,25,31.40824207
500,26,31.42134509
500,27,31.4344481
500,28,31.4476803
500,29,31.4609125
500,30,31.47433122
500,31,31.48774993
500,32,31.4961749
500,33,31.50459986
500,34,31.5079231
500,35,31.51124633
500,36,31.51959872
500,37,31.52497423
500,38,31.53034973
500,39,31.53272228
500,40,31.53509482
500,41,31.53500482
500,42,31.53491481
500,43,31.53417638
500,44,31.53343795
500,45,31.53035679
500,46,31.52727563
500,47,31.52202998
500,48,31.51678432
500,49,31.51312564
500,50,31.50946695
500,51,31.50753244
500,52,31.5062793
500,53,31.50502615
500,54,31.50271051
500,55,31.50039486
500,56,31.49901033
500,57,31.4976258
500,58,31.49546237
500,59,31.49329894
500,60,31.48703199
500,61,31.48076504
500,62,31.47276948
500,63,31.46477392
500,64,31.45258318
500,65,31.44804477
500,66,31.44350635
500,67,31.43980502
500,68,31.43610368
500,69,31.43203543
500,70,31.42796717
500,71,31.42199462
500,72,31.41602207
500,73,31.40925798
500,74,31.40249388
500,75,31.39678032
500,76,31.39106675
500,77,31.38297525
500,78,31.38019548
500,79,31.3774157
500,80,31.3736696
500,81,31.3699235
500,82,31.36466309
500,83,31.35940268
500,84,31.35626631
500,85,31.35312994
500,86,31.35159397
500,87,31.350058
500,88,31.34606419
500,89,31.34207037
500,90,31.33294211
500,91,31.33171225
500,92,31.33048239
500,93,31.33200961
500,94,31.33353682
500,95,31.33427486
500,96,31.3350129
500,97,31.3326659
500,98,31.3303189
500,99,31.32737175
500,100,31.3244246
500,101,31.32486074
500,102,31.32529687
500,103,31.32624923
500,104,31.32165007
500,105,31.31705091
500,106,31.31116034
500,107,31.30526977
500,108,31.30186016
500,109,31.29845055
500,110,31.29714951
500,111,31.29584847
500,112,31.29678854
500,113,31.29772861
500,114,31.29885304
500,115,31.29997747
500,116,31.30101287
500,117,31.30224307
500,118,31.30347327
500,119,31.30365463
500,120,31.30383599
500,121,31.3017697
500,122,31.2997034
500,123,31.29748751
500,124,31.29527162
500,125,31.29477739
500,126,31.29428316
500,127,31.29488339
500,128,31.29548362
500,129,31.29600191
500,130,31.29610136
500,131,31.2962008
500,132,31.29630808
500,133,31.29641536
500,134,31.29678085
500,135,31.29714633
500,136,31.29877597
500,137,31.3004056
500,138,31.30186777
500,139,31.30332993
500,140,31.30195264
500,141,31.30057535
500,142,31.29413087
500,143,31.29291564
500,144,31.2917004
500,145,31.29365681
500,146,31.29561322
500,147,31.29722644
500,148,31.29883965
500,149,31.29707079
500,150,31.29530193
500,151,31.29275698
500,152,31.29021203
500,153,31.29055439
500,154,31.29089675
500,155,31.29259174
500,156,31.29428672
500,157,31.29331917
500,158,31.29014512
500,159,31.28697107
500,160,31.28346351
500,161,31.27995595
500,162,31.27855699
500,163,31.27715803
500,164,31.27844347
500,165,31.2797289
500,166,31.28196275
500,167,31.2841966
500,168,31.2843955
500,169,31.2845944
500,170,31.28211422
500,171,31.28263027
500,172,31.28314631
500,173,31.28406382
500,174,31.28498132
500,175,31.28443344
500,176,31.28388556
500,177,31.28426146
500,178,31.28463735
500,179,31.2865528
500,180,31.28846824
500,181,31.28941754
500,182,31.29036684
500,183,31.28810095
500,184,31.28584134
500,185,31.28358172
500,186,31.2819899
500,187,31.28039807
500,188,31.28129386
500,189,31.28218964
500,190,31.28615341
500,191,31.29011717
500,192,31.29529667
500,193,31.30047617
500,194,31.30379971
500,195,31.30712325
500,196,31.30695848
500,197,31.30448976
500,198,31.30202104
500,199,31.29913343
500,200,31.29624582
500,201,31.29225342
500,202,31.28826102
500,203,31.2824865
500,204,31.27671198
500,205,31.27194833
500,206,31.26718467
500,207,31.26468475
500,208,31.26218482
500,209,31.25921366
500,210,31.25837747
500,211,31.25754127
500,212,31.25747712
500,213,31.25741297
500,214,31.25596058
500,215,31.25450818
500,216,31.24999377
500,217,31.24547936
500,218,31.24148046
500,219,31.23748155
500,220,31.23750665
500,221,31.23753175
500,222,31.24381864
500,223,31.24637111
500,224,31.24892357
500,225,31.24733856
500,226,31.24575355
500,227,31.241531
500,228,31.23730844
500,229,31.23560664
500,230,31.23390484
500,231,31.2357721
500,232,31.23763935
500,233,31.23928241
500,234,31.24092547
500,235,31.23850153
500,236,31.23600889
500,237,31.23351625
500,238,31.23223592
500,239,31.23095559
500,240,31.22856878
500,241,31.22618197
500,242,31.2206439
500,243,31.21510582
500,244,31.20888518
500,245,31.20266453
500,246,31.1971951
500,247,31.19172566
500,248,31.18750123
500,249,31.18327679
500,250,31.17716069
500,251,31.17327744
500,252,31.16939419
500,253,31.16360549
500,254,31.15781678
500,255,31.15279001
500,256,31.14776323
500,257,31.14688862
500,258,31.146014
500,259,31.14685516
500,260,31.14769632
500,261,31.14467927
500,262,31.14166221
500,263,31.12892795
500,264,31.12521609
500,265,31.12150422
500,266,31.12224678
500,267,31.12298933
500,268,31.1239678
500,269,31.12494627
500,270,31.12304884
500,271,31.12115141
500,272,31.11708179
500,273,31.11301217
500,274,31.10820247
500,275,31.10339276
500,276,31.09207695
500,277,31.08415669
500,278,31.07623643
500,279,31.06683539
500,280,31.05743435
500,281,31.05053296
500,282,31.04363156
500,283,31.04036779
500,284,31.03710402
500,285,31.03390648
500,286,31.03070893
500,287,31.0246212
500,288,31.01853346
500,289,31.0048952
500,290,31.00103778
500,291,30.99718036
500,292,30.99549437
500,293,30.99380837
500,294,30.99144202
500,295,30.98907566
500,296,30.98521395
500,297,30.98135223
500,298,30.97690791
500,299,30.97246358
500,300,30.96785489
500,301,30.9632462
500,302,30.95843454
500,303,30.95362287
500,304,30.94531797
500,305,30.94184924
500,306,30.9383805
500,307,30.93336708
500,308,30.92835365
500,309,30.92069262
500,310,30.91303158
500,311,30.90513371
500,312,30.89723584
500,313,30.89180739
500,314,30.88637894
500,315,30.88283292
500,316,30.8792869
500,317,30.86803322
500,318,30.85908866
500,319,30.8501441
500,320,30.84191578
500,321,30.83368746
500,322,30.82884902
500,323,30.82401058
500,324,30.82201053
500,325,30.82001047
500,326,30.8182921
500,327,30.81657372
500,328,30.81141336
500,329,30.80625299
500,330,30.7886165
500,331,30.77973179
500,332,30.77084707
500,333,30.76445376
500,334,30.75806044
500,335,30.75396564
500,336,30.74987084
500,337,30.74636066
500,338,30.74285048
500,339,30.73757294
500,340,30.73229539
500,341,30.72522216
500,342,30.71814893
500,343,30.70664207
500,344,30.7027498
500,345,30.69885753
500,346,30.69543783
500,347,30.69201812
500,348,30.68899181
500,349,30.68596549
500,350,30.68171089
500,351,30.67745628
500,352,30.67196008
500,353,30.66646388
500,354,30.66249789
500,355,30.6585319
500,356,30.6530409
500,357,30.64899477
500,358,30.64494863
500,359,30.63751816
500,360,30.63008769
500,361,30.61963339
500,362,30.60917909
500,363,30.59988852
500,364,30.59059795
500,365,30.58378017
500,366,30.57696238
500,367,30.56939609
500,368,30.56182979
500,369,30.55238493
500,370,30.54294007
500,371,30.52343644
500,372,30.51630045
500,373,30.50916445
500,374,30.5053006
500,375,30.50143675
500,376,30.49709747
500,377,30.49275819
500,378,30.48639329
500,379,30.48002839
500,380,30.4734873
500,381,30.4669462
500,382,30.46191151
500,383,30.45687682
500,384,30.45126208
500,385,30.44881917
500,386,30.44637626
500,387,30.44161377
500,388,30.43685128
500,389,30.42975308
500,390,30.42265487
500,391,30.41523862
500,392,30.40782236
500,393,30.40152659
500,394,30.39523082
500,395,30.38960326
500,396,30.3839757
500,397,30.37411724
500,398,30.37068916
500,399,30.36726108
500,400,30.36389471
500,401,30.36052833
500,402,30.35533513
500,403,30.35014193
500,404,30.34444894
500,405,30.33875594
500,406,30.3347105
500,407,30.33066506
500,408,30.32744265
500,409,30.32422024
500,410,30.31540096
500,411,30.30927887
500,412,30.30315678
500,413,30.29608647
500,414,30.28901615
500,415,30.2813657
500,416,30.27371524
500,417,30.2652605
500,418,30.25680576
500,419,30.24894703
500,420,30.2410883
500,421,30.23602385
500,422,30.23095939
500,423,30.22590427
500,424,30.22495143
500,425,30.22399859
500,426,30.22415761
500,427,30.22431663
500,428,30.22171081
500,429,30.21910498
500,430,30.21058846
500,431,30.20207194
500,432,30.19164812
500,433,30.1812243
500,434,30.17350666
500,435,30.16578902
500,436,30.16007073
500,437,30.15435244
500,438,30.14204082
500,439,30.13476408
500,440,30.12748733
500,441,30.12001241
500,442,30.11253749
500,443,30.10523073
500,444,30.09792396
500,445,30.09063966
500,446,30.08335535
500,447,30.07745631
500,448,30.07155726
500,449,30.06775922
500,450,30.06396117
500,451,30.05750343
500,452,30.0537447
500,453,30.04998597
500,454,30.04567301
500,455,30.04136004
500,456,30.03665705
500,457,30.03195406
500,458,30.02697238
500,459,30.02199069
500,460,30.01604474
500,461,30.01009879
500,462,30.00301072
500,463,29.99592264
500,464,29.98219618
500,465,29.97602826
500,466,29.96986034
500,467,29.96375608
500,468,29.95765181
500,469,29.95197888
500,470,29.94630594
500,471,29.94148099
500,472,29.93665603
500,473,29.93132952
500,474,29.92600301
500,475,29.91900686
500,476,29.91201071
500,477,29.89595989
500,478,29.88705553
500,479,29.87815117
500,480,29.86906944
500,481,29.85998771
500,482,29.85309853
500,483,29.84620934
500,484,29.84127326
500,485,29.83633718
500,486,29.83172271
500,487,29.82710824
500,488,29.82263623
500,489,29.81816422
500,490,29.80605363
500,491,29.79844196
500,492,29.79083029
500,493,29.78633402
500,494,29.78183774
500,495,29.78153708
500,496,29.78123641
500,497,29.78033844
500,498,29.77944047
500,499,29.77497441
500,500,29.77050834
500,501,29.75739735
500,502,29.75000649
500,503,29.74261563
500,504,29.73419927
500,505,29.72578291
500,506,29.71770791
500,507,29.7096329
500,508,29.70241714
500,509,29.69520138
500,510,29.6874813
500,511,29.67976122
500,512,29.67273297
500,513,29.66570472
500,514,29.65626235
500,515,29.65183671
500,516,29.64741107
500,517,29.64255271
500,518,29.63769434
500,519,29.63493036
500,520,29.63216637
500,521,29.63028207
500,522,29.62839776
500,523,29.62307668
500,524,29.61775559
500,525,29.60958264
500,526,29.60140969
500,527,29.58785673
500,528,29.58337765
500,529,29.57889857
500,530,29.57435744
500,531,29.5698163
500,532,29.56358927
500,533,29.55736223
500,534,29.54950032
500,535,29.5416384
500,536,29.53329456
500,537,29.52495072
500,538,29.51727688
500,539,29.50960304
500,540,29.49726714
500,541,29.49234385
500,542,29.48742056
500,543,29.48115052
500,544,29.47488048
500,545,29.46669978
500,546,29.45851907
500,547,29.45226268
500,548,29.44600629
500,549,29.44295675
500,550,29.43990721
500,551,29.43616064
500,552,29.43241407
500,553,29.41923359
500,554,29.41228224
500,555,29.40533089
500,556,29.4004563
500,557,29.39558171
500,558,29.39116578
500,559,29.38674984
500,560,29.37973488
500,561,29.37271991
500,562,29.36409547
500,563,29.35547102
500,564,29.34809089
500,565,29.34071076
500,566,29.33056871
500,567,29.32727432
500,568,29.32397992
500,569,29.32044818
500,570,29.31691643
500,571,29.31212712
500,572,29.3073378
500,573,29.30282049
500,574,29.29830318
500,575,29.29560401
500,576,29.29290484
500,577,29.28624353
500,578,29.2794338
500,579,29.27262406
500,580,29.26561689
500,581,29.25860972
500,582,29.2549386
500,583,29.25126747
500,584,29.24915036
500,585,29.24703325
500,586,29.24436223
500,587,29.24169121
500,588,29.23814052
500,589,29.23458983
500,590,29.22692153
500,591,29.22389567
500,592,29.22086981
500,593,29.21715878
500,594,29.21344775
500,595,29.20786647
500,596,29.20228519
500,597,29.19702972
500,598,29.19177425
500,599,29.18803275
