,action_0,action_1,action_2,cumulative_reward
0,0.056377113,0.7615942,-0.04515127,992.12866
1,0.5365794,0.7641594,-0.024702318,992.12866
2,0.3376893,0.7211562,-0.015502312,992.12866
3,0.30332342,0.6711974,-0.021918055,992.12866
4,0.1713614,0.7630865,-0.025746427,992.12866
5,0.21324809,0.87150013,-0.026917128,992.12866
6,0.61590785,0.8660987,-0.0064746495,992.12866
7,0.08728352,0.819485,0.008022657,992.12866
8,0.39935172,0.78787017,0.0057795146,992.12866
9,0.348915,0.8137179,-0.0010249983,992.12866
10,0.49344698,0.81651807,0.007498138,992.12866
11,0.15079316,0.7533777,0.014078356,992.12866
12,0.5906767,0.6983139,0.0035466475,992.12866
13,0.60837245,0.75723475,-0.015866712,992.12866
14,0.52458715,0.8087663,-0.043335095,992.12866
15,0.42379296,0.80772644,-0.04002069,992.12866
16,0.3982454,0.8018209,-0.035779495,992.12866
17,0.4425254,0.809232,-0.049236003,992.12866
18,0.33684215,0.8796606,-0.06426294,992.12866
19,0.11002386,0.9556402,-0.06813888,992.12866
20,0.59592193,0.95896983,-0.0436275,992.12866
21,0.081827365,0.9588521,-0.024314718,992.12866
22,0.35343432,0.94237363,-0.026510604,992.12866
23,0.3768839,0.9652473,-0.034543045,992.12866
24,0.29012662,0.98933923,-0.043778222,992.12866
25,0.5652636,0.98231995,-0.024333015,992.12866
26,0.15132166,0.9652088,-0.0115394145,992.12866
27,0.27819613,0.9505205,-0.011737076,992.12866
28,0.4442601,0.95311844,-0.017306179,992.12866
29,0.6667198,0.99778473,-0.029213687,992.12866
30,0.4316902,0.97113067,-0.0037331702,992.12866
31,0.29215485,0.974468,0.0009104979,992.12866
32,0.37079054,0.99166906,-0.0042262343,992.12866
33,0.71224725,0.99899626,-0.008871501,992.12866
34,0.48416194,0.9870577,0.015522052,992.12866
35,0.16723208,0.9792382,0.022310052,992.12866
36,0.30678475,0.98454666,0.021958863,992.12866
37,0.2529467,0.99944925,0.018465603,992.12866
38,0.61618656,0.99106723,0.030353129,992.12866
39,0.3509637,0.9610435,0.041438498,992.12866
40,0.22840206,0.921714,0.04401783,992.12866
41,0.5095523,0.9194652,0.040587034,992.12866
42,0.57891774,0.9608731,0.030434025,992.12866
43,0.13762164,0.92620414,0.03965435,992.12866
44,0.41768524,0.90444475,0.038409352,992.12866
45,0.50068706,0.91214234,0.031631608,992.12866
46,0.47677666,0.9531568,0.022089565,992.12866
47,0.48819157,0.92131186,0.026950907,992.12866
48,0.34302077,0.8690174,0.032092627,992.12866
49,0.34571066,0.8482225,0.02610318,992.12866
50,0.24259071,0.88519025,0.023807598,992.12866
51,0.66192657,0.91751873,0.024913605,992.12866
52,0.3496067,0.90287054,0.039066445,992.12866
53,0.32188115,0.87244785,0.040724624,992.12866
54,0.44521543,0.87689966,0.03650309,992.12866
55,0.4518596,0.9146626,0.029358558,992.12866
56,0.39121905,0.9003848,0.033326987,992.12866
57,0.4084635,0.8685131,0.035397887,992.12866
58,0.30758283,0.87635225,0.031097764,992.12866
59,0.09527955,0.93792874,0.028521055,992.12866
60,0.47992986,0.9368174,0.039084166,992.12866
61,0.44303238,0.9329814,0.04168482,992.12866
62,0.4620648,0.8769061,0.04639292,992.12866
63,0.5226459,0.82163966,0.048677266,992.12866
64,0.6017238,0.8198739,0.0374222,992.12866
65,0.55301833,0.8520171,0.024289932,992.12866
66,0.32414073,0.8345311,0.03312698,992.12866
67,0.71183234,0.7214275,0.036152568,992.12866
68,0.22206578,0.6857982,0.052395158,992.12866
69,0.6058488,0.661084,0.04619873,992.12866
70,0.44249046,0.65426457,0.032813624,992.12866
71,0.6743878,0.67042506,0.038506854,992.12866
72,0.37633,0.64494824,0.05323904,992.12866
73,0.40423912,0.5985174,0.05453759,992.12866
74,0.47592202,0.57913226,0.04910807,992.12866
75,0.13822687,0.64619046,0.048219964,992.12866
76,0.36919084,0.5466748,0.04620454,992.12866
77,0.17499837,0.5471638,0.04780225,992.12866
78,0.5188122,0.5096025,0.04550075,992.12866
79,0.534594,0.41204074,0.03555393,992.12866
80,0.35749653,0.48406634,0.03045771,992.12866
81,0.4217918,0.4202573,0.025370112,992.12866
82,0.44404304,0.4398742,0.018654928,992.12866
83,0.4652719,0.49724805,0.010444342,992.12866
84,0.10138178,0.5059711,0.009520398,992.12866
85,0.4405952,0.5236843,0.0074314596,992.12866
86,0.05888424,0.49694446,0.0018683276,992.12866
87,0.51053274,0.42785513,0.0009204891,992.12866
88,0.1404809,0.5205032,0.008933126,992.12866
89,0.2979463,0.47776973,0.008469408,992.12866
90,0.3982564,0.5198625,0.004208681,992.12866
91,0.41750324,0.5539298,-0.003253865,992.12866
92,0.36020437,0.5668326,-0.0011022234,992.12866
93,0.39863318,0.5794262,0.0008762103,992.12866
94,0.45915484,0.5543146,-0.007897256,992.12866
95,0.50757426,0.53853637,-0.017731095,992.12866
96,0.12638363,0.60819733,-0.007891439,992.12866
97,0.2538617,0.57155186,-0.008529859,992.12866
98,0.27054915,0.5881945,-0.0116320215,992.12866
99,0.2266711,0.6363678,-0.015025556,992.12866
100,0.4876195,0.6625359,-0.0049162777,992.12866
101,0.16223778,0.57629776,0.0024396204,992.12866
102,0.20609356,0.4996271,0.0028988784,992.12866
103,0.41106114,0.570939,-0.00029325485,992.12866
104,0.51514685,0.5516765,-0.008767849,992.12866
105,0.32759866,0.5865533,0.0015914052,992.12866
106,0.16269825,0.55093324,0.0047575096,992.12866
107,0.40886143,0.5855454,0.0020271437,992.12866
108,0.42415965,0.6097775,-0.006265998,992.12866
109,0.42862898,0.60069835,-0.003028413,992.12866
110,0.20974714,0.56809586,0.00177983,992.12866
111,0.35620755,0.5243476,-0.00091680104,992.12866
112,0.44360656,0.5781841,-0.0076025366,992.12866
113,0.49820754,0.60385877,-0.018070905,992.12866
114,0.1783571,0.6451006,-0.0079854885,992.12866
115,0.45943066,0.640443,-0.012555489,992.12866
116,0.4195093,0.6138712,-0.02442458,992.12866
117,0.3150437,0.6867485,-0.020659305,992.12866
118,0.32463726,0.6422584,-0.019621326,992.12866
119,0.33715633,0.6099761,-0.025375975,992.12866
120,0.4149825,0.70314187,-0.032959685,992.12866
121,0.58517355,0.78544414,-0.04549188,992.12866
122,0.28547367,0.76722693,-0.025396766,992.12866
123,0.35187477,0.7403345,-0.024027213,992.12866
124,0.4741756,0.794659,-0.033588476,992.12866
125,0.41880867,0.87940407,-0.050777756,992.12866
126,0.5590346,0.8839226,-0.03629949,992.12866
127,0.1686233,0.841459,-0.020152014,992.12866
128,0.40229157,0.82933336,-0.022147713,992.12866
129,0.40799913,0.87303114,-0.032643855,992.12866
130,0.67526263,0.9028672,-0.042012203,992.12866
131,0.46875405,0.88085717,-0.012586449,992.12866
132,0.22350541,0.84940696,-0.005103685,992.12866
133,0.45345578,0.8787803,-0.009843649,992.12866
134,0.4119036,0.94803107,-0.021173371,992.12866
135,0.56408864,0.94865793,-0.0099141775,992.12866
136,0.07774489,0.92215484,0.0022145843,992.12866
137,0.3914592,0.9152551,8.393824e-05,992.12866
138,0.377116,0.95418394,-0.007139241,992.12866
139,0.69188297,0.96382695,-0.01291855,992.12866
140,0.40869933,0.9170705,0.00986383,992.12866
141,0.3486059,0.86342645,0.013143928,992.12866
142,0.48518252,0.8799973,0.006616242,992.12866
143,0.44767943,0.945844,-0.0043667792,992.12866
144,0.53711003,0.93921584,0.0034376166,992.12866
145,0.17661846,0.9019141,0.012594263,992.12866
146,0.43685183,0.8858322,0.0092716385,992.12866
147,0.44182605,0.91586256,0.0005832164,992.12866
148,0.65953875,0.92374957,-0.0075705983,992.12866
149,0.37419155,0.89458245,0.0114501165,992.12866
150,0.38747212,0.8577409,0.0137369465,992.12866
151,0.5168946,0.88502896,0.005867659,992.12866
152,0.47143957,0.95631444,-0.007114811,992.12866
153,0.5334723,0.9561164,-3.8929284e-05,992.12866
154,0.16307978,0.9310122,0.009439284,992.12866
155,0.4501972,0.93277615,0.0059912447,992.12866
156,0.45651266,0.98954254,-0.0037547392,992.12866
157,0.68283606,0.9745878,-0.012798898,992.12866
158,0.41526014,0.9476397,0.00939641,992.12866
159,0.36048073,0.9124334,0.012943945,992.12866
160,0.49612436,0.9302012,0.0059160264,992.12866
161,0.4352612,0.9797187,-0.0055510947,992.12866
162,0.5713544,0.9723171,0.0036661457,992.12866
163,0.16442238,0.9452933,0.014946301,992.12866
164,0.3751294,0.93455064,0.013781448,992.12866
165,0.36736116,0.9590118,0.007944967,992.12866
166,0.6902715,0.97779995,0.0033242127,992.12866
167,0.42204225,0.9377257,0.022972032,992.12866
168,0.2947691,0.8968911,0.02874577,992.12866
169,0.100113645,0.90798753,0.030635016,992.12866
170,0.3428585,0.96575975,0.028780539,992.12866
171,0.53010404,0.9656361,0.036868185,992.12866
172,0.14082035,0.93202144,0.043204606,992.12866
173,0.42025015,0.84917283,0.0532234,992.12866
174,0.66124153,0.82459545,0.05185001,992.12866
175,0.65506196,0.84537584,0.032898836,992.12866
176,0.28961918,0.89634204,0.026901115,992.12866
177,0.38512254,0.8806229,0.030617869,992.12866
178,0.3926985,0.8406933,0.0356773,992.12866
179,0.12311755,0.81407684,0.03905752,992.12866
180,0.6381968,0.7888207,0.037939046,992.12866
181,0.113132894,0.7035678,0.048937485,992.12866
182,0.45494705,0.60430235,0.04725568,992.12866
183,0.5365459,0.6253878,0.039621715,992.12866
184,0.51578265,0.71303463,0.028885368,992.12866
185,0.5163436,0.7455454,0.028837014,992.12866
186,0.38712475,0.7150114,0.03674016,992.12866
187,0.063799016,0.6667985,0.041405693,992.12866
188,0.44084567,0.71032065,0.039673887,992.12866
189,0.51849014,0.73286694,0.03243494,992.12866
190,0.17789513,0.66281116,0.03882055,992.12866
191,0.4560007,0.5489014,0.03621735,992.12866
192,0.53852636,0.57223916,0.027781725,992.12866
193,0.506166,0.59824395,0.015979664,992.12866
194,0.39648756,0.52606905,0.015170533,992.12866
195,0.30745262,0.59392387,0.018764995,992.12866
196,0.4377207,0.5735159,0.013719077,992.12866
197,0.60836476,0.5554293,0.008921192,992.12866
198,0.37279716,0.5870313,0.023208573,992.12866
199,0.19595052,0.5347777,0.026166214,992.12866
200,0.37349406,0.58514977,0.023851594,992.12866
201,0.40119305,0.6406865,0.018285522,992.12866
202,0.39626125,0.64895874,0.021458419,992.12866
203,0.28382888,0.5674008,0.02480129,992.12866
204,0.46174228,0.52259576,0.020480247,992.12866
205,0.48253626,0.52554315,0.011357803,992.12866
206,0.47533217,0.5397574,0.0019239162,992.12866
207,0.25266415,0.5143877,0.010555417,992.12866
208,0.37705094,0.42557788,0.010503314,992.12866
209,0.38653266,0.45473734,0.004176078,992.12866
210,0.27474546,0.5179459,0.005663491,992.12866
211,0.25448292,0.4787209,0.006840584,992.12866
212,0.31368238,0.45335197,0.0038196852,992.12866
213,0.3254286,0.49495447,-0.00042426577,992.12866
214,0.5187444,0.54424644,-0.004788466,992.12866
215,0.1088256,0.5685721,0.005327673,992.12866
216,0.2715167,0.46673545,0.004575429,992.12866
217,0.3974018,0.5166991,0.0007410047,992.12866
218,0.4658364,0.60020155,-0.0076856213,992.12866
219,0.34443143,0.62646604,-0.0064665806,992.12866
220,0.23127188,0.56724554,-0.0032708002,992.12866
221,0.41709083,0.5631934,-0.007174748,992.12866
222,0.4565446,0.6049322,-0.016974999,992.12866
223,0.545508,0.6236927,-0.02803897,992.12866
224,0.29367462,0.6122238,-0.012500691,992.12866
225,0.38014534,0.55402064,-0.011896778,992.12866
226,0.37558818,0.5443448,-0.019997297,992.12866
227,0.3406374,0.62469476,-0.015714603,992.12866
228,0.20130587,0.58310056,-0.013197629,992.12866
229,0.2117609,0.56643915,-0.014914626,992.12866
230,0.36442694,0.69035685,-0.018126862,992.12866
231,0.5872235,0.76340437,-0.026142381,992.12866
232,0.27666876,0.7487606,-0.009954041,992.12866
233,0.33219197,0.7090874,-0.008834452,992.12866
234,0.45690006,0.7506918,-0.015910316,992.12866
235,0.41508263,0.82915866,-0.028200746,992.12866
236,0.5321162,0.8307184,-0.018428674,992.12866
237,0.10118194,0.7672255,-0.0067424937,992.12866
238,0.4055036,0.73545706,-0.008977014,992.12866
239,0.4213866,0.7731906,-0.018121388,992.12866
240,0.63160455,0.8116669,-0.026817543,992.12866
241,0.43882093,0.78183526,-0.0055513103,992.12866
242,0.2463639,0.7300722,0.00047894559,992.12866
243,0.47287944,0.7812292,-0.004481091,992.12866
244,0.44772714,0.8730265,-0.016512293,992.12866
245,0.52419174,0.8790965,-0.008914897,992.12866
246,0.08704909,0.82554644,0.0012205162,992.12866
247,0.43587637,0.8084068,-0.0015948623,992.12866
248,0.45383948,0.8515045,-0.011569958,992.12866
249,0.6443139,0.8740132,-0.021394577,992.12866
250,0.41172278,0.84094745,-0.000585839,992.12866
251,0.33653575,0.79343593,0.0036252723,992.12866
252,0.5094359,0.82641673,-0.0036029136,992.12866
253,0.47175935,0.90835625,-0.017656308,992.12866
254,0.5328276,0.9133623,-0.010364392,992.12866
255,0.06913505,0.86948156,0.00041130924,992.12866
256,0.4410178,0.8583589,-0.0021919424,992.12866
257,0.4609899,0.90434533,-0.012578717,992.12866
258,0.6595349,0.9303616,-0.022863612,992.12866
259,0.4282523,0.9103736,-0.00038306415,992.12866
260,0.32478526,0.899581,0.004337529,992.12866
261,0.50139123,0.8979604,-0.0025284237,992.12866
262,0.4515806,0.96142626,-0.01571785,992.12866
263,0.555544,0.9573952,-0.00665929,992.12866
264,0.060810864,0.9204292,0.0047849193,992.12866
265,0.42396668,0.90708905,0.0023533432,992.12866
266,0.42564613,0.9411465,-0.006392026,992.12866
267,0.6797373,0.95256007,-0.014062683,992.12866
268,0.42890522,0.92802984,0.008255048,992.12866
269,0.32428613,0.890316,0.012540673,992.12866
270,0.4802857,0.91191494,0.006587119,992.12866
271,0.43501952,0.97058403,-0.004100865,992.12866
272,0.55877984,0.9662548,0.00470856,992.12866
273,0.044300642,0.9365458,0.014998979,992.12866
274,0.40290743,0.92330635,0.0128328595,992.12866
275,0.395745,0.9541685,0.0059578754,992.12866
276,0.6846181,0.96611494,0.0001834333,992.12866
277,0.40769064,0.96080637,0.019977205,992.12866
278,0.33965102,0.8920066,0.023067946,992.12866
279,0.47946876,0.9037237,0.017338846,992.12866
280,0.4388596,0.9638155,0.0077504218,992.12866
281,0.54567474,0.9547472,0.01524868,992.12866
282,0.14949131,0.91270524,0.023941854,992.12866
283,0.4195821,0.8882692,0.021295216,992.12866
284,0.41682234,0.91723317,0.014290841,992.12866
285,0.666375,0.9223942,0.008089425,992.12866
286,0.37928754,0.887989,0.025225425,992.12866
287,0.19158395,0.83510935,0.029672863,992.12866
288,0.3811013,0.8582536,0.029879373,992.12866
289,0.4179037,0.9449419,0.024009923,992.12866
290,0.5123618,0.9330219,0.030365858,992.12866
291,0.059841897,0.86671364,0.03640029,992.12866
292,0.36013952,0.78232425,0.035405774,992.12866
293,0.52075267,0.8227398,0.029618252,992.12866
294,0.5568074,0.8801819,0.018429233,992.12866
295,0.16875303,0.8205186,0.027468413,992.12866
296,0.1374525,0.75951076,0.026674628,992.12866
297,0.2236246,0.78796816,0.025623819,992.12866
298,0.21797293,0.8742195,0.02460158,992.12866
299,0.5405332,0.857795,0.033803616,992.12866
300,0.12115087,0.7531839,0.040794738,992.12866
301,0.34022468,0.64609534,0.04024711,992.12866
302,0.50976485,0.6949476,0.035141457,992.12866
303,0.48729455,0.7281565,0.024828805,992.12866
304,0.2833548,0.7293727,0.030777188,992.12866
305,0.36939654,0.63178134,0.027326273,992.12866
306,0.40231046,0.6431543,0.022486275,992.12866
307,0.2971166,0.7192718,0.016012797,992.12866
308,0.55793995,0.73063153,0.024229566,992.12866
309,0.19356312,0.664278,0.032468837,992.12866
310,0.40998885,0.5949276,0.02970246,992.12866
311,0.40449816,0.5827056,0.023614384,992.12866
312,0.33916634,0.6520816,0.025480445,992.12866
313,0.22464904,0.5413591,0.027811786,992.12866
314,0.41997302,0.51829326,0.024984263,992.12866
315,0.48206687,0.5598431,0.017496318,992.12866
316,0.4797396,0.5835548,0.008267966,992.12866
317,0.19252685,0.58014446,0.01625983,992.12866
318,0.4058827,0.57264364,0.015180812,992.12866
319,0.40025395,0.53219277,0.008190187,992.12866
320,0.2814439,0.59287137,0.010095668,992.12866
321,0.3122561,0.5506201,0.010826014,992.12866
322,0.34929574,0.5111936,0.0065456578,992.12866
323,0.33196345,0.55087256,0.0015952496,992.12866
324,0.547948,0.6056466,-0.0027721229,992.12866
325,0.30521905,0.5688002,0.008492734,992.12866
326,0.32081735,0.5243071,0.010251668,992.12866
327,0.48364678,0.56829506,0.0043726205,992.12866
328,0.45852488,0.6363337,-0.0070907697,992.12866
329,0.45555502,0.634956,-0.004724214,992.12866
330,0.24298857,0.64524937,0.0017693618,992.12866
331,0.25390953,0.5109256,-0.0010531839,992.12866
332,0.30340898,0.56661373,-0.0037940186,992.12866
333,0.37037143,0.6503335,-0.0087388465,992.12866
334,0.42267132,0.672001,-0.002688215,992.12866
335,0.25466353,0.60675836,0.0021286423,992.12866
336,0.380633,0.5726718,-0.0018035449,992.12866
337,0.3781282,0.622132,-0.008671431,992.12866
338,0.5787419,0.682595,-0.01493508,992.12866
339,0.38332492,0.6572364,1.244247e-06,992.12866
340,0.24712089,0.6198099,0.004147833,992.12866
341,0.46681017,0.6659479,-0.000597976,992.12866
342,0.45215195,0.7423045,-0.011891497,992.12866
343,0.48476034,0.7506591,-0.007187756,992.12866
344,0.13080497,0.697092,5.2772462e-05,992.12866
345,0.31443945,0.6279534,-0.0017006305,992.12866
346,0.40181184,0.6704067,-0.006954468,992.12866
347,0.5766163,0.7341928,-0.015027501,992.12866
348,0.32294697,0.7030704,-0.0008440462,992.12866
349,0.29403484,0.65283436,0.001506141,992.12866
350,0.45627236,0.6999367,-0.003995516,992.12866
351,0.42323118,0.78109396,-0.0147653585,992.12866
352,0.5087723,0.78598297,-0.007865951,992.12866
353,0.09710282,0.719134,0.0017164778,992.12866
354,0.42017263,0.69869304,-0.00030753762,992.12866
355,0.45308226,0.7468724,-0.00956538,992.12866
356,0.6068203,0.7872781,-0.019255953,992.12866
357,0.29622912,0.7918396,-0.0014815988,992.12866
358,0.23897265,0.71238613,0.0001372993,992.12866
359,0.38691482,0.7327264,-0.0032944037,992.12866
360,0.45076254,0.83029884,-0.01154957,992.12866
361,0.44762903,0.86188895,-0.0053431173,992.12866
362,0.31131455,0.8161651,-0.00013487041,992.12866
363,0.42027998,0.7987656,-0.0058223833,992.12866
364,0.39473167,0.86292964,-0.014569055,992.12866
365,0.6632899,0.89041716,-0.021811228,992.12866
366,0.3976679,0.8384378,0.00030275434,992.12866
367,0.3364978,0.7652616,0.0039107297,992.12866
368,0.48607224,0.7978772,-0.0028394456,992.12866
369,0.44968277,0.89356387,-0.015197111,992.12866
370,0.5324748,0.9063913,-0.007345566,992.12866
371,0.086509004,0.8607172,0.0029911452,992.12866
372,0.41058758,0.84331906,0.00087127805,992.12866
373,0.4261633,0.88640493,-0.0075307926,992.12866
374,0.6607997,0.91001076,-0.015516845,992.12866
375,0.41452166,0.8767473,0.0053365985,992.12866
376,0.32859337,0.82380015,0.009373799,992.12866
377,0.4892752,0.8569523,0.0030469426,992.12866
378,0.44816056,0.94113594,-0.0086486265,992.12866
379,0.5465374,0.94653153,-0.00047910208,992.12866
380,0.03805819,0.90828437,0.00975907,992.12866
381,0.42244464,0.88791704,0.0073560257,992.12866
382,0.42919207,0.915428,-0.0009224337,992.12866
383,0.6683631,0.92891186,-0.008537107,992.12866
384,0.40897638,0.8915355,0.011580516,992.12866
385,0.3386208,0.83330077,0.015041401,992.12866
386,0.49463493,0.8607322,0.008691069,992.12866
387,0.45292172,0.93915194,-0.0026148125,992.12866
388,0.54143196,0.9374344,0.0047897915,992.12866
389,0.08606435,0.89034885,0.014311064,992.12866
390,0.42607185,0.867099,0.011818156,992.12866
391,0.4342914,0.90352774,0.0037211303,992.12866
392,0.66102415,0.9196739,-0.0037022284,992.12866
393,0.40560567,0.886398,0.015014548,992.12866
394,0.3406554,0.83104306,0.01839946,992.12866
395,0.49373835,0.86157936,0.012261365,992.12866
396,0.45405763,0.9452513,0.0013740351,992.12866
397,0.54043734,0.94963557,0.008496564,992.12866
398,0.10762137,0.91390777,0.017637225,992.12866
399,0.42891073,0.8853553,0.015073072,992.12866
400,0.43471175,0.9157443,0.0071251295,992.12866
401,0.665852,0.9276341,-0.00012420118,992.12866
402,0.4029502,0.8881859,0.018396407,992.12866
403,0.33991012,0.8247408,0.021638194,992.12866
404,0.4923106,0.84980464,0.015654923,992.12866
405,0.44804004,0.93052673,0.0052386043,992.12866
406,0.5420855,0.9276511,0.012154224,992.12866
407,0.03551033,0.8733165,0.021228839,992.12866
408,0.41507047,0.8435271,0.019200178,992.12866
409,0.18847796,0.8788238,0.014302029,992.12866
410,0.67543864,0.90969956,0.012836235,992.12866
411,0.3578386,0.87380236,0.029611122,992.12866
412,0.30246532,0.7863032,0.03165727,992.12866
413,0.427913,0.7735834,0.027670125,992.12866
414,0.43565503,0.84049344,0.020626344,992.12866
415,0.46036693,0.83981013,0.025463482,992.12866
416,0.31601286,0.7644909,0.029956123,992.12866
417,0.46421185,0.726087,0.025106158,992.12866
418,0.32635742,0.78939176,0.016646663,992.12866
419,0.65280986,0.8345009,0.014321188,992.12866
420,0.3890211,0.7896737,0.029759482,992.12866
421,0.29207367,0.7003548,0.032736667,992.12866
422,0.47336453,0.7052981,0.028425558,992.12866
423,0.4716227,0.76426905,0.019530306,992.12866
424,0.44593984,0.7531603,0.022218779,992.12866
425,0.28682515,0.6849431,0.026077524,992.12866
426,0.38181505,0.6035066,0.022528486,992.12866
427,0.42537782,0.6481708,0.016751204,992.12866
428,0.54658335,0.69716585,0.009598019,992.12866
429,0.27942064,0.6665639,0.01942767,992.12866
430,0.25580475,0.6201903,0.022728229,992.12866
431,0.33744746,0.666083,0.024124328,992.12866
432,0.39596516,0.74081856,0.019067895,992.12866
433,0.45554933,0.74730074,0.02355253,992.12866
434,0.21853773,0.6107285,0.0285969,992.12866
435,0.42981526,0.55754006,0.025521811,992.12866
436,0.46172628,0.5581987,0.018075678,992.12866
437,0.48008206,0.5736994,0.009908888,992.12866
438,0.2874826,0.5102999,0.017184524,992.12866
439,0.28559452,0.48006418,0.01891633,992.12866
440,0.50060576,0.55193615,0.013984505,992.12866
441,0.5010217,0.6349176,0.0021997278,992.12866
442,0.43307745,0.63385475,0.0023868333,992.12866
443,0.23911041,0.65498275,0.007820416,992.12866
444,0.39348245,0.6238176,0.003918292,992.12866
445,0.55528903,0.5951424,-0.0023297102,992.12866
446,0.08416297,0.5884014,0.008049314,992.12866
447,0.33636552,0.5099733,0.0066203764,992.12866
448,0.37928668,0.53217024,0.0015031087,992.12866
449,0.3484364,0.61967236,-0.004855326,992.12866
450,0.4546868,0.64358574,0.0010963673,992.12866
451,0.16597459,0.5885298,0.0074220942,992.12866
452,0.40683073,0.5823135,0.004565654,992.12866
453,0.42339903,0.6342226,-0.0033058475,992.12866
454,0.56858087,0.67490286,-0.010967328,992.12866
455,0.26977083,0.6728389,0.0030715142,992.12866
456,0.20191546,0.5564051,0.0044648275,992.12866
457,0.37503296,0.57451874,0.001841148,992.12866
458,0.44635683,0.6666287,-0.005590537,992.12866
459,0.40050787,0.6985429,-0.0022750902,992.12866
460,0.20764054,0.63187534,0.0022098308,992.12866
461,0.3810187,0.6146794,-0.0008873117,992.12866
462,0.4072102,0.6747204,-0.008115314,992.12866
463,0.5903976,0.7191584,-0.015599049,992.12866
464,0.25881973,0.7156085,0.00021289289,992.12866
465,0.22561619,0.58669233,0.0013863286,992.12866
466,0.37943304,0.60229653,-0.0015316146,992.12866
467,0.4521887,0.73225003,-0.009359703,992.12866
468,0.4141981,0.7829109,-0.005032191,992.12866
469,0.2614032,0.72003156,-0.00044168523,992.12866
470,0.3937623,0.7009888,-0.004683117,992.12866
471,0.39748314,0.76365924,-0.01245966,992.12866
472,0.62736064,0.80460393,-0.019748555,992.12866
473,0.3948347,0.7513988,-0.0008100865,992.12866
474,0.30527368,0.67776126,0.0031857453,992.12866
475,0.4839631,0.71870416,-0.0028531693,992.12866
476,0.454029,0.82045513,-0.0152373435,992.12866
477,0.5146743,0.8400835,-0.00889432,992.12866
478,0.1639465,0.777601,0.0011489312,992.12866
479,0.41080347,0.76032484,-0.00030951947,992.12866
480,0.44653976,0.8161946,-0.009168285,992.12866
481,0.6336129,0.8539408,-0.018402338,992.12866
482,0.30487475,0.8497741,0.0011018732,992.12866
483,0.25178486,0.7478995,0.0026618922,992.12866
484,0.38022828,0.7610323,-0.0008167324,992.12866
485,0.44163275,0.87384593,-0.00849707,992.12866
486,0.46621177,0.8978078,-0.0013554161,992.12866
487,0.3209379,0.8447567,0.0041441154,992.12866
488,0.41099074,0.81671005,-0.0014715033,992.12866
489,0.37254786,0.87063074,-0.0091745425,992.12866
490,0.6669709,0.9028158,-0.015148284,992.12866
491,0.37878916,0.8576842,0.0056798514,992.12866
492,0.34992602,0.78395605,0.008449911,992.12866
493,0.48280567,0.8148288,0.0017513091,992.12866
494,0.44905716,0.91170067,-0.009786046,992.12866
495,0.52837354,0.92299485,-0.0021528117,992.12866
496,0.12755366,0.8754486,0.0072208648,992.12866
497,0.42298606,0.853751,0.0043535475,992.12866
498,0.42958185,0.9001849,-0.0041676885,992.12866
499,0.6636567,0.9268637,-0.012124822,992.12866
500,0.4038579,0.8936871,0.008220173,992.12866
501,0.3450126,0.8326485,0.011709296,992.12866
502,0.4948615,0.9078782,0.0050763264,992.12866
503,0.45341188,0.9572715,-0.0066743167,992.12866
504,0.5463668,0.9538764,0.0013437708,992.12866
505,0.09747599,0.90127313,0.01131028,992.12866
506,0.4290024,0.87306744,0.008629621,992.12866
507,0.43259668,0.91355944,0.00020410866,992.12866
508,0.6671468,0.933292,-0.007460023,992.12866
509,0.41073078,0.8991432,0.012397703,992.12866
510,0.33249593,0.8386364,0.015931075,992.12866
511,0.4909408,0.86869806,0.0098137455,992.12866
512,0.44923908,0.9499162,-0.0011617461,992.12866
513,0.5447656,0.9508799,0.0064513525,992.12866
514,0.10718646,0.9041634,0.015934765,992.12866
515,0.4242513,0.87861437,0.013369023,992.12866
516,0.42666912,0.92038655,0.0055420566,992.12866
517,0.66826034,0.94439167,-0.001390106,992.12866
518,0.4071785,0.9283523,0.017482376,992.12866
519,0.33742177,0.83278257,0.020763993,992.12866
520,0.49118593,0.8585443,0.01480334,992.12866
521,0.45039377,0.94228244,0.004337104,992.12866
522,0.5403365,0.94022405,0.011347596,992.12866
523,0.109095976,0.8843697,0.020272858,992.12866
524,0.42450792,0.8520212,0.017805459,992.12866
525,0.43092516,0.88988936,0.010240748,992.12866
526,0.6561023,0.9077619,0.0033894198,992.12866
527,0.4000062,0.86610734,0.020648306,992.12866
528,0.33357608,0.7951644,0.023718314,992.12866
529,0.37999794,0.8237655,0.01798143,992.12866
530,0.34354532,0.9148775,0.01320733,992.12866
531,0.5417771,0.9209739,0.022000544,992.12866
532,0.18959141,0.84326386,0.029793052,992.12866
533,0.2947795,0.7479282,0.030008923,992.12866
534,0.48682082,0.8059385,0.025578579,992.12866
535,0.56776506,0.85920525,0.015656354,992.12866
536,0.1964747,0.79810125,0.025431853,992.12866
537,0.37171322,0.7185458,0.02496092,992.12866
538,0.47104055,0.74172306,0.018889777,992.12866
539,0.4339914,0.82157195,0.009748648,992.12866
540,0.50781304,0.8142044,0.015220389,992.12866
541,0.3436141,0.7237082,0.022767259,992.12866
542,0.046948012,0.68584776,0.025596062,992.12866
543,0.37806526,0.74258876,0.02380684,992.12866
544,0.40606332,0.7940341,0.028323758,992.12866
545,0.28248054,0.7154457,0.031486828,992.12866
546,0.41554874,0.6729584,0.027866445,992.12866
547,0.44400892,0.7069858,0.021203272,992.12866
548,0.5664591,0.7175558,0.01386493,992.12866
549,0.071704336,0.68490857,0.02434168,992.12866
550,0.34964153,0.5418516,0.022730187,992.12866
551,0.43349615,0.5428658,0.01774976,992.12866
552,0.4719263,0.6318799,0.0095126135,992.12866
553,0.37957042,0.6954093,0.010766059,992.12866
554,0.12158466,0.6275625,0.014671069,992.12866
555,0.3765528,0.62062496,0.012837084,992.12866
556,0.42940632,0.6712532,0.006325965,992.12866
557,0.576351,0.6945642,-0.0011225338,992.12866
558,0.27443558,0.6755352,0.012108419,992.12866
559,0.19726579,0.542347,0.013577161,992.12866
560,0.3756079,0.5640038,0.0113289645,992.12866
561,0.4518153,0.6673539,0.004482,992.12866
562,0.38909116,0.7079172,0.007164847,992.12866
563,0.22037424,0.64292973,0.010923495,992.12866
564,0.3844673,0.6239974,0.007898411,992.12866
565,0.41150168,0.67650115,0.0011452133,992.12866
566,0.5850571,0.7055064,-0.0059300708,992.12866
567,0.2568465,0.68199533,0.008213602,992.12866
568,0.2160927,0.50498915,0.009325174,992.12866
569,0.37001872,0.5312345,0.006711084,992.12866
570,0.44754627,0.656418,-0.00022365153,992.12866
571,0.392343,0.7030651,0.0026775906,992.12866
572,0.19503142,0.6396388,0.006774112,992.12866
573,0.36511642,0.6239956,0.004134862,992.12866
574,0.3974145,0.6822195,-0.0021607317,992.12866
575,0.59057033,0.7208799,-0.008853516,992.12866
576,0.37836778,0.66602683,0.00586041,992.12866
577,0.2859201,0.6044207,0.009416055,992.12866
578,0.48576596,0.6506026,0.004012928,992.12866
579,0.45895752,0.7407821,-0.007644086,992.12866
580,0.49053955,0.7540729,-0.0034075242,992.12866
581,0.035648715,0.70113194,0.00403139,992.12866
582,0.30794114,0.6370319,0.0029797612,992.12866
583,0.40627843,0.69000953,-0.0019511478,992.12866
584,0.5808398,0.7407028,-0.009834099,992.12866
585,0.3163096,0.6970956,0.0038355696,992.12866
586,0.30386093,0.61071223,0.0058816057,992.12866
587,0.45831385,0.6808137,0.0003831759,992.12866
588,0.42116696,0.78384686,-0.009932965,992.12866
589,0.5111552,0.7874336,-0.0032814175,992.12866
590,0.1337269,0.7040738,0.0059771715,992.12866
591,0.41118947,0.6759632,0.0042665633,992.12866
592,0.44751886,0.72912353,-0.004184147,992.12866
593,0.60013044,0.7747268,-0.013052675,992.12866
594,0.2846052,0.78015524,0.0032417807,992.12866
595,0.23260777,0.68541306,0.004761719,992.12866
596,0.38278222,0.7067361,0.0017357225,992.12866
597,0.44711515,0.81163925,-0.0059132627,992.12866
598,0.4426135,0.8426691,-0.0002354607,992.12866
599,0.30614486,0.7832147,0.0046389806,992.12866
600,0.41662687,0.75411665,-0.0006047933,992.12866
601,0.39527276,0.8144242,-0.008748971,992.12866
602,0.64687604,0.8573042,-0.015602662,992.12866
603,0.39244092,0.80120265,0.0040066247,992.12866
604,0.31605276,0.6985068,0.0076266313,992.12866
605,0.4815905,0.7424737,0.0016582368,992.12866
606,0.45225355,0.8565495,-0.009950868,992.12866
607,0.5181892,0.87565297,-0.0033528153,992.12866
608,0.09063228,0.81433624,0.006048173,992.12866
609,0.41613418,0.79352796,0.0040093,992.12866
610,0.4404032,0.8464757,-0.0045080995,992.12866
611,0.64331967,0.87771773,-0.0129613755,992.12866
612,0.41113356,0.835568,0.006121893,992.12866
613,0.32379705,0.76965994,0.010165482,992.12866
614,0.49583113,0.80924946,0.0038977438,992.12866
615,0.4572786,0.90578943,-0.008153294,992.12866
616,0.53626984,0.9119618,-0.0010151337,992.12866
617,0.09661634,0.8489546,0.008998635,992.12866
618,0.42602733,0.82149005,0.006889986,992.12866
619,0.44454244,0.8765889,-0.001783041,992.12866
620,0.65365654,0.92899036,-0.010184182,992.12866
621,0.4132322,0.86654353,0.009243373,992.12866
622,0.32484612,0.7894416,0.013226548,992.12866
623,0.4953314,0.82765496,0.007112822,992.12866
624,0.45718125,0.9203312,-0.0045039714,992.12866
625,0.5376494,0.9221901,0.0025675164,992.12866
626,0.059526917,0.8611447,0.012243753,992.12866
627,0.4274081,0.83197904,0.01000794,992.12866
628,0.44287312,0.876159,0.0015883207,992.12866
629,0.6510793,0.9004035,-0.0063810446,992.12866
630,0.4115229,0.8615049,0.012150985,992.12866
631,0.32816666,0.7960267,0.015928356,992.12866
632,0.49461684,0.83141404,0.009903031,992.12866
633,0.45690155,0.92309904,-0.0013406415,992.12866
634,0.5362885,0.926702,0.005536857,992.12866
635,0.06154676,0.8689661,0.0148567865,992.12866
636,0.42949083,0.8410125,0.0124634,992.12866
637,0.44179586,0.8902669,0.0041918503,992.12866
638,0.65566283,0.9226293,-0.003503211,992.12866
639,0.4112784,0.8810871,0.014882932,992.12866
640,0.3270891,0.793076,0.018489935,992.12866
641,0.49489987,0.82739544,0.01256238,992.12866
642,0.45481318,0.9219175,0.001623562,992.12866
643,0.5370572,0.92295086,0.008363692,992.12866
644,0.04750127,0.85807717,0.01752323,992.12866
645,0.42344916,0.8248343,0.015342035,992.12866
646,0.43901283,0.86841786,0.0075112497,992.12866
647,0.6479883,0.8925448,4.517287e-05,992.12866
648,0.4083085,0.8487914,0.017344313,992.12866
649,0.3192389,0.77497554,0.020850377,992.12866
650,0.49150884,0.80900234,0.015249253,992.12866
651,0.45405924,0.9065692,0.0047353897,992.12866
652,0.53176713,0.9113071,0.011054505,992.12866
653,0.04809343,0.84069294,0.01981378,992.12866
654,0.4261404,0.8036999,0.017615544,992.12866
655,0.44152316,0.8609969,0.0098331375,992.12866
656,0.64516157,0.87773395,0.0024910662,992.12866
657,0.40831888,0.81992435,0.019269224,992.12866
658,0.31815833,0.73375505,0.022750162,992.12866
659,0.49372438,0.769071,0.017231947,992.12866
660,0.45759463,0.86881006,0.0067719077,992.12866
661,0.5221002,0.8731722,0.012264909,992.12866
662,0.10620202,0.7956034,0.020741042,992.12866
663,0.42022145,0.75979155,0.019005883,992.12866
664,0.44791737,0.80302954,0.011401516,992.12866
665,0.6228522,0.829767,0.0038723303,992.12866
666,0.2853414,0.81632787,0.019115537,992.12866
667,0.2578076,0.6942444,0.020173434,992.12866
668,0.37957343,0.6937804,0.017166343,992.12866
669,0.44081163,0.80291647,0.01075928,992.12866
670,0.440129,0.8365196,0.015611779,992.12866
671,0.2924676,0.76401496,0.019855592,992.12866
672,0.39973938,0.7120513,0.015716337,992.12866
673,0.38949272,0.7741441,0.00933193,992.12866
674,0.6275277,0.8140482,0.0037128825,992.12866
675,0.36585724,0.7462502,0.018840399,992.12866
676,0.3209421,0.6505607,0.02142716,992.12866
677,0.48066604,0.68515694,0.016096825,992.12866
678,0.45834172,0.78869253,0.0060700695,992.12866
679,0.49383423,0.8039745,0.010379201,992.12866
680,0.13281657,0.72277665,0.018046988,992.12866
681,0.40998632,0.69416565,0.016624056,992.12866
682,0.45057136,0.7389394,0.009111025,992.12866
683,0.59857535,0.76586306,0.0011521348,992.12866
684,0.28917807,0.7502425,0.015441351,992.12866
685,0.21554615,0.61724955,0.016957868,992.12866
686,0.37585616,0.62099975,0.014474476,992.12866
687,0.4410376,0.7264452,0.007966274,992.12866
688,0.420741,0.7622035,0.011858897,992.12866
689,0.24119581,0.68054765,0.01609509,992.12866
690,0.38393062,0.636376,0.012853151,992.12866
691,0.3939227,0.6922676,0.0066433162,992.12866
692,0.59604657,0.7442148,0.0006434916,992.12866
693,0.37360322,0.6748409,0.0144577455,992.12866
694,0.28706664,0.5916497,0.017671872,992.12866
695,0.47811505,0.63690275,0.012830192,992.12866
696,0.4576261,0.73458976,0.002504358,992.12866
697,0.47904018,0.7470875,0.006104564,992.12866
698,0.10744163,0.6884495,0.012406166,992.12866
699,0.3154591,0.61740965,0.011052023,992.12866
700,0.40636826,0.67276365,0.0063518835,992.12866
701,0.57032186,0.72139204,-0.0008948665,992.12866
702,0.30288598,0.6736327,0.011090024,992.12866
703,0.30833948,0.5999352,0.01264956,992.12866
704,0.46092448,0.64754313,0.007382526,992.12866
705,0.43003365,0.74522954,-0.0023609207,992.12866
706,0.4974059,0.7444295,0.0028280686,992.12866
707,0.16947134,0.6374766,0.011251838,992.12866
708,0.40916073,0.61389554,0.010052162,992.12866
709,0.4538687,0.67246574,0.002031733,992.12866
710,0.5748795,0.7183783,-0.0065933987,992.12866
711,0.29624608,0.7211537,0.007451865,992.12866
712,0.17712152,0.609091,0.009353395,992.12866
713,0.37475497,0.6328329,0.00713901,992.12866
714,0.44324988,0.73834825,0.00013384223,992.12866
715,0.4227348,0.77041453,0.004455358,992.12866
716,0.2633477,0.69664735,0.008911649,992.12866
717,0.4013255,0.66692615,0.00491107,992.12866
718,0.4017267,0.7264982,-0.0024110924,992.12866
719,0.6113805,0.76847005,-0.009064127,992.12866
720,0.3953245,0.70216435,0.0070893764,992.12866
721,0.28487143,0.6129031,0.011020443,992.12866
722,0.4800038,0.65285987,0.0058685085,992.12866
723,0.45689216,0.7635922,-0.0052780905,992.12866
724,0.49269757,0.7879942,-0.00076767785,992.12866
725,0.09141023,0.71903694,0.00644172,992.12866
726,0.31016576,0.65033215,0.00511533,992.12866
727,0.40129346,0.7238485,0.00031983107,992.12866
728,0.59411865,0.7880454,-0.007183711,992.12866
729,0.30981073,0.7419463,0.0067787985,992.12866
730,0.32361668,0.66995686,0.008320675,992.12866
731,0.46301258,0.7203521,0.002477402,992.12866
732,0.4269539,0.82218796,-0.007806253,992.12866
733,0.51808935,0.8238402,-0.0008715909,992.12866
734,0.08287151,0.7332555,0.008309076,992.12866
735,0.41946557,0.69371545,0.006236122,992.12866
736,0.44427946,0.7503477,-0.0022462716,992.12866
737,0.6106209,0.80110615,-0.010719655,992.12866
738,0.2877551,0.80556345,0.0058682105,992.12866
739,0.23102875,0.6912195,0.0073666275,992.12866
740,0.37268308,0.70794463,0.004434943,992.12866
741,0.44180587,0.8345805,-0.0026396078,992.12866
742,0.44807073,0.8795424,0.0033878402,992.12866
743,0.32021832,0.798458,0.008107589,992.12866
744,0.41488716,0.7571014,0.0027290662,992.12866
745,0.38499403,0.822164,-0.004925211,992.12866
746,0.649371,0.8654642,-0.011124985,992.12866
747,0.37934864,0.80637616,0.007725584,992.12866
748,0.32775626,0.7101226,0.01077348,992.12866
749,0.48067185,0.74742347,0.004756675,992.12866
750,0.45137438,0.863661,-0.006397025,992.12866
751,0.5166643,0.88316053,6.784499e-05,992.12866
752,0.06633034,0.8151269,0.009012149,992.12866
753,0.41686946,0.7865289,0.006726342,992.12866
754,0.4380689,0.84237534,-0.001540339,992.12866
755,0.6428899,0.8784341,-0.009713573,992.12866
756,0.40427014,0.8285246,0.008768772,992.12866
757,0.3220036,0.7450434,0.012578307,992.12866
758,0.49411967,0.79545885,0.0065244175,992.12866
759,0.45791107,0.9084714,-0.0051255594,992.12866
760,0.5335637,0.9108622,0.0017650182,992.12866
761,0.049994938,0.8348631,0.011337821,992.12866
762,0.43086046,0.80020064,0.0090300515,992.12866
763,0.44790408,0.85361445,0.00034236908,992.12866
764,0.64494073,0.88548505,-0.008042728,992.12866
765,0.41193616,0.83987546,0.010401923,992.12866
766,0.31689733,0.76410943,0.0143986745,992.12866
767,0.49388677,0.8039919,0.008538455,992.12866
768,0.45829436,0.90320736,-0.0028700226,992.12866
769,0.53209615,0.9082537,0.003749539,992.12866
770,0.072753705,0.83951396,0.013133939,992.12866
771,0.4281332,0.8083202,0.010979569,992.12866
772,0.4468858,0.8602331,0.002553636,992.12866
773,0.6450187,0.89137375,-0.0055689304,992.12866
774,0.41368002,0.8468668,0.012451347,992.12866
775,0.3210946,0.7681252,0.016360393,992.12866
776,0.4948422,0.8118038,0.010497519,992.12866
777,0.45832595,0.91878235,-0.00072260184,992.12866
778,0.53470063,0.9301869,0.0059782965,992.12866
779,0.036554772,0.85373837,0.0152180055,992.12866
780,0.4317484,0.81071126,0.012887971,992.12866
781,0.44668767,0.86348355,0.0045081293,992.12866
782,0.645823,0.894161,-0.0034817092,992.12866
783,0.41340962,0.8438575,0.0142664155,992.12866
784,0.31555772,0.7610344,0.018074173,992.12866
785,0.49397972,0.80016685,0.012366527,992.12866
786,0.45670658,0.9049832,0.0014063407,992.12866
787,0.53190017,0.9103314,0.007821824,992.12866
788,0.031769536,0.8332408,0.016857583,992.12866
789,0.42598718,0.7953259,0.014710697,992.12866
790,0.44502583,0.84907156,0.0066696154,992.12866
791,0.64050555,0.8856453,-0.0011151503,992.12866
792,0.41125414,0.8326923,0.015911836,992.12866
793,0.31212458,0.73647577,0.019655034,992.12866
794,0.493605,0.78360724,0.0140997935,992.12866
795,0.4577428,0.8912379,0.0033192285,992.12866
796,0.5271707,0.894283,0.009346682,992.12866
797,0.041224483,0.8121911,0.018112807,992.12866
798,0.427039,0.7733391,0.016034106,992.12866
799,0.4492508,0.8241084,0.008000158,992.12866
800,0.63063335,0.85457367,0.00011176616,992.12866
801,0.41189945,0.7997911,0.016366092,992.12866
802,0.30125087,0.7153329,0.020194793,992.12866
803,0.4923398,0.75541157,0.014881382,992.12866
804,0.45825452,0.8592345,0.004211505,992.12866
805,0.52018815,0.865056,0.009689892,992.12866
806,0.110292085,0.7792986,0.018306242,992.12866
807,0.4226889,0.74273473,0.016590867,992.12866
808,0.45318955,0.7969792,0.008661195,992.12866
809,0.61967546,0.83190906,0.00063136953,992.12866
810,0.29566106,0.82075083,0.0161862,992.12866
811,0.2479196,0.6679099,0.017510865,992.12866
812,0.3768048,0.67727983,0.014571403,992.12866
813,0.44102713,0.80627817,0.008068818,992.12866
814,0.43908447,0.8429964,0.013015511,992.12866
815,0.29526863,0.763731,0.01730331,992.12866
816,0.40040305,0.71919394,0.013011011,992.12866
817,0.3858967,0.776859,0.006508519,992.12866
818,0.63077205,0.8180718,0.00088664115,992.12866
819,0.37125444,0.74967456,0.016616706,992.12866
820,0.31651118,0.64666,0.019397276,992.12866
821,0.47886893,0.68095696,0.014083839,992.12866
822,0.45678958,0.7941496,0.0039463355,992.12866
823,0.49574754,0.8138717,0.008493666,992.12866
824,0.123362966,0.72764343,0.0163153,992.12866
825,0.4105374,0.6976493,0.014791443,992.12866
826,0.4492241,0.7519081,0.0071592513,992.12866
827,0.60424006,0.78591895,-0.0008033288,992.12866
828,0.28315675,0.7696637,0.014001794,992.12866
829,0.23080498,0.6163523,0.015346506,992.12866
830,0.37779006,0.614914,0.012603546,992.12866
831,0.4419523,0.74742144,0.005926502,992.12866
832,0.42700583,0.78945506,0.010180479,992.12866
833,0.25461617,0.7011561,0.014553286,992.12866
834,0.38843414,0.6593512,0.0110077355,992.12866
835,0.39241743,0.72721756,0.00459521,992.12866
836,0.6100654,0.7748648,-0.0014665339,992.12866
837,0.37142244,0.7049124,0.013361454,992.12866
838,0.3033717,0.60560554,0.016401382,992.12866
839,0.48093176,0.6532605,0.011171829,992.12866
840,0.45709923,0.77210075,0.000588022,992.12866
841,0.4902829,0.7895842,0.0048912517,992.12866
842,0.13353978,0.7163281,0.011546611,992.12866
843,0.31922933,0.616529,0.009947671,992.12866
844,0.40301508,0.69048107,0.005173272,992.12866
845,0.579695,0.7584582,-0.002016169,992.12866
846,0.30542892,0.7062109,0.010572061,992.12866
847,0.306504,0.62910813,0.012158739,992.12866
848,0.45588934,0.68083906,0.0069726985,992.12866
849,0.42589337,0.7851553,-0.0025572942,992.12866
850,0.50587046,0.78681874,0.003420153,992.12866
851,0.106202185,0.68740094,0.01186432,992.12866
852,0.41636208,0.6512677,0.01005722,992.12866
853,0.44774312,0.7088577,0.0019273807,992.12866
854,0.5924579,0.75822496,-0.0063716867,992.12866
855,0.29051968,0.759648,0.008545822,992.12866
856,0.20257503,0.6368417,0.0101567125,992.12866
857,0.37511656,0.65377617,0.007685368,992.12866
858,0.44314498,0.77164745,0.00073389686,992.12866
859,0.43112978,0.808595,0.0055479575,992.12866
860,0.28396055,0.72723174,0.010016224,992.12866
861,0.40427458,0.68789506,0.0056340983,992.12866
862,0.3947914,0.75498223,-0.0016179591,992.12866
863,0.62424767,0.8091048,-0.008024691,992.12866
864,0.38627067,0.7250324,0.008715819,992.12866
865,0.29885307,0.60904557,0.01223608,992.12866
866,0.47936472,0.66674244,0.0069033518,992.12866
867,0.45532185,0.795141,-0.0040520276,992.12866
868,0.4989514,0.819158,0.0009629424,992.12866
869,0.13784531,0.75820076,0.008137605,992.12866
870,0.31726882,0.6811993,0.0064456984,992.12866
871,0.39871082,0.7483884,0.0016111268,992.12866
872,0.6040523,0.8166028,-0.00567705,992.12866
873,0.30587378,0.7663067,0.008632646,992.12866
874,0.33123186,0.68135905,0.009975667,992.12866
875,0.46195912,0.73315614,0.004078723,992.12866
876,0.42598423,0.84606355,-0.005956169,992.12866
877,0.52179426,0.84936714,0.0012506238,992.12866
878,0.0628156,0.7500296,0.010259163,992.12866
879,0.42236313,0.6956432,0.007869364,992.12866
880,0.44006622,0.7655416,-0.0004937052,992.12866
881,0.61703944,0.82907635,-0.008600701,992.12866
882,0.28258175,0.826664,0.0080166375,992.12866
883,0.24062766,0.6978378,0.009305156,992.12866
884,0.37199745,0.71347815,0.0063083,992.12866
885,0.4408851,0.84151804,-0.0005896611,992.12866
886,0.44882682,0.8779773,0.0054463274,992.12866
887,0.32514438,0.80378085,0.01004577,992.12866
888,0.41455418,0.76123494,0.0046558483,992.12866
889,0.38642257,0.8274821,-0.0027987063,992.12866
890,0.6496054,0.8741973,-0.008795167,992.12866
891,0.38138148,0.8104382,0.009645132,992.12866
892,0.3269288,0.7009,0.012549181,992.12866
893,0.48183104,0.7400017,0.0065666228,992.12866
894,0.45072186,0.876663,-0.0044124285,992.12866
895,0.51972896,0.9174504,0.0021669157,992.12866
896,0.09543383,0.81895185,0.0110053215,992.12866
897,0.42004135,0.7793943,0.008578202,992.12866
898,0.43795285,0.83836806,0.00036928803,992.12866
899,0.6411,0.8737823,-0.00763347,992.12866
900,0.40295923,0.8178942,0.010375223,992.12866
901,0.32004455,0.7283433,0.014114916,992.12866
902,0.49296638,0.77603483,0.008208634,992.12866
903,0.45852214,0.8880006,-0.0031977405,992.12866
904,0.5271606,0.8968467,0.0031848068,992.12866
905,0.07688546,0.82043815,0.012426935,992.12866
906,0.4282831,0.78658676,0.010292516,992.12866
907,0.44973585,0.8428848,0.0017658527,992.12866
908,0.6403164,0.8769091,-0.0066112503,992.12866
909,0.410604,0.82596207,0.011278894,992.12866
910,0.31588876,0.7414188,0.0152339535,992.12866
911,0.4951105,0.7869512,0.009418588,992.12866
912,0.45962632,0.89566934,-0.0019653337,992.12866
913,0.530385,0.90308195,0.0044175545,992.12866
914,0.09115249,0.82538235,0.013727971,992.12866
915,0.42831752,0.7890798,0.01167818,992.12866
916,0.4498867,0.84990245,0.0032557654,992.12866
917,0.6421846,0.88769865,-0.0049918694,992.12866
918,0.4104233,0.84282076,0.012768981,992.12866
919,0.31807098,0.7391744,0.016649747,992.12866
920,0.49567038,0.7899193,0.010857258,992.12866
921,0.4602257,0.9257275,-0.00039381534,992.12866
922,0.53471106,0.93461126,0.006299956,992.12866
923,0.07536418,0.8266179,0.015467934,992.12866
924,0.43743473,0.7834703,0.012953086,992.12866
925,0.45089445,0.8462712,0.0043393094,992.12866
926,0.63946456,0.891805,-0.003847021,992.12866
927,0.4155907,0.83160526,0.01357142,992.12866
928,0.30543676,0.73345536,0.017524503,992.12866
929,0.4922853,0.7794786,0.012005489,992.12866
930,0.45697242,0.8931153,0.0010618787,992.12866
931,0.5285602,0.8971047,0.007303934,992.12866
932,0.07111388,0.81061316,0.016272187,992.12866
933,0.4285178,0.768383,0.014178733,992.12866
934,0.44881454,0.8274092,0.0059656682,992.12866
935,0.63434744,0.86310345,-0.0020205053,992.12866
936,0.4090655,0.8074094,0.014777745,992.12866
937,0.3097011,0.7169571,0.018638745,992.12866
938,0.4934072,0.7641465,0.013144992,992.12866
939,0.46103507,0.8746693,0.0022223257,992.12866
940,0.5220262,0.88110244,0.007924569,992.12866
941,0.07451172,0.7949756,0.016659789,992.12866
942,0.4272651,0.75699997,0.014684595,992.12866
943,0.45368758,0.8145219,0.0064734654,992.12866
944,0.6266373,0.84941953,-0.001735797,992.12866
945,0.29755273,0.8363022,0.014572958,992.12866
946,0.25315127,0.6882089,0.015891986,992.12866
947,0.37881836,0.68593967,0.012838731,992.12866
948,0.43980014,0.82441276,0.0062021487,992.12866
949,0.44904116,0.86442024,0.011658064,992.12866
950,0.3006277,0.78559643,0.01622684,992.12866
951,0.4023088,0.733839,0.011752867,992.12866
952,0.385543,0.8006372,0.005157253,992.12866
953,0.63772947,0.8503342,-0.00041825318,992.12866
954,0.37287354,0.77595836,0.015885482,992.12866
955,0.3229192,0.6647375,0.018514132,992.12866
956,0.48141938,0.70388997,0.012940278,992.12866
957,0.4532431,0.8316518,0.002614462,992.12866
958,0.5048174,0.8517736,0.007905244,992.12866
959,0.032740764,0.7608501,0.015900493,992.12866
960,0.41872078,0.723466,0.013850092,992.12866
961,0.4454979,0.7797056,0.0059732003,992.12866
962,0.6169552,0.8165284,-0.0019419913,992.12866
963,0.29244712,0.7994619,0.013756344,992.12866
964,0.24073987,0.6462824,0.0150962025,992.12866
965,0.37229207,0.6472986,0.012240877,992.12866
966,0.43996966,0.7786752,0.0057218415,992.12866
967,0.4338925,0.82884115,0.010501885,992.12866
968,0.27969,0.7382395,0.014850239,992.12866
969,0.39255512,0.69176555,0.010838456,992.12866
970,0.38484788,0.76213735,0.0044099996,992.12866
971,0.62391275,0.81652224,-0.00138989,992.12866
972,0.36334005,0.7405166,0.014160876,992.12866
973,0.3216657,0.62514985,0.016810605,992.12866
974,0.4820253,0.66864,0.011236321,992.12866
975,0.45886788,0.81243384,0.000661373,992.12866
976,0.5004711,0.8316787,0.005590023,992.12866
977,0.0909367,0.7259576,0.013703367,992.12866
978,0.41901994,0.6891041,0.011847693,992.12866
979,0.45166016,0.75348127,0.0037095225,992.12866
980,0.60679734,0.79821414,-0.004665333,992.12866
981,0.30476585,0.7781675,0.010910867,992.12866
982,0.21507552,0.6210646,0.012678644,992.12866
983,0.37176374,0.62752366,0.010195773,992.12866
984,0.4407378,0.7574671,0.003533609,992.12866
985,0.42887533,0.8038039,0.008077087,992.12866
986,0.265391,0.7217251,0.012496126,992.12866
987,0.3895504,0.68567324,0.008687865,992.12866
988,0.38771766,0.755496,0.0021613725,992.12866
989,0.6209242,0.80693865,-0.0037541431,992.12866
990,0.37325662,0.73724973,0.011976763,992.12866
991,0.31822875,0.63658243,0.014919128,992.12866
992,0.48397508,0.6817584,0.009284333,992.12866
993,0.45693204,0.8076756,-0.0016070739,992.12866
994,0.5002552,0.8263554,0.0033863054,992.12866
995,0.10565335,0.7303298,0.011693956,992.12866
996,0.4189601,0.6991732,0.009889384,992.12866
997,0.4530866,0.7612842,0.0015737177,992.12866
998,0.6094398,0.80170524,-0.0069668572,992.12866
999,0.2961491,0.78816926,0.0090748705,992.12866
