,action_0,action_1,action_2,action_3,action_4,action_5,cumulative_reward
0,0.0024249484,0.76158875,0.0,0.0007075225,-0.0043329885,0.0007075225,1224.0808
1,0.060268145,0.76139545,-0.078434,0.0011597339,-0.031884965,0.0025826728,1224.0808
2,0.089542896,0.75867486,-0.15038371,0.0017742713,0.24455068,0.009697219,1224.0808
3,0.15293677,0.75871575,-0.19658901,0.0011499262,-0.0033148832,0.015385702,1224.0808
4,0.02693771,0.7492812,-0.19851866,0.0019256435,-0.19401433,0.010499958,1224.0808
5,0.013271666,0.75034446,-0.15117519,0.0028422065,0.009223095,0.004166182,1224.0808
6,0.0927131,0.7559394,-0.06635178,0.003218,0.09383401,0.011829953,1224.0808
7,0.15460777,0.7615862,0.030180447,0.0037447386,0.044842586,0.03207165,1224.0808
8,0.12932707,0.7615074,0.11086169,0.0044735894,0.1785494,0.053362772,1224.0808
9,0.09058222,0.7544933,0.16058798,0.004306232,-0.093536235,0.06197838,1224.0808
10,0.08097111,0.7401361,0.18018706,0.0040512052,-0.09563867,0.051534142,1224.0808
11,0.09741489,0.72693956,0.18123092,0.0036277785,0.0971719,0.031744458,1224.0808
12,0.04538037,0.6814609,0.17820092,0.0028710447,-0.065892406,0.013723801,1224.0808
13,0.07732713,0.7022097,0.18100387,0.002303094,0.1010466,0.0024327096,1224.0808
14,0.06125998,0.68758625,0.19102891,0.0014254152,-0.08424012,-0.0022725905,1224.0808
15,0.109531604,0.7066342,0.20242949,0.0008698752,0.07802516,-0.004578506,1224.0808
16,0.08527637,0.6731095,0.20694569,9.142999e-05,-0.059146125,-0.0069748126,1224.0808
17,0.071437284,0.69912845,0.19829391,-0.00023925735,0.14119281,-0.009778128,1224.0808
18,0.13128611,0.6677979,0.17429294,-0.0013121607,-0.045022838,-0.01374152,1224.0808
19,0.08180662,0.70576394,0.13681404,-0.0013067068,0.090051636,-0.02122362,1224.0808
20,0.016848017,0.6920453,0.09046593,-0.0020861276,-0.01972413,-0.027995415,1224.0808
21,0.020935085,0.7011856,0.040722262,-0.0019334512,-0.03138542,-0.032224894,1224.0808
22,0.043608274,0.7272583,-0.007702861,-0.0015823162,0.018564722,-0.031366587,1224.0808
23,0.056756113,0.7477546,-0.051725164,-0.0013600772,0.026301643,-0.026151856,1224.0808
24,0.06907861,0.7580277,-0.0898722,-0.0010790018,-0.01322331,-0.01934118,1224.0808
25,0.06135483,0.7615155,-0.12165443,-0.0005806663,-0.035262864,-0.012546994,1224.0808
26,0.060246423,0.76004755,-0.1467825,1.6457052e-05,-0.013261657,-0.004749131,1224.0808
27,0.075966716,0.753932,-0.16477826,0.00056085206,0.015828924,0.0055829687,1224.0808
28,0.08956073,0.7425117,-0.17523216,0.001048805,0.021677237,0.017772717,1224.0808
29,0.08508949,0.72588724,-0.17816208,0.0015231583,0.013619778,0.029205626,1224.0808
30,0.06738356,0.7049492,-0.1741908,0.0019573302,0.008857,0.037637282,1224.0808
31,0.034688268,0.68285364,-0.1642745,0.0022973497,-0.018586941,0.042548496,1224.0808
32,0.013878929,0.6623565,-0.14913832,0.0025896064,0.008330282,0.044188686,1224.0808
33,0.0065440424,0.64843106,-0.1287977,0.0026889236,0.009302996,0.044755973,1224.0808
34,0.012473915,0.61534727,-0.10279365,0.0022540286,0.07249782,0.043679185,1224.0808
35,0.012835963,0.6598814,-0.070980355,0.0020263025,-0.04467256,0.04003641,1224.0808
36,0.04365572,0.6231773,-0.03428558,0.0023693757,0.08193625,0.034407366,1224.0808
37,0.026938962,0.6641733,0.005058071,0.0018792058,-0.022265714,0.025802923,1224.0808
38,0.07899772,0.69927007,0.043958344,0.0011867362,-0.0060877684,0.013550291,1224.0808
39,0.113595694,0.73754954,0.07935592,0.0011876698,0.009160106,-0.00094225624,1224.0808
40,0.12440494,0.75629514,0.10943847,0.0009055052,0.030883456,-0.017731167,1224.0808
41,0.07080374,0.7510585,0.13409835,0.0002130439,-0.061042216,-0.03261018,1224.0808
42,0.056704,0.7109387,0.15376726,0.00032649786,-0.035501726,-0.039747845,1224.0808
43,0.034490317,0.70575446,0.16787435,-6.231194e-05,0.10317851,-0.037943367,1224.0808
44,0.025209535,0.69031423,0.17423807,-0.0002297752,-0.060432002,-0.0329478,1224.0808
45,0.009160596,0.7133675,0.17005514,-8.783509e-05,0.075206034,-0.029872078,1224.0808
46,0.04792674,0.6886416,0.1540912,-0.00044384555,-0.015760785,-0.029577827,1224.0808
47,0.024585625,0.71925324,0.1279748,-0.00031208654,0.093313694,-0.03177631,1224.0808
48,0.006259257,0.7042592,0.095784456,-0.0010072188,-0.030730534,-0.03601345,1224.0808
49,0.0014106124,0.7053315,0.062332556,-0.0010560346,-0.055450957,-0.03941405,1224.0808
50,0.020118082,0.745612,0.031153353,-0.0010574611,0.1502565,-0.038167022,1224.0808
51,0.009721257,0.7402403,0.0033084664,-0.001985967,-0.019232497,-0.033104144,1224.0808
52,0.0024313726,0.7425771,-0.022312107,-0.0018476436,-0.09586433,-0.02626961,1224.0808
53,0.036948487,0.7541105,-0.04756591,-0.0014689103,-0.0009931453,-0.016806226,1224.0808
54,0.051022477,0.7607292,-0.07348042,-0.0015538213,0.0705064,-0.0041433237,1224.0808
55,0.026519865,0.7612035,-0.09930252,-0.001787376,0.0109748,0.0075381505,1224.0808
56,0.024789955,0.7567041,-0.12263881,-0.0016529254,-0.04042832,0.013074686,1224.0808
57,0.018289126,0.7474542,-0.14046907,-0.0014169026,-0.007134903,0.013773393,1224.0808
58,0.037439797,0.73451453,-0.15034835,-0.0012672843,0.015858252,0.014204116,1224.0808
59,0.05219386,0.71995425,-0.15108998,-0.0010819266,0.008461142,0.016528685,1224.0808
60,0.04904439,0.7035233,-0.14289379,-0.0007976794,0.0014476987,0.020219246,1224.0808
61,0.03983916,0.6866122,-0.12705855,-0.0005061433,0.008158825,0.023832962,1224.0808
62,0.032153394,0.62306684,-0.105502434,-0.00029448664,0.15036416,0.025866635,1224.0808
63,0.07825786,0.6672488,-0.08027285,-0.00082010974,-0.03226896,0.023159403,1224.0808
64,0.012330429,0.68717575,-0.053182572,-0.00027841583,-0.13043228,0.015018146,1224.0808
65,0.068990774,0.6841966,-0.025644554,-0.00028207953,0.08438908,0.0060751354,1224.0808
66,0.02307659,0.7429798,0.0014002736,-0.0005758796,-0.049443275,0.0005392152,1224.0808
67,0.062362406,0.75567204,0.027926546,-0.00090474583,0.036761638,-0.004243146,1224.0808
68,0.042352255,0.7590471,0.05475143,-0.0009404148,-0.09615548,-0.009228757,1224.0808
69,0.053535268,0.7577518,0.08224162,-0.0005576568,0.14583495,-0.01245205,1224.0808
70,0.035125867,0.72461253,0.10892949,-0.0012761451,-0.019247428,-0.012560033,1224.0808
71,0.0041409843,0.6974002,0.13128136,-0.00096325146,-0.07234906,-0.012875098,1224.0808
72,0.013921,0.728976,0.14480469,-0.0009402422,0.1314639,-0.011882671,1224.0808
73,0.066044174,0.7052493,0.14612526,-0.0015259377,0.0085274195,-0.010103868,1224.0808
74,0.012334363,0.729049,0.13502906,-0.0014258681,0.045251638,-0.01078463,1224.0808
75,0.056679975,0.7147203,0.11471542,-0.0020767767,-0.018292543,-0.015945315,1224.0808
76,0.06139236,0.7147598,0.09018191,-0.0022229385,-0.046417803,-0.021190751,1224.0808
77,0.062184997,0.7333723,0.065878265,-0.003018045,-0.019289928,-0.023937602,1224.0808
78,0.04770707,0.7300938,0.043959334,-0.003055034,-0.0876344,-0.024951031,1224.0808
79,0.031282928,0.74068826,0.024064692,-0.0029460276,0.027051065,-0.021148348,1224.0808
80,0.032857567,0.751034,0.0043832036,-0.0032170068,0.07701972,-0.011705484,1224.0808
81,0.0511893,0.7573089,-0.016770553,-0.003459213,-0.0020472521,-0.0027624834,1224.0808
82,0.018431297,0.76100814,-0.03973346,-0.003360515,-0.03436859,-0.00064870465,1224.0808
83,0.013411504,0.76141024,-0.063177764,-0.0033101216,0.0053779115,-0.0029640256,1224.0808
84,0.013950515,0.759531,-0.08471097,-0.0033246109,0.012807957,-0.004604502,1224.0808
85,0.029037451,0.7553269,-0.101872034,-0.0032139767,-0.00088660384,-0.0029116794,1224.0808
86,0.036457766,0.7477287,-0.11293335,-0.0029779165,-0.0028253905,0.0022003127,1224.0808
87,0.03731467,0.73682255,-0.117139906,-0.0027484682,0.0065483274,0.009218732,1224.0808
88,0.03886428,0.7248592,-0.1146233,-0.0025828762,0.008764823,0.015929226,1224.0808
89,0.03638402,0.71395165,-0.10615107,-0.0024474813,0.003204905,0.020248782,1224.0808
90,0.026707953,0.7044818,-0.09288291,-0.002294615,-0.001184273,0.020921273,1224.0808
91,0.0010013247,0.6781113,-0.076125644,-0.0027208186,0.058110837,0.017952578,1224.0808
92,0.0341836,0.7083083,-0.057144817,-0.002871967,-0.04903169,0.011738559,1224.0808
93,0.021853726,0.6758474,-0.037034474,-0.0023503616,0.07005974,0.0050723804,1224.0808
94,0.009344602,0.73242354,-0.016602235,-0.0027417012,-0.015482345,-0.0016120905,1224.0808
95,0.016108584,0.74240524,0.003921748,-0.0026912352,0.11129256,-0.007013639,1224.0808
96,0.052150693,0.761593,0.025120355,-0.0033441477,-0.029310104,-0.012137216,1224.0808
97,0.050288215,0.7525295,0.047652494,-0.002993381,-0.106752574,-0.015928846,1224.0808
98,0.04386618,0.7492257,0.07096076,-0.003081903,0.06541034,-0.016517112,1224.0808
99,0.0101132635,0.72071224,0.092541076,-0.0031700893,-0.061806805,-0.014092023,1224.0808
100,0.001010638,0.7209397,0.108506784,-0.0027229865,-0.007914147,-0.010310876,1224.0808
101,0.0014438475,0.7330347,0.11523326,-0.0032667015,0.07553846,-0.005853311,1224.0808
102,0.053151492,0.7195158,0.11136559,-0.0034424032,4.585833e-05,-0.003613447,1224.0808
103,0.0012618455,0.7424242,0.09864638,-0.003541193,0.058780372,-0.005389685,1224.0808
104,0.020824796,0.735246,0.08092785,-0.004124386,0.006141864,-0.011735734,1224.0808
105,0.02926849,0.73688656,0.062226087,-0.004322822,-0.03365931,-0.017995223,1224.0808
106,0.06816944,0.75015056,0.044999845,-0.00507624,-0.0022935192,-0.022504847,1224.0808
107,0.0799484,0.7477572,0.029511493,-0.0051108166,-0.14514753,-0.023944208,1224.0808
108,0.046994567,0.76072246,0.014451578,-0.004868069,0.009612434,-0.02231556,1224.0808
109,0.018994365,0.7588859,-0.0016700878,-0.0053382185,-0.0341283,-0.017061213,1224.0808
110,0.015667265,0.75910753,-0.019364554,-0.0053224117,-0.021048464,-0.008817669,1224.0808
111,0.048900288,0.76126194,-0.037792604,-0.005267399,0.04247754,0.0002644405,1224.0808
112,0.06307086,0.7607527,-0.055195767,-0.005401228,0.05750605,0.0068141683,1224.0808
113,0.012188594,0.75353295,-0.06967576,-0.0061103855,-0.01337783,0.005318816,1224.0808
114,0.0027171478,0.7557293,-0.07987768,-0.0058782976,-0.103224285,-0.0033426278,1224.0808
115,0.0338456,0.74990463,-0.08526175,-0.0051877326,-0.033862356,-0.010402809,1224.0808
116,0.025665238,0.7255229,-0.08606906,-0.005460076,0.09999565,-0.010390233,1224.0808
117,0.004926881,0.7353704,-0.083029315,-0.0055871583,-0.057279907,-0.0066005033,1224.0808
118,0.010348047,0.7318639,-0.07690792,-0.004980546,-0.055008527,-0.0014385399,1224.0808
119,0.015227093,0.7023192,-0.06818501,-0.005100192,0.08394488,0.004287464,1224.0808
120,0.018181525,0.7191815,-0.056985788,-0.005303059,-0.027269972,0.0074757654,1224.0808
121,0.014662174,0.71959865,-0.04328176,-0.0049747596,0.09483485,0.0070817447,1224.0808
122,0.012732379,0.7548969,-0.027111135,-0.0055006384,-0.0142713385,0.002412564,1224.0808
123,0.009670746,0.7615523,-0.008495104,-0.0053560715,-0.06389083,-0.004023422,1224.0808
124,0.02456644,0.76159304,0.01231053,-0.005318986,0.08289955,-0.009667345,1224.0808
125,0.028033957,0.74919856,0.034132436,-0.0056195967,-0.06751062,-0.013808704,1224.0808
126,0.0047234087,0.7267987,0.05462603,-0.005072168,-0.06753144,-0.015425415,1224.0808
127,0.009049199,0.7507495,0.070675135,-0.0046841167,0.19472434,-0.0112346895,1224.0808
128,0.12056233,0.7420583,0.07940362,-0.00545541,0.038513906,-0.003585245,1224.0808
129,0.05705102,0.7346906,0.07965626,-0.0050824075,-0.18095134,0.0004046888,1224.0808
130,0.07273071,0.759324,0.072896294,-0.005361373,0.17653492,-0.0008328462,1224.0808
131,0.06324967,0.7418757,0.06256642,-0.00621097,-0.109720826,-0.0030123375,1224.0808
132,0.06739381,0.7383878,0.052336995,-0.005659594,-0.079717875,-0.0041694916,1224.0808
133,0.045778695,0.7565618,0.044438303,-0.0060566124,0.14642918,0.0003602713,1224.0808
134,0.03712246,0.7547787,0.03874226,-0.006663845,-0.014616741,0.005609793,1224.0808
135,0.013556246,0.76158774,0.03332377,-0.0065964777,0.0867229,0.0044481307,1224.0808
136,0.027111217,0.760576,0.025866937,-0.0073361374,-0.02335494,-0.0046031307,1224.0808
137,0.016373647,0.75983435,0.014973003,-0.0072823493,-0.09198469,-0.016591232,1224.0808
138,0.047526475,0.7601334,0.00080752163,-0.0073498962,0.11024711,-0.025828496,1224.0808
139,0.013798753,0.761504,-0.015122333,-0.0078502055,-0.06582091,-0.029519284,1224.0808
140,0.013599892,0.76124936,-0.030694332,-0.0075289723,-0.04804177,-0.028560849,1224.0808
141,0.006183889,0.7502676,-0.04392911,-0.0076958574,0.1518245,-0.021756047,1224.0808
142,0.055366155,0.7560481,-0.05365646,-0.008305378,-0.012848346,-0.013436158,1224.0808
143,0.025406733,0.7555265,-0.059611056,-0.007874718,-0.10698686,-0.008284934,1224.0808
144,0.034075804,0.73717403,-0.062145166,-0.0079540685,0.07092887,-0.005814327,1224.0808
145,0.015189657,0.7437385,-0.0619027,-0.008131806,-0.05687986,-0.004092602,1224.0808
146,0.0018022389,0.7409324,-0.059358962,-0.007767968,-0.017828915,-0.0023496693,1224.0808
147,0.0061901095,0.7291703,-0.05461235,-0.008330055,0.058372956,-0.00016625624,1224.0808
148,0.056313325,0.7532355,-0.047612198,-0.008405724,-0.035656217,0.00014384254,1224.0808
149,0.008972403,0.74984646,-0.038204268,-0.007930268,0.0740214,-0.0030111666,1224.0808
150,0.055728335,0.76139754,-0.026125709,-0.008384658,-0.024728172,-0.010041384,1224.0808
151,0.026974551,0.7579501,-0.011380886,-0.008026773,-0.090606764,-0.017484777,1224.0808
152,0.023799885,0.75030696,0.0051919688,-0.0075322436,0.016962145,-0.019981025,1224.0808
153,0.07762014,0.7450851,0.021600002,-0.007386733,0.07224141,-0.013734092,1224.0808
154,0.077561185,0.7454347,0.035080604,-0.007257573,-0.02240093,-0.0032738124,1224.0808
155,0.01680655,0.75975466,0.043214895,-0.007141696,0.06766944,0.0031699808,1224.0808
156,0.034502733,0.75232816,0.045265317,-0.0074053556,-0.049425445,0.004173519,1224.0808
157,0.013995123,0.7492219,0.042777345,-0.007060271,-0.04103917,0.0033309318,1224.0808
158,0.0030468309,0.7591589,0.038786747,-0.0075291125,0.108278684,0.004376175,1224.0808
159,0.039342713,0.7554166,0.036062278,-0.008124786,0.014250781,0.0061160396,1224.0808
160,0.002400801,0.7615842,0.03573725,-0.008152968,0.10295741,0.0063410755,1224.0808
161,0.012185159,0.76070833,0.03693606,-0.009025533,0.0138865,0.0017870273,1224.0808
162,0.0042865467,0.7596732,0.03750787,-0.009242571,-0.035422668,-0.0050005484,1224.0808
163,0.01465453,0.7614021,0.035279956,-0.009813016,0.07190682,-0.012704883,1224.0808
164,0.031202588,0.7611862,0.029103378,-0.010293742,-0.030585194,-0.02043272,1224.0808
165,0.04631205,0.75815266,0.019277634,-0.010150322,0.09211402,-0.026452495,1224.0808
166,0.07816983,0.7607115,0.0072285463,-0.010774141,-0.045686524,-0.031747025,1224.0808
167,0.100497335,0.76080984,-0.0052104867,-0.0105227465,-0.1443384,-0.035496555,1224.0808
168,0.13316202,0.75520474,-0.016457118,-0.01061108,-0.13890943,-0.03849719,1224.0808
169,0.048918664,0.7573696,-0.025579656,-0.0103821065,-0.04886596,-0.038201697,1224.0808
170,0.018909656,0.75672084,-0.032303106,-0.010401635,0.06402698,-0.028893152,1224.0808
171,0.03367098,0.75431496,-0.036928978,-0.0106583545,0.07713487,-0.01410464,1224.0808
172,0.00627902,0.75090635,-0.039932672,-0.011326701,0.08197547,-0.003479785,1224.0808
173,0.034602713,0.7609126,-0.041453004,-0.011616609,-0.039230138,-0.0023383389,1224.0808
174,0.03373734,0.7610285,-0.04111843,-0.011170222,-0.09129535,-0.007253863,1224.0808
175,0.024210934,0.76158625,-0.038411435,-0.011186246,0.0047371923,-0.014681818,1224.0808
176,0.026690768,0.7581917,-0.03316513,-0.0111575695,-0.094008595,-0.021268304,1224.0808
177,0.06777107,0.7571421,-0.025965273,-0.01057903,-0.04440361,-0.022155285,1224.0808
178,0.09683595,0.7579796,-0.018102597,-0.010190281,0.05582078,-0.014224827,1224.0808
179,0.083540015,0.7603753,-0.011023905,-0.010111861,0.07276473,-0.00079371396,1224.0808
180,0.019830646,0.75829417,-0.0056142863,-0.00995667,0.11417965,0.010107954,1224.0808
181,0.02669166,0.7614626,-0.001691277,-0.010472041,-0.015215854,0.011411601,1224.0808
182,0.0039506205,0.76146966,0.001806148,-0.010205923,-0.07832998,0.0073725716,1224.0808
183,0.006732065,0.7576341,0.0060878084,-0.010141868,0.10739567,0.0027170118,1224.0808
184,0.041858174,0.76091444,0.011861223,-0.010770382,0.014569901,-0.00059233897,1224.0808
185,0.007541866,0.7612201,0.018932994,-0.010754202,-0.06250264,-0.0029657579,1224.0808
186,0.02275582,0.7615419,0.02629222,-0.011355509,0.02713284,-0.0067275157,1224.0808
187,0.014624646,0.7581111,0.03254822,-0.011559718,-0.055724777,-0.011048028,1224.0808
188,0.039349865,0.761586,0.03644699,-0.011371487,0.10902233,-0.014911261,1224.0808
189,0.017382653,0.75752056,0.037270874,-0.01209093,-0.032819085,-0.019354304,1224.0808
190,0.03454211,0.75562716,0.034944694,-0.012016136,-0.07853286,-0.024075162,1224.0808
191,0.074350744,0.76158667,0.029992232,-0.012048195,0.07374202,-0.027183106,1224.0808
192,0.109537385,0.76020515,0.023346076,-0.012418515,-0.09635562,-0.028808054,1224.0808
193,0.023166439,0.7603334,0.01611386,-0.012159386,-0.012455473,-0.027511341,1224.0808
194,0.012700733,0.7615691,0.00926272,-0.012924824,0.05452976,-0.021523606,1224.0808
195,0.01087544,0.7612483,0.0031533956,-0.013091599,-0.04167294,-0.015318384,1224.0808
196,0.002716966,0.756659,-0.0022956363,-0.012841926,0.123440795,-0.010555287,1224.0808
197,0.0010411348,0.7595663,-0.007423755,-0.013667222,0.034133025,-0.009080413,1224.0808
198,0.033236872,0.7605555,-0.012429453,-0.013848699,-0.017515251,-0.009573951,1224.0808
199,0.012128398,0.7562467,-0.017164886,-0.014002806,0.071178325,-0.011695178,1224.0808
200,0.046587463,0.7614682,-0.021238226,-0.0144773275,-0.038731582,-0.016593298,1224.0808
201,0.001197692,0.7614285,-0.024124285,-0.014178399,-0.11768947,-0.022364326,1224.0808
202,0.008949242,0.760678,-0.025435055,-0.014270229,0.025004843,-0.02749531,1224.0808
203,0.006534752,0.76099753,-0.025138984,-0.014374228,-0.070080355,-0.029544469,1224.0808
204,0.031117834,0.7599002,-0.02354751,-0.013869818,-0.04267528,-0.026857931,1224.0808
205,0.06291165,0.7603922,-0.021141876,-0.013571015,0.20205423,-0.018587643,1224.0808
206,0.0016755114,0.76087713,-0.018459553,-0.014304604,-0.022959132,-0.010176661,1224.0808
207,0.017976627,0.7576459,-0.01586506,-0.013900953,-0.07112459,-0.0058181775,1224.0808
208,0.047390778,0.76145,-0.013363387,-0.013339286,0.15019955,-0.002689539,1224.0808
209,0.0046399115,0.7611074,-0.010877826,-0.013921026,-0.01477432,-0.001223797,1224.0808
210,0.02155172,0.7607016,-0.008330702,-0.0137348315,-0.046543665,-0.001160644,1224.0808
211,0.03863396,0.757618,-0.0054234685,-0.013428126,0.14876413,4.0066618e-05,1224.0808
212,0.03432916,0.76083285,-0.0016866571,-0.014202905,-0.0051406403,0.0006598148,1224.0808
213,0.0029701483,0.7614261,0.0032040766,-0.014153804,-0.077825256,-0.0006408816,1224.0808
214,0.002215113,0.76050836,0.009168496,-0.014518874,0.05977034,-0.0035236292,1224.0808
215,0.017656486,0.76052743,0.015527959,-0.014974447,-0.017816404,-0.0070816427,1224.0808
216,0.008419161,0.75865346,0.021236124,-0.014895033,-0.042365745,-0.010516527,1224.0808
217,0.013464024,0.7606038,0.025244595,-0.015525739,0.03444908,-0.015061547,1224.0808
218,0.022600388,0.7556097,0.02682753,-0.015683664,-0.046982188,-0.0199949,1224.0808
219,0.024618194,0.7615923,0.025815982,-0.015351245,0.0999585,-0.023429746,1224.0808
220,0.03864993,0.7606595,0.022506373,-0.015906999,-0.014241099,-0.0258583,1224.0808
221,0.039946042,0.7598425,0.017603306,-0.015692081,-0.08047944,-0.026049227,1224.0808
222,0.041181117,0.76131064,0.012130822,-0.015838709,0.02612748,-0.024147065,1224.0808
223,0.040856346,0.7614868,0.007048546,-0.01599648,-0.07277077,-0.021206833,1224.0808
224,0.009174312,0.75675434,0.003082823,-0.015766982,0.13744923,-0.017019382,1224.0808
225,0.013167286,0.76090276,0.00046362056,-0.016674465,0.017672298,-0.012516791,1224.0808
226,0.032668214,0.7614531,-0.0012042178,-0.016753951,-0.050548878,-0.00980268,1224.0808
227,0.02219774,0.75782907,-0.002576902,-0.016857408,0.07740955,-0.0104300985,1224.0808
228,0.0038084656,0.7615903,-0.004295535,-0.017460162,-0.026620388,-0.015572187,1224.0808
229,0.0120602455,0.76094586,-0.0066194623,-0.01744762,-0.04355766,-0.022356443,1224.0808
230,0.0104592955,0.7607701,-0.009374689,-0.017608585,0.09943411,-0.027723344,1224.0808
231,0.0010010727,0.7604849,-0.012188593,-0.018101433,-0.031665914,-0.031372666,1224.0808
232,0.013556443,0.75819963,-0.014635658,-0.017732197,-0.063983165,-0.031549614,1224.0808
233,0.018423814,0.76152855,-0.01642145,-0.017530203,0.09814473,-0.027572706,1224.0808
234,0.0056937053,0.75996506,-0.017514497,-0.017839843,-0.026618658,-0.02197339,1224.0808
235,0.023118734,0.758196,-0.018020725,-0.0174482,-0.054168522,-0.015658705,1224.0808
236,0.03312349,0.7602853,-0.018041294,-0.017335221,0.10716164,-0.008875881,1224.0808
237,0.013073438,0.76157606,-0.0176314,-0.017712139,-0.036000848,-0.0043872525,1224.0808
238,0.029896248,0.76156884,-0.016523793,-0.01740079,-0.05429932,-0.0023578876,1224.0808
239,0.01863325,0.7579873,-0.014160884,-0.017701453,0.0639369,-0.0019061675,1224.0808
240,0.047703065,0.76159406,-0.010199341,-0.018059893,-0.030682523,-0.003960225,1224.0808
241,0.010351227,0.76109004,-0.0047680642,-0.017866602,-0.08024166,-0.008020238,1224.0808
242,0.0014004138,0.7615939,0.0014975538,-0.018436514,0.022715637,-0.013855953,1224.0808
243,0.010049316,0.75905216,0.0076223942,-0.018652814,-0.039818306,-0.018703984,1224.0808
244,0.016238619,0.7574637,0.012641339,-0.018415825,-0.03424408,-0.020580977,1224.0808
245,0.005565895,0.76007223,0.01586416,-0.01899668,0.036617726,-0.020572672,1224.0808
246,0.007967295,0.75462216,0.01703523,-0.019099057,-0.035770647,-0.019951945,1224.0808
247,0.0021660686,0.7584739,0.01637931,-0.018780056,-0.022959493,-0.018162943,1224.0808
248,0.0040396634,0.76156926,0.014439135,-0.019350015,0.069401465,-0.016361691,1224.0808
249,0.009378496,0.7606793,0.011972174,-0.01957324,-0.0017249045,-0.014955288,1224.0808
250,0.026359487,0.75886834,0.0098198755,-0.01941476,0.15339212,-0.013441097,1224.0808
251,0.015484706,0.76131433,0.008583838,-0.020212157,0.025267059,-0.013812798,1224.0808
252,0.03236427,0.7615571,0.008352724,-0.020308156,-0.019939017,-0.015590897,1224.0808
253,0.021416109,0.7597812,0.0086978795,-0.020777857,0.057747055,-0.018534318,1224.0808
254,0.017534118,0.7612363,0.0088118315,-0.02119568,-0.03305031,-0.02315828,1224.0808
255,0.016211517,0.7604622,0.0079908315,-0.02112209,0.1119661,-0.027480967,1224.0808
256,0.002609525,0.76072824,0.0058850683,-0.021886919,-0.01141928,-0.031902127,1224.0808
257,0.010267401,0.75776327,0.0025737428,-0.021810958,-0.05362934,-0.034523692,1224.0808
258,0.017458066,0.76138884,-0.0014892255,-0.021456541,0.11749405,-0.0340063,1224.0808
259,0.0033519752,0.7603388,-0.0057863127,-0.022072151,-0.0020886676,-0.03257624,1224.0808
260,0.019610813,0.7599286,-0.009881644,-0.021899324,-0.049729757,-0.030007137,1224.0808
261,0.023423588,0.7586525,-0.0134158125,-0.021437371,0.11106894,-0.025711944,1224.0808
262,0.008354195,0.7610961,-0.016085794,-0.021996006,-0.0021568213,-0.022176625,1224.0808
263,0.022912262,0.7614788,-0.017609121,-0.021893673,-0.037049323,-0.019052655,1224.0808
264,0.018357102,0.7555755,-0.017810987,-0.021941392,0.093292065,-0.016185572,1224.0808
265,0.012980497,0.7615058,-0.016830355,-0.022488182,-0.009923682,-0.0155020775,1224.0808
266,0.023217488,0.7611581,-0.015019276,-0.022427315,-0.03513041,-0.015923262,1224.0808
267,0.013918279,0.7612802,-0.012724342,-0.022827141,0.057826217,-0.01721032,1224.0808
268,0.021873634,0.76027566,-0.010143876,-0.023152273,-0.038220383,-0.01967881,1224.0808
269,0.032150425,0.7587753,-0.0072334786,-0.02286894,-0.06104947,-0.021518108,1224.0808
270,0.015284578,0.7615782,-0.0039594085,-0.023097193,0.035445098,-0.023003798,1224.0808
271,0.011123741,0.75873053,-0.0004926636,-0.023324551,-0.04954021,-0.024920573,1224.0808
272,0.014621385,0.75647587,0.0028653229,-0.02301117,-0.054672483,-0.025387432,1224.0808
273,0.0023987845,0.76149,0.0057061566,-0.023263808,0.06065694,-0.024304554,1224.0808
274,0.0078686895,0.7599647,0.007615672,-0.023543583,-0.017147401,-0.022679497,1224.0808
275,0.018821357,0.76029503,0.008526555,-0.023308484,-0.021319505,-0.019799896,1224.0808
276,0.0065815733,0.7614178,0.008778675,-0.023869399,0.05218195,-0.017463673,1224.0808
277,0.017698271,0.76154244,0.008848354,-0.024099106,-0.0012423635,-0.01656789,1224.0808
278,0.016521936,0.75772583,0.009106076,-0.024352135,0.119823955,-0.016623924,1224.0808
279,0.013744769,0.76157624,0.009506556,-0.025021393,0.013062809,-0.018802244,1224.0808
280,0.028479442,0.7606786,0.0098209,-0.025075356,-0.008493431,-0.021561109,1224.0808
281,0.018608874,0.7614632,0.009847896,-0.02578915,0.04010973,-0.025185363,1224.0808
282,0.028941333,0.75857407,0.009435211,-0.026010139,-0.036201313,-0.029494198,1224.0808
283,0.027933756,0.76147306,0.00854709,-0.02580031,0.1045404,-0.03296336,1224.0808
284,0.0062157493,0.7597327,0.0071211327,-0.026463231,-0.01805859,-0.036735423,1224.0808
285,0.01709175,0.75625956,0.0050795563,-0.02634972,-0.053530786,-0.038963266,1224.0808
286,0.019325301,0.7608495,0.0024120046,-0.025983606,0.113734774,-0.038003676,1224.0808
287,0.006577668,0.76157236,-0.0008321816,-0.026594846,0.00068886374,-0.03604749,1224.0808
288,0.023636615,0.7612792,-0.0042952085,-0.026471183,-0.038619958,-0.033040337,1224.0808
289,0.020720186,0.75803864,-0.007344914,-0.026438762,0.09127012,-0.02934633,1224.0808
290,0.016117005,0.76085186,-0.009469799,-0.026901789,-0.008247675,-0.027330134,1224.0808
291,0.026683178,0.7613347,-0.010460876,-0.026802827,-0.025871985,-0.02625847,1224.0808
292,0.015434669,0.75982046,-0.010504039,-0.027236708,0.07426879,-0.026272036,1224.0808
293,0.018124685,0.7613275,-0.010095014,-0.027690839,-0.012364435,-0.027997702,1224.0808
294,0.025425648,0.76028544,-0.009638385,-0.027604261,-0.029896338,-0.02955688,1224.0808
295,0.010273293,0.76146364,-0.009342611,-0.028202735,0.026609024,-0.03111134,1224.0808
296,0.019696696,0.7583392,-0.009232456,-0.028304756,-0.040165484,-0.032058153,1224.0808
297,0.024234504,0.7583039,-0.00913975,-0.027991798,-0.03602899,-0.030809065,1224.0808
298,0.010542058,0.76110345,-0.008917617,-0.028507542,0.032485414,-0.028855642,1224.0808
299,0.025614774,0.7576191,-0.008458144,-0.028603269,-0.037376534,-0.026923228,1224.0808
300,0.037107754,0.75744206,-0.0075599086,-0.02824958,-0.04739604,-0.024407795,1224.0808
301,0.024337303,0.76159334,-0.0061043063,-0.028676633,0.009998904,-0.023218822,1224.0808
302,0.030358925,0.7613078,-0.0040949457,-0.02870002,-0.05754181,-0.023831306,1224.0808
303,0.028623192,0.7569789,-0.0014703136,-0.028388578,0.10118919,-0.024668973,1224.0808
304,0.00837715,0.76059765,0.0016769466,-0.029096954,-0.0019058299,-0.026691046,1224.0808
305,0.019851098,0.7615782,0.005053009,-0.029187113,-0.023678908,-0.028355885,1224.0808
306,0.013528886,0.7603165,0.008224651,-0.029447135,0.111856684,-0.028969152,1224.0808
307,0.008108267,0.76059455,0.010652034,-0.030166065,0.010380811,-0.030437129,1224.0808
308,0.019492721,0.75767535,0.011951641,-0.030211417,-0.015457307,-0.031847432,1224.0808
309,0.010044458,0.761051,0.011990755,-0.03066146,0.080170326,-0.033147525,1224.0808
310,0.015788024,0.7562014,0.01080452,-0.031031935,-0.0073182494,-0.034812536,1224.0808
311,0.02602927,0.7548747,0.008639684,-0.0308344,-0.019141614,-0.035087503,1224.0808
312,0.013786841,0.76130676,0.005779674,-0.03135419,0.042503063,-0.034704853,1224.0808
313,0.026239447,0.76044244,0.0025234255,-0.031447124,-0.020591049,-0.03387618,1224.0808
314,0.034746658,0.75861204,-0.0005807982,-0.031189572,0.13017364,-0.03177529,1224.0808
315,0.02479716,0.7610401,-0.0029141095,-0.031893417,0.009215473,-0.030857723,1224.0808
316,0.04128864,0.76138395,-0.0040392815,-0.031906214,-0.037435167,-0.031096907,1224.0808
317,0.028363405,0.7587733,-0.0039011415,-0.032265507,0.03953925,-0.032852642,1224.0808
318,0.025469474,0.7615305,-0.0029789126,-0.0325547,-0.046419706,-0.036764786,1224.0808
319,0.027723104,0.75977635,-0.0019178798,-0.032369066,0.10524015,-0.040560443,1224.0808
320,0.011750914,0.7611847,-0.0013236029,-0.033059154,-0.014850558,-0.04439093,1224.0808
321,0.027032882,0.7583668,-0.0015234113,-0.032962713,-0.050753172,-0.046303354,1224.0808
322,0.021945816,0.7615936,-0.0024499604,-0.03293098,0.07899799,-0.045398064,1224.0808
323,0.016195139,0.7588022,-0.0038679894,-0.033331446,-0.024867384,-0.04365487,1224.0808
324,0.028003,0.75652593,-0.0054175695,-0.03308342,-0.04598765,-0.040554572,1224.0808
325,0.023132816,0.76127195,-0.0067797983,-0.033068344,0.094350345,-0.036452483,1224.0808
326,0.019498702,0.7614461,-0.007826883,-0.033580743,-0.0066464995,-0.03358596,1224.0808
327,0.031653117,0.7613166,-0.008350185,-0.03348001,-0.031396125,-0.031231247,1224.0808
328,0.020270126,0.7591638,-0.0081066135,-0.033875138,0.070449024,-0.029664857,1224.0808
329,0.022059983,0.7614723,-0.0070552067,-0.034327846,-0.0057713487,-0.029857462,1224.0808
330,0.028243167,0.7586292,-0.0053483625,-0.03435403,0.14289318,-0.030504145,1224.0808
331,0.013377442,0.7614348,-0.0033708184,-0.035269327,0.019051768,-0.032842766,1224.0808
332,0.028091507,0.7592772,-0.0015744481,-0.035413668,-0.020644626,-0.03545376,1224.0808
333,0.023073975,0.76156133,-0.00025975736,-0.035616208,0.10256009,-0.037158772,1224.0808
334,0.018445572,0.75913787,0.00039488432,-0.036204785,-0.008214433,-0.03906185,1224.0808
335,0.030687489,0.75650364,0.00043782566,-0.036073968,-0.039768457,-0.039689645,1224.0808
336,0.025625037,0.7615461,6.7671805e-05,-0.03608547,0.09097416,-0.038713124,1224.0808
337,0.022184923,0.7598034,-0.0005900073,-0.036537584,-0.017956901,-0.03803085,1224.0808
338,0.036342423,0.7598677,-0.0013928848,-0.03629073,-0.050526798,-0.03680692,1224.0808
339,0.03060698,0.76101536,-0.0020471585,-0.036463894,0.04564921,-0.035378292,1224.0808
340,0.036892366,0.76159286,-0.0021316228,-0.0366453,-0.03823709,-0.035094477,1224.0808
341,0.04177784,0.75559247,-0.0012313838,-0.036390416,0.10603178,-0.035237953,1224.0808
342,0.021407047,0.76076347,0.0006698204,-0.037077736,-0.009408757,-0.037397705,1224.0808
343,0.029772121,0.76128244,0.0031202328,-0.037134912,-0.031400144,-0.040188387,1224.0808
344,0.01695399,0.7614974,0.0054454515,-0.03763764,0.066620015,-0.04272491,1224.0808
345,0.019930126,0.75926316,0.00692059,-0.038092416,-0.015117174,-0.045285854,1224.0808
346,0.027290067,0.75722265,0.007180403,-0.038012497,-0.0207204,-0.046300747,1224.0808
347,0.012779351,0.7601052,0.0062321182,-0.038668126,0.046698995,-0.04674446,1224.0808
348,0.023319865,0.7555518,0.0043225936,-0.038894404,-0.013522919,-0.046875227,1224.0808
349,0.029451752,0.76157486,0.0019114672,-0.03872839,0.14002077,-0.045608487,1224.0808
350,0.016695501,0.7610052,-0.0006381854,-0.0394766,0.020077836,-0.044820633,1224.0808
351,0.03321127,0.7605906,-0.0030168383,-0.039485995,-0.016988164,-0.04373339,1224.0808
352,0.029717114,0.75916636,-0.0048242845,-0.03961375,0.111782864,-0.042002805,1224.0808
353,0.025559878,0.761195,-0.005843627,-0.04023586,0.011095548,-0.04159963,1224.0808
354,0.037278082,0.7615942,-0.0060600564,-0.040274024,-0.013050032,-0.041734964,1224.0808
355,0.025015235,0.7614236,-0.0056924,-0.040965658,0.039066944,-0.04305703,1224.0808
356,0.03535744,0.76044303,-0.005163379,-0.041186318,-0.027363041,-0.045319274,1224.0808
357,0.032827254,0.7614167,-0.0047748876,-0.041337162,0.08734782,-0.047125023,1224.0808
358,0.028159408,0.7597948,-0.004752216,-0.04183241,-0.02623492,-0.049157277,1224.0808
359,0.039144985,0.7576568,-0.005076238,-0.041636195,-0.051720474,-0.049769398,1224.0808
360,0.027409352,0.7614045,-0.0055729197,-0.041889966,0.04433961,-0.048999395,1224.0808
361,0.030787583,0.75806195,-0.006105017,-0.04211343,-0.042137004,-0.04805542,1224.0808
362,0.03884361,0.758495,-0.006501901,-0.041800722,-0.05302788,-0.046022177,1224.0808
363,0.02493537,0.76159346,-0.006676281,-0.04223356,0.01347597,-0.04416153,1224.0808
364,0.034757875,0.76123947,-0.006578309,-0.042276785,-0.041500058,-0.042844694,1224.0808
365,0.038276527,0.75696313,-0.005953111,-0.04203053,0.12102171,-0.041149225,1224.0808
366,0.021153621,0.760297,-0.0046264445,-0.042814627,0.015239792,-0.04117329,1224.0808
367,0.03364145,0.76153713,-0.0026449037,-0.042977646,-0.012969693,-0.04227612,1224.0808
368,0.023486046,0.76126343,-0.00024209614,-0.043537892,0.07763001,-0.04416606,1224.0808
369,0.027151778,0.7597661,0.002092765,-0.04402077,-0.007589866,-0.047249973,1224.0808
370,0.0339893,0.75823945,0.0039513074,-0.04397859,-0.013144054,-0.04959828,1224.0808
371,0.01900046,0.76058185,0.005045649,-0.044682246,0.052868582,-0.051616,1224.0808
372,0.02897371,0.7562021,0.0052346312,-0.04496084,-0.00980636,-0.053082205,1224.0808
373,0.03456433,0.76152915,0.0046564224,-0.044830296,0.13985658,-0.052688573,1224.0808
374,0.02101537,0.75825614,0.0034856924,-0.045588057,0.017778322,-0.052319344,1224.0808
375,0.037510723,0.7584837,0.0019064037,-0.045587037,-0.020961974,-0.051325433,1224.0808
376,0.034518212,0.76097095,0.00020860523,-0.045683537,0.107463285,-0.04940816,1224.0808
377,0.030938014,0.76157683,-0.0012762874,-0.04626906,0.008125945,-0.048558947,1224.0808
378,0.04315575,0.76158494,-0.0021892618,-0.04628523,-0.013922785,-0.048066724,1224.0808
379,0.031189589,0.75969994,-0.002340182,-0.04697639,0.04034658,-0.048734788,1224.0808
380,0.04114882,0.76145387,-0.0019187885,-0.047236104,-0.021339158,-0.05057773,1224.0808
381,0.03775708,0.7607575,-0.0012632089,-0.047477655,0.095863484,-0.05257128,1224.0808
382,0.031766303,0.76073587,-0.0008365123,-0.048102073,-0.013615881,-0.055637393,1224.0808
383,0.040849797,0.7586092,-0.0009122282,-0.04805603,-0.039651237,-0.058087036,1224.0808
384,0.028469801,0.7614195,-0.0015140882,-0.048437845,0.05557284,-0.05953127,1224.0808
385,0.031399548,0.75778455,-0.0025606712,-0.048761517,-0.029993579,-0.060549192,1224.0808
386,0.039377965,0.75640595,-0.0037950615,-0.048531413,-0.039085306,-0.059776884,1224.0808
387,0.025703872,0.76016384,-0.004996375,-0.049031634,0.028303778,-0.05833917,1224.0808
388,0.03680223,0.7595772,-0.006091899,-0.049125362,-0.028999591,-0.056704998,1224.0808
389,0.042382278,0.7596189,-0.0069292258,-0.048887,0.12923191,-0.054098066,1224.0808
390,0.027658975,0.76139516,-0.0072879707,-0.04964051,0.018467907,-0.052782025,1224.0808
391,0.04147026,0.761576,-0.0069421907,-0.049750973,-0.012348637,-0.052321106,1224.0808
392,0.032371853,0.75960505,-0.0057532242,-0.050268903,0.07895818,-0.052699137,1224.0808
393,0.036345072,0.7612637,-0.00395749,-0.050757524,-0.0031161865,-0.054677684,1224.0808
394,0.04326052,0.7606162,-0.0019371303,-0.050777975,0.14095762,-0.056697607,1224.0808
395,0.027367668,0.760646,-0.00014716986,-0.051660758,0.015913937,-0.059682507,1224.0808
396,0.039817467,0.7574308,0.0010559356,-0.051778167,-0.022263896,-0.062046703,1224.0808
397,0.033515327,0.76149565,0.0016015846,-0.051974807,0.10508705,-0.06267393,1224.0808
398,0.028336328,0.75771767,0.0014948352,-0.052594483,0.0017210272,-0.062989,1224.0808
399,0.04041007,0.7548707,0.00089479785,-0.052550044,-0.023136806,-0.062064875,1224.0808
400,0.031402286,0.7612141,3.9261067e-08,-0.052937943,0.07345719,-0.06039889,1224.0808
401,0.036992066,0.7598474,-0.0011080215,-0.053297263,-0.010221139,-0.059310816,1224.0808
402,0.046437968,0.7607289,-0.002200356,-0.053160235,-0.016493132,-0.0578537,1224.0808
403,0.03367214,0.76102453,-0.0029464408,-0.053808436,0.051307112,-0.057242952,1224.0808
404,0.043413807,0.76154596,-0.003122031,-0.05411136,-0.0070223347,-0.05783306,1224.0808
405,0.04107809,0.75856394,-0.002616413,-0.054402806,0.109930515,-0.058849666,1224.0808
406,0.036305755,0.761412,-0.0016821173,-0.05508723,0.004586367,-0.061342582,1224.0808
407,0.046550903,0.75986546,-0.0007106392,-0.05515567,-0.015587127,-0.0637571,1224.0808
408,0.03236246,0.7612225,-6.309527e-05,-0.055871516,0.038569707,-0.066219784,1224.0808
409,0.041526724,0.75783986,-2.1800774e-05,-0.056103975,-0.025920859,-0.06832623,1224.0808
410,0.044801664,0.7615845,-0.00055610226,-0.055944957,0.12633082,-0.06859407,1224.0808
411,0.02899418,0.7592609,-0.0015507168,-0.056700613,0.010528657,-0.06878262,1224.0808
412,0.043354873,0.75573176,-0.0028338372,-0.05672572,-0.02619983,-0.06817449,1224.0808
413,0.039674237,0.76158994,-0.0041569006,-0.056828912,0.10113441,-0.066369675,1224.0808
414,0.03481661,0.7609382,-0.005412539,-0.057367828,-0.00067496375,-0.06514151,1224.0808
415,0.0428784,0.76101893,-0.0063575106,-0.05730251,-0.016461823,-0.06351297,1224.0808
416,0.029001983,0.760896,-0.0067391223,-0.057951074,0.053971745,-0.062079612,1224.0808
417,0.04324964,0.7615191,-0.006603318,-0.058241278,0.0060719466,-0.060934957,1224.0808
418,0.04660008,0.75961524,-0.0061176964,-0.058567047,0.1264827,-0.059702795,1224.0808
419,0.045148507,0.76127744,-0.0056491788,-0.05930584,0.01389674,-0.060439993,1224.0808
420,0.055513937,0.7596512,-0.005402094,-0.059395995,-0.019708717,-0.062393658,1224.0808
421,0.039899804,0.761159,-0.0053396225,-0.06008104,0.026252512,-0.06568782,1224.0808
422,0.047753688,0.7577639,-0.0053518033,-0.060256545,-0.039402492,-0.06923441,1224.0808
423,0.05002433,0.7615739,-0.0052178567,-0.06004592,0.114747345,-0.070770465,1224.0808
424,0.033057302,0.7596506,-0.0049020783,-0.060759958,0.0006830709,-0.07164418,1224.0808
425,0.046114616,0.75614154,-0.0045102863,-0.06075139,-0.034704886,-0.07119188,1224.0808
426,0.04148093,0.761592,-0.004112852,-0.06082435,0.09509658,-0.06929919,1224.0808
427,0.03751686,0.76076007,-0.003878339,-0.061339263,-0.0037424644,-0.0680413,1224.0808
428,0.049871046,0.7607659,-0.0037437163,-0.061254945,-0.018056728,-0.06672128,1224.0808
429,0.0377878,0.76113963,-0.003376812,-0.061884344,0.049624257,-0.066256754,1224.0808
430,0.046477936,0.76158667,-0.0024835686,-0.062160287,0.00024235903,-0.06693623,1224.0808
431,0.038852863,0.7597137,-0.00085568614,-0.062498767,0.1285982,-0.068005376,1224.0808
432,0.02817317,0.761106,0.0012099188,-0.06331426,0.037528284,-0.070455536,1224.0808
433,0.039383754,0.75896907,0.003071841,-0.06356269,0.025909973,-0.07245662,1224.0808
434,0.03332157,0.76050985,0.0040233755,-0.06444415,0.08075723,-0.07391369,1224.0808
435,0.050304893,0.75548816,0.0035469702,-0.06479313,0.008781083,-0.074688405,1224.0808
436,0.05072168,0.7611186,0.0017460546,-0.06502053,0.11669506,-0.07429453,1224.0808
437,0.045731835,0.7569835,-0.00091613276,-0.065597296,0.004792908,-0.07450763,1224.0808
438,0.0561667,0.7551081,-0.003738375,-0.065540686,-0.01836158,-0.07442106,1224.0808
439,0.04434834,0.7611843,-0.006094288,-0.06613139,0.035732243,-0.07457755,1224.0808
440,0.056016676,0.76055825,-0.0077225603,-0.06626844,-0.026951257,-0.07486933,1224.0808
441,0.054194167,0.7596775,-0.008411107,-0.06637604,0.093245275,-0.07446795,1224.0808
442,0.048413176,0.7613333,-0.008173754,-0.066921234,-0.0063787745,-0.07490925,1224.0808
443,0.057066716,0.75694686,-0.0071319956,-0.06692324,0.132542,-0.075431176,1224.0808
444,0.040267263,0.7615684,-0.005532629,-0.067753635,0.0078836875,-0.07736463,1224.0808
445,0.048834242,0.7599141,-0.0037003313,-0.0678607,-0.018576913,-0.079571046,1224.0808
446,0.03395026,0.76154715,-0.0019324423,-0.06837316,0.081455894,-0.08129505,1224.0808
447,0.037579756,0.75815433,-0.0007707822,-0.0688513,0.007358936,-0.082618475,1224.0808
448,0.05094588,0.756217,-0.00063550705,-0.068817,0.0038186107,-0.08178076,1224.0808
449,0.043231353,0.759767,-0.0017175674,-0.06949698,0.06308131,-0.080011845,1224.0808
450,0.056555483,0.75516117,-0.003869624,-0.069728084,-0.0065519377,-0.078334086,1224.0808
451,0.06125064,0.7615779,-0.0064349533,-0.06957761,0.13762541,-0.07638811,1224.0808
452,0.04536347,0.7612268,-0.008701885,-0.07035695,0.02177515,-0.0761923,1224.0808
453,0.0585958,0.7609843,-0.010033789,-0.07047304,-0.011212312,-0.07666168,1224.0808
454,0.04920079,0.76013,-0.009923014,-0.070983805,0.079711504,-0.07724648,1224.0808
455,0.05200347,0.7615857,-0.008381375,-0.071475804,0.0009781834,-0.07864652,1224.0808
456,0.04993909,0.7604918,-0.0057589817,-0.0718478,0.11631145,-0.080094226,1224.0808
457,0.04079066,0.7606894,-0.0026971998,-0.07257596,0.012913051,-0.08265194,1224.0808
458,0.04678567,0.75867623,0.00013786322,-0.07269469,0.004454909,-0.08482638,1224.0808
459,0.03333736,0.7607015,0.0021211316,-0.07349269,0.071765095,-0.08655868,1224.0808
460,0.04925747,0.75619555,0.002667395,-0.07383586,0.0136580225,-0.087343805,1224.0808
461,0.061009627,0.7615338,0.0016615922,-0.07377183,0.15802012,-0.08606769,1224.0808
462,0.05060906,0.75831026,-0.0006291965,-0.07456737,0.030494153,-0.08521341,1224.0808
463,0.06580397,0.7549398,-0.0035708433,-0.07460365,-0.0170634,-0.08467945,1224.0808
464,0.05671537,0.7615636,-0.0062902435,-0.074953705,0.063767,-0.084459566,1224.0808
465,0.060234927,0.7608469,-0.008140416,-0.07524177,-0.018384865,-0.08506054,1224.0808
466,0.066089146,0.75830615,-0.008602943,-0.07511052,0.13154255,-0.08493637,1224.0808
467,0.04827491,0.7608935,-0.007582883,-0.075937115,0.022646388,-0.085599095,1224.0808
468,0.05579674,0.76159257,-0.005378276,-0.07616293,-0.00056098204,-0.08649062,1224.0808
469,0.038849596,0.761582,-0.0025440117,-0.0770077,0.058318723,-0.087999,1224.0808
470,0.046900973,0.7594017,2.821401e-05,-0.07740063,0.009757075,-0.089723274,1224.0808
471,0.046165653,0.7615899,0.001524171,-0.07778579,0.13917904,-0.0902967,1224.0808
472,0.047516454,0.7582596,0.0012974119,-0.07856309,0.037149332,-0.090825774,1224.0808
473,0.06451127,0.7553968,-0.0006664951,-0.07866932,0.0072115385,-0.09053172,1224.0808
474,0.055075783,0.75930685,-0.003747323,-0.079345286,0.051192053,-0.09061592,1224.0808
475,0.065877765,0.7552842,-0.0070616384,-0.07951026,-0.01806919,-0.09146558,1224.0808
476,0.063330606,0.76125264,-0.0096321255,-0.07960803,0.0970688,-0.092097364,1224.0808
477,0.05850642,0.76055956,-0.010966422,-0.08009274,-0.007244992,-0.09332488,1224.0808
478,0.06797231,0.76087445,-0.010978118,-0.07998354,-0.023098255,-0.0936099,1224.0808
479,0.050306633,0.76099604,-0.009713965,-0.08058714,0.043731753,-0.09347003,1224.0808
480,0.053702768,0.76153946,-0.0074671,-0.08086215,0.0010381826,-0.09315004,1224.0808
481,0.043512497,0.7610358,-0.004686984,-0.08147257,0.099381216,-0.09244458,1224.0808
482,0.0484426,0.7601738,-0.0022044615,-0.08205192,0.028599914,-0.09210938,1224.0808
483,0.06012417,0.7614114,-0.0008178762,-0.0821969,0.17869303,-0.09114259,1224.0808
484,0.05192835,0.759642,-0.0010316168,-0.08321228,0.05683367,-0.091400474,1224.0808
485,0.07020694,0.7562103,-0.0027808875,-0.083465986,0.0087123485,-0.092394546,1224.0808
486,0.06263827,0.7605336,-0.0053057987,-0.08399327,0.08146458,-0.09402347,1224.0808
487,0.06582251,0.75611806,-0.0077132345,-0.084382564,-0.012140344,-0.09672186,1224.0808
488,0.071544945,0.76154727,-0.009165177,-0.08424583,0.12766048,-0.09855411,1224.0808
489,0.055194244,0.7600189,-0.009334537,-0.08495865,0.00840659,-0.100326225,1224.0808
490,0.065208696,0.75988054,-0.008418265,-0.08496943,-0.02067129,-0.1008396,1224.0808
491,0.050803944,0.761084,-0.0066771223,-0.08538715,0.07990614,-0.09997899,1224.0808
492,0.05057795,0.76158524,-0.004498139,-0.08583623,0.01616109,-0.09893245,1224.0808
493,0.05048582,0.75922006,-0.0022367954,-0.08622163,0.14421955,-0.09730119,1224.0808
494,0.049255557,0.76113397,-0.00045420817,-0.08700674,0.050052967,-0.09657397,1224.0808
495,0.06526226,0.7612202,0.00027132715,-0.087222725,0.1885407,-0.09608301,1224.0808
496,0.05829447,0.7597782,-0.0003678311,-0.088227265,0.05778237,-0.09729842,1224.0808
497,0.07682025,0.7564854,-0.0022352354,-0.088448115,0.01245036,-0.09934475,1224.0808
498,0.066224806,0.7596204,-0.004646318,-0.08915718,0.047993124,-0.10223179,1224.0808
499,0.0750081,0.75572175,-0.0068480284,-0.08933013,-0.02019146,-0.10534142,1224.0808
500,0.06986533,0.7613273,-0.008146063,-0.08945747,0.09736558,-0.107179284,1224.0808
501,0.061588407,0.75801545,-0.008351699,-0.089992814,-0.0025974545,-0.108632326,1224.0808
502,0.06722744,0.7591999,-0.007581261,-0.08994063,-0.017938068,-0.1085121,1224.0808
503,0.050218914,0.76159376,-0.0061601335,-0.09056674,0.051034957,-0.10746464,1224.0808
504,0.05833394,0.76128346,-0.004574849,-0.09082523,0.01084378,-0.105720565,1224.0808
505,0.052261848,0.7601527,-0.0031893775,-0.09140678,0.11060474,-0.1033538,1224.0808
506,0.058994744,0.7611521,-0.0024621005,-0.09197724,0.04173246,-0.10172405,1224.0808
507,0.06378021,0.76139003,-0.0026911898,-0.09246261,0.15861113,-0.10073076,1224.0808
508,0.066041954,0.75966716,-0.0039847624,-0.09330495,0.049047377,-0.10187352,1224.0808
509,0.08151244,0.7615511,-0.006035321,-0.09349396,0.1670084,-0.10407528,1224.0808
510,0.06972884,0.7590306,-0.008215188,-0.09436579,0.020616168,-0.10800892,1224.0808
511,0.08190265,0.75626355,-0.00987658,-0.09439775,-0.023425842,-0.11183974,1224.0808
512,0.066274256,0.7598126,-0.010500615,-0.09494449,0.025663529,-0.11492046,1224.0808
513,0.07067031,0.7561483,-0.009998807,-0.09502694,-0.02692214,-0.11662108,1224.0808
514,0.06230099,0.76141846,-0.008457484,-0.095133536,0.105548635,-0.11596829,1224.0808
515,0.05432613,0.760225,-0.0064125317,-0.095704794,0.019353226,-0.11447884,1224.0808
516,0.06481356,0.760394,-0.004544859,-0.0957377,0.015648507,-0.11155866,1224.0808
517,0.053820975,0.7614366,-0.0033521794,-0.09649465,0.08871894,-0.10855277,1224.0808
518,0.06601652,0.7615532,-0.0031296185,-0.09691383,0.04413216,-0.10638108,1224.0808
519,0.06224721,0.7614631,-0.0037813603,-0.09763792,0.13126652,-0.105353385,1224.0808
520,0.07224593,0.759714,-0.0051257224,-0.09829779,0.04799517,-0.10642431,1224.0808
521,0.07908224,0.7615917,-0.0067045595,-0.098779924,0.14625236,-0.108676895,1224.0808
522,0.078191556,0.7586856,-0.008082638,-0.099513784,0.02137933,-0.11271546,1224.0808
523,0.08727823,0.7615831,-0.008854684,-0.099543974,0.1394369,-0.11671598,1224.0808
524,0.06923635,0.75902236,-0.008791307,-0.10028629,0.0050865808,-0.12090439,1224.0808
525,0.076261744,0.7561546,-0.007892573,-0.10026736,-0.023203017,-0.12348562,1224.0808
526,0.058421347,0.7597042,-0.0062471894,-0.10082944,0.04024458,-0.124222524,1224.0808
527,0.06554389,0.75717163,-0.004318746,-0.10097657,-0.00047968695,-0.123072624,1224.0808
528,0.06309409,0.7614345,-0.0026574957,-0.10117864,0.13734417,-0.11977064,1224.0808
529,0.06038642,0.7613214,-0.0018560201,-0.10186835,0.052432876,-0.11664837,1224.0808
530,0.073331915,0.7586896,-0.0021214504,-0.10204969,0.19333625,-0.11381824,1224.0808
531,0.06298346,0.7615685,-0.0032667893,-0.10305437,0.073011406,-0.113185614,1224.0808
532,0.08001728,0.7597981,-0.0049680155,-0.1033701,0.04577183,-0.11395571,1224.0808
533,0.07328653,0.76112443,-0.006790225,-0.10426903,0.0927891,-0.11610088,1224.0808
534,0.08769891,0.7581782,-0.008473413,-0.104693346,0.022152405,-0.1191579,1224.0808
535,0.08253483,0.7611632,-0.009714454,-0.10527146,0.08430493,-0.122280024,1224.0808
536,0.08469029,0.75745803,-0.010411762,-0.105650224,-0.0137551,-0.12561223,1224.0808
537,0.07992823,0.7614152,-0.010406716,-0.10580779,0.0939444,-0.12783162,1224.0808
538,0.069431715,0.7575988,-0.009617164,-0.1062918,-0.0054721865,-0.12953782,1224.0808
539,0.075090855,0.7615814,-0.008088656,-0.10620706,0.14352746,-0.12937635,1224.0808
540,0.060031813,0.76002806,-0.006145134,-0.10695801,0.032844983,-0.12852018,1224.0808
541,0.074635014,0.7597693,-0.004404977,-0.10702961,0.017487539,-0.12641694,1224.0808
542,0.064286515,0.76157624,-0.0032995546,-0.10774038,0.08566422,-0.12409021,1224.0808
543,0.07567607,0.76147556,-0.0030452746,-0.108097695,0.044635512,-0.122445725,1224.0808
544,0.070849225,0.76127994,-0.003435628,-0.108794115,0.13654123,-0.12181844,1224.0808
545,0.076646335,0.7601676,-0.004253085,-0.10947605,0.058739416,-0.123148985,1224.0808
546,0.078263745,0.76158595,-0.005244598,-0.11001295,0.16077696,-0.12532707,1224.0808
547,0.075185195,0.7586446,-0.0063706893,-0.11081245,0.044998176,-0.12847641,1224.0808
548,0.088412575,0.7615848,-0.007693579,-0.11092671,0.17005655,-0.13044733,1224.0808
549,0.07847246,0.75856143,-0.009244749,-0.111756384,0.03645581,-0.13179232,1224.0808
550,0.09389504,0.7557015,-0.010956518,-0.11181183,-0.0018697609,-0.13182034,1224.0808
551,0.080713645,0.75969005,-0.012459631,-0.112404525,0.04486663,-0.13161318,1224.0808
552,0.08605813,0.75608635,-0.013324372,-0.112549655,-0.0105809495,-0.13188465,1224.0808
553,0.07502911,0.7614946,-0.0130247325,-0.11295796,0.07915996,-0.13235205,1224.0808
554,0.077499375,0.7607358,-0.011503959,-0.11330842,0.008964115,-0.13317354,1224.0808
555,0.078311905,0.76007396,-0.008989625,-0.11355737,0.13447724,-0.13304318,1224.0808
556,0.07471696,0.76151615,-0.006045248,-0.11421679,0.043648932,-0.13301566,1224.0808
557,0.07848423,0.7608204,-0.0033139081,-0.11467259,0.15418933,-0.1328765,1224.0808
558,0.07542705,0.75993073,-0.0013352853,-0.11542982,0.049450304,-0.1338803,1224.0808
559,0.086113594,0.76155543,-0.00036719232,-0.11559764,0.18661322,-0.13509752,1224.0808
560,0.07250229,0.75891227,-0.00037618948,-0.116570584,0.06904056,-0.13742298,1224.0808
561,0.08527803,0.7553625,-0.0012251233,-0.116840705,0.03817243,-0.13944332,1224.0808
562,0.07323086,0.7585021,-0.0026301506,-0.11763648,0.086209685,-0.14083469,1224.0808
563,0.08295616,0.75392026,-0.0044874214,-0.11793721,0.029637476,-0.14111759,1224.0808
564,0.07645884,0.7595053,-0.006636997,-0.11846106,0.11546294,-0.13980395,1224.0808
565,0.08147165,0.75769013,-0.009103347,-0.118909605,0.038691815,-0.13784957,1224.0808
566,0.085550606,0.76146245,-0.011795109,-0.119229876,0.15251133,-0.13504952,1224.0808
567,0.087818146,0.761439,-0.014492493,-0.11990949,0.04938889,-0.13323662,1224.0808
568,0.09723883,0.75876963,-0.016676849,-0.12032452,0.14341758,-0.13265018,1224.0808
569,0.09503828,0.76139605,-0.017719684,-0.12098065,0.023647882,-0.13472556,1224.0808
570,0.094902396,0.76113075,-0.01705996,-0.12132492,0.120391205,-0.1386743,1224.0808
571,0.08662461,0.76045036,-0.014568489,-0.121931955,0.012401141,-0.14420591,1224.0808
572,0.09323765,0.7612787,-0.010684827,-0.1219313,0.15074089,-0.14870128,1224.0808
573,0.07756049,0.7598406,-0.0063190893,-0.12270464,0.03292076,-0.15206657,1224.0808
574,0.08942051,0.7562338,-0.0025656105,-0.122753315,0.007868062,-0.15296409,1224.0808
575,0.076494575,0.75890493,-0.00013679673,-0.123359576,0.0673352,-0.15204687,1224.0808
576,0.08591978,0.7537223,0.00067828543,-0.12354104,0.023193128,-0.1501347,1224.0808
577,0.07966841,0.7589619,0.00024820762,-0.12402155,0.11883831,-0.14773457,1224.0808
578,0.08507189,0.75704885,-0.00090950605,-0.12449201,0.0498401,-0.1461635,1224.0808
579,0.087149404,0.7615853,-0.0021661937,-0.12488136,0.16757959,-0.14494546,1224.0808
580,0.08398785,0.7610758,-0.0030425144,-0.12566909,0.072978735,-0.14514938,1224.0808
581,0.08773326,0.7602668,-0.0032512003,-0.12624727,0.17779897,-0.14596787,1224.0808
582,0.08471234,0.7613178,-0.0028745662,-0.12712237,0.07366029,-0.14790295,1224.0808
583,0.0884502,0.7614119,-0.0023110602,-0.1277331,0.17707786,-0.15000975,1224.0808
584,0.085279524,0.7595446,-0.0021098165,-0.12862268,0.070644215,-0.15286699,1224.0808
585,0.089598805,0.7614933,-0.0026972513,-0.12919535,0.16557048,-0.15553652,1224.0808
586,0.087802544,0.7573592,-0.004229522,-0.12994595,0.047990207,-0.15836573,1224.0808
587,0.099331565,0.7615103,-0.0065255677,-0.13000038,0.17519557,-0.15987282,1224.0808
588,0.0868859,0.75851125,-0.009188113,-0.13078287,0.051887285,-0.1610138,1224.0808
589,0.1014703,0.75603706,-0.011832513,-0.13083352,0.01910385,-0.16098125,1224.0808
590,0.09179208,0.75957066,-0.014065722,-0.13140182,0.06530046,-0.1602672,1224.0808
591,0.10349535,0.756058,-0.015765417,-0.13148789,0.006135302,-0.15908304,1224.0808
592,0.098108366,0.7615942,-0.016816124,-0.13180612,0.08886342,-0.15724924,1224.0808
593,0.10240629,0.7612564,-0.017260931,-0.13207725,0.013480425,-0.15564841,1224.0808
594,0.09787425,0.7603543,-0.016942361,-0.13252695,0.094009124,-0.15425694,1224.0808
595,0.1009345,0.7615401,-0.01575163,-0.13290854,0.019802509,-0.15387891,1224.0808
596,0.094711326,0.7614776,-0.013633606,-0.1334837,0.10604266,-0.15448387,1224.0808
597,0.09627811,0.7600146,-0.010833799,-0.13401443,0.033861857,-0.15664363,1224.0808
598,0.08988754,0.76131403,-0.0077029,-0.13469316,0.11305074,-0.15971747,1224.0808
599,0.09254069,0.75684667,-0.0047244625,-0.13521662,0.033560824,-0.16341457,1224.0808
600,0.090968594,0.76100475,-0.0022041758,-0.1355719,0.15283497,-0.1661455,1224.0808
601,0.08494992,0.756194,-0.00036663204,-0.13628541,0.062036213,-0.16845553,1224.0808
602,0.09424936,0.76114655,0.00075060216,-0.1364456,0.20192805,-0.16924675,1224.0808
603,0.081948854,0.7560265,0.0012600085,-0.13737999,0.08690506,-0.16984603,1224.0808
604,0.09758877,0.75200677,0.001274025,-0.13760768,0.06262904,-0.16966009,1224.0808
605,0.08916662,0.76022476,0.0009830288,-0.13839485,0.11809206,-0.16928475,1224.0808
606,0.10178112,0.75942624,0.0004644303,-0.13877621,0.06879131,-0.16903713,1224.0808
607,0.095287815,0.7615825,4.182788e-06,-0.13962388,0.115500696,-0.16930662,1224.0808
608,0.10694072,0.76134,-0.00018739706,-0.14003246,0.06424693,-0.17014533,1224.0808
609,0.0984166,0.7615942,3.419179e-05,-0.14092611,0.113532834,-0.17186427,1224.0808
610,0.10791377,0.7608823,0.00046391948,-0.14141785,0.20910539,-0.17447942,1224.0808
611,0.098316915,0.75966305,0.0008075964,-0.14244795,0.06305644,-0.17845556,1224.0808
612,0.11196938,0.7615756,0.00077714596,-0.1426298,0.1767839,-0.1820509,1224.0808
613,0.0982211,0.75815964,0.0002796204,-0.14345892,0.04931879,-0.18541999,1224.0808
614,0.109807745,0.7614937,-0.0006948047,-0.1435715,0.17339937,-0.18730076,1224.0808
615,0.09684465,0.7570476,-0.001958553,-0.1443636,0.046128582,-0.18849772,1224.0808
616,0.11054817,0.7613353,-0.0033329437,-0.14441489,0.17019086,-0.18834566,1224.0808
617,0.099128954,0.75669825,-0.0045642788,-0.14514554,0.04306967,-0.18804364,1224.0808
618,0.11336596,0.7615071,-0.0055096187,-0.14516202,0.17124556,-0.18707414,1224.0808
619,0.1012048,0.7611658,-0.005991285,-0.14592105,0.0527144,-0.18665017,1224.0808
620,0.11380421,0.7592935,-0.005815793,-0.14605579,0.18539727,-0.18631397,1224.0808
621,0.10032071,0.7615905,-0.0047653066,-0.1469846,0.071926534,-0.1873225,1224.0808
622,0.10582784,0.76123464,-0.0028891268,-0.14760935,0.16880272,-0.18941368,1224.0808
623,0.10328404,0.75899,-0.00044187662,-0.14843644,0.05760327,-0.19289742,1224.0808
624,0.10633303,0.7613796,0.002195009,-0.14894728,0.16359541,-0.1965117,1224.0808
625,0.10110541,0.75672454,0.004605023,-0.14975592,0.06741973,-0.20038927,1224.0808
626,0.10278305,0.7607144,0.0064807045,-0.15031962,0.173271,-0.2033941,1224.0808
627,0.09892623,0.7542445,0.007662855,-0.1511443,0.07155893,-0.20597273,1224.0808
628,0.103134476,0.7597217,0.008198259,-0.15166761,0.17537645,-0.20735875,1224.0808
629,0.101481624,0.7529288,0.008239241,-0.1524396,0.07416194,-0.20839784,1224.0808
630,0.10713829,0.7592539,0.007988734,-0.15293266,0.17914294,-0.20866194,1224.0808
631,0.10608757,0.75732344,0.0075667985,-0.15371199,0.07938897,-0.20918056,1224.0808
632,0.11193759,0.7615933,0.00709768,-0.15424603,0.18287064,-0.20953867,1224.0808
633,0.110483475,0.76081556,0.0067833313,-0.1550914,0.083819464,-0.21069047,1224.0808
634,0.11091229,0.76131445,0.0068284995,-0.15595913,0.14879493,-0.21253102,1224.0808
635,0.116813764,0.7595766,0.007266518,-0.15664348,0.065918796,-0.21519831,1224.0808
636,0.110562116,0.7604102,0.007983095,-0.15762798,0.1064062,-0.218635,1224.0808
637,0.12011664,0.76159286,0.008676542,-0.15812314,0.20257974,-0.2222321,1224.0808
638,0.1094625,0.7575074,0.009086957,-0.15916859,0.067836456,-0.22625563,1224.0808
639,0.12165382,0.7612652,0.009035515,-0.15944916,0.18808353,-0.22925156,1224.0808
640,0.10797509,0.7566479,0.008553657,-0.16041373,0.06935168,-0.23182513,1224.0808
641,0.11401251,0.7604013,0.0077375406,-0.1610017,0.16122031,-0.23347488,1224.0808
642,0.11325238,0.7535598,0.006785714,-0.1617272,0.047034033,-0.23468031,1224.0808
643,0.11853561,0.75975674,0.0059443843,-0.16211268,0.15445891,-0.2348157,1224.0808
644,0.115475774,0.75718457,0.005359503,-0.1628271,0.063882396,-0.23492388,1224.0808
645,0.115036435,0.76127195,0.005080678,-0.16360553,0.13605016,-0.23515692,1224.0808
646,0.12103275,0.7597866,0.0051570577,-0.16422616,0.05813717,-0.23590365,1224.0808
647,0.11492881,0.7615785,0.0057567917,-0.16518225,0.10739282,-0.23738456,1224.0808
648,0.124100536,0.7611756,0.006929166,-0.16572158,0.21443546,-0.23938498,1224.0808
649,0.1126821,0.7596332,0.008607182,-0.16691846,0.096201204,-0.24266107,1224.0808
650,0.11831974,0.7613301,0.01051652,-0.16775814,0.18858127,-0.24645118,1224.0808
651,0.11578587,0.7560421,0.012334389,-0.16877215,0.07926487,-0.25078633,1224.0808
652,0.11506623,0.75879806,0.013782541,-0.16970304,0.1452119,-0.2547535,1224.0808
653,0.120053135,0.7522161,0.014687995,-0.17040859,0.067234494,-0.25794917,1224.0808
654,0.113871045,0.75576013,0.015079427,-0.17140067,0.114798546,-0.26022127,1224.0808
655,0.12433123,0.76043683,0.015025526,-0.17192309,0.21820167,-0.26137134,1224.0808
656,0.11555783,0.7536435,0.014682195,-0.17303444,0.09368847,-0.2624176,1224.0808
657,0.12433834,0.75908613,0.014157332,-0.1737396,0.18571652,-0.2630584,1224.0808
658,0.12428513,0.752397,0.013524639,-0.17463842,0.07958343,-0.26398116,1224.0808
659,0.12552732,0.75893795,0.012828923,-0.17550713,0.14679594,-0.2649872,1224.0808
660,0.13151261,0.7570191,0.012057742,-0.1762154,0.06963606,-0.26620135,1224.0808
661,0.12548673,0.7609093,0.011307222,-0.177257,0.11519312,-0.26769617,1224.0808
662,0.13460432,0.76129335,0.010719725,-0.17787857,0.21663342,-0.2692431,1224.0808
663,0.12364798,0.75955826,0.010489705,-0.17912431,0.09549213,-0.2716856,1224.0808
664,0.12534675,0.7606371,0.010649308,-0.1802439,0.14875405,-0.27484503,1224.0808
665,0.13179238,0.7552146,0.011093872,-0.18104216,0.058995802,-0.27833626,1224.0808
666,0.12530553,0.7581317,0.011695267,-0.18207522,0.106346145,-0.28177783,1224.0808
667,0.13371839,0.761341,0.012234288,-0.18265851,0.21219017,-0.2845689,1224.0808
668,0.12278821,0.7566092,0.012582207,-0.18384781,0.093191765,-0.28728414,1224.0808
669,0.12952127,0.76048756,0.012652596,-0.18464732,0.18602116,-0.28931615,1224.0808
670,0.12852433,0.75443804,0.012506446,-0.1856172,0.081294455,-0.29114142,1224.0808
671,0.12937763,0.7586217,0.012280863,-0.18653935,0.15214726,-0.29248866,1224.0808
672,0.13547362,0.75315094,0.012094262,-0.1873034,0.08030191,-0.2935559,1224.0808
673,0.13026153,0.7570868,0.012048685,-0.18840238,0.12788467,-0.2945417,1224.0808
674,0.14065996,0.7610353,0.012097016,-0.18907715,0.2279508,-0.29528713,1224.0808
675,0.13144308,0.75568795,0.012175981,-0.19034639,0.10355572,-0.29656142,1224.0808
676,0.13860328,0.76016724,0.012186211,-0.19122978,0.19349653,-0.29776162,1224.0808
677,0.136659,0.7545862,0.012067653,-0.19231597,0.08979475,-0.29930833,1224.0808
678,0.13590756,0.7590549,0.0118126515,-0.19338395,0.15801294,-0.30090398,1224.0808
679,0.14018406,0.7539446,0.011436403,-0.19429721,0.083785444,-0.30268195,1224.0808
680,0.13315582,0.7579687,0.0110291615,-0.19552043,0.12841718,-0.30472952,1224.0808
681,0.14147834,0.76134044,0.010623494,-0.19628713,0.22868414,-0.30671513,1224.0808
682,0.1305213,0.7569318,0.010291369,-0.19762221,0.10760731,-0.30922276,1224.0808
683,0.13685958,0.7607667,0.010031076,-0.19855711,0.20241547,-0.31150743,1224.0808
684,0.13513747,0.7559942,0.0098439,-0.19968249,0.10366369,-0.3138997,1224.0808
685,0.13546784,0.75977385,0.009722966,-0.20077668,0.17525709,-0.3160652,1224.0808
686,0.14139287,0.7553772,0.009630763,-0.20170628,0.103854746,-0.31811208,1224.0808
687,0.1365298,0.75744414,0.009590387,-0.2029396,0.14955075,-0.32010183,1224.0808
688,0.14153448,0.7590787,0.009563909,-0.20401102,0.21546176,-0.32196745,1224.0808
689,0.1440952,0.7481502,0.009574933,-0.20510568,0.098314255,-0.32377607,1224.0808
690,0.14569394,0.75535905,0.009665705,-0.20608425,0.16513123,-0.32481903,1224.0808
691,0.15077183,0.7606302,0.0097095,-0.20692101,0.24073216,-0.32521555,1224.0808
692,0.1441667,0.7546708,0.009471374,-0.20821312,0.10595303,-0.32571647,1224.0808
693,0.15189756,0.7601158,0.008757327,-0.20905498,0.19641879,-0.3256848,1224.0808
694,0.14918156,0.75592905,0.0075874645,-0.2101348,0.10258179,-0.32590115,1224.0808
695,0.14560181,0.7586716,0.006171173,-0.21143247,0.13818704,-0.32690787,1224.0808
696,0.15600611,0.7614978,0.004831348,-0.21221052,0.23333147,-0.32826877,1224.0808
697,0.14551102,0.7566402,0.0039363294,-0.21355549,0.116644844,-0.33049712,1224.0808
698,0.1467737,0.7587753,0.0036461027,-0.21478428,0.17493783,-0.3331207,1224.0808
699,0.15262069,0.75174105,0.003955189,-0.21573536,0.092480436,-0.33565053,1224.0808
700,0.1466123,0.7555693,0.004739248,-0.21692754,0.13944943,-0.33777776,1224.0808
701,0.14987496,0.7591638,0.005634955,-0.21796094,0.21057881,-0.33934227,1224.0808
702,0.15102154,0.75070965,0.006230656,-0.21904401,0.10083154,-0.34057602,1224.0808
703,0.151934,0.7563455,0.0062515945,-0.22003686,0.1726649,-0.34109357,1224.0808
704,0.1570658,0.76026875,0.005571451,-0.22090104,0.2514434,-0.34128454,1224.0808
705,0.15114892,0.7522426,0.0042807907,-0.22221415,0.11982038,-0.3419605,1224.0808
706,0.15975545,0.7597702,0.002625199,-0.22306722,0.20923226,-0.34229812,1224.0808
707,0.15801166,0.7561935,0.0009248923,-0.22413376,0.11551496,-0.34269717,1224.0808
708,0.1550289,0.75869626,-0.00056504883,-0.22540793,0.15173297,-0.34338856,1224.0808
709,0.15985347,0.7607747,-0.001671331,-0.22646324,0.21578169,-0.34416708,1224.0808
710,0.16066632,0.75527745,-0.0022510581,-0.22756794,0.107562385,-0.3452544,1224.0808
711,0.15786718,0.75803494,-0.002191975,-0.22880237,0.14517877,-0.3465922,1224.0808
712,0.16178834,0.76084864,-0.0015430078,-0.22982572,0.21406144,-0.34791723,1224.0808
713,0.16168043,0.75620335,-0.0005098386,-0.23093115,0.1109278,-0.3494798,1224.0808
714,0.15870258,0.75869995,0.00063461065,-0.23217495,0.14792551,-0.35127875,1224.0808
715,0.16304155,0.7610629,0.0016113826,-0.2331885,0.21562174,-0.35303792,1224.0808
716,0.1634975,0.75666225,0.0022863266,-0.23426414,0.11280329,-0.35493213,1224.0808
717,0.16094624,0.7590633,0.0026916456,-0.23547593,0.1520996,-0.3568802,1224.0808
718,0.16550913,0.7612334,0.002943074,-0.23647568,0.2212606,-0.3585883,1224.0808
719,0.16624972,0.75734204,0.003199739,-0.23755486,0.12016434,-0.36027014,1224.0808
720,0.16410692,0.75951535,0.003561386,-0.23877795,0.15793371,-0.36191753,1224.0808
721,0.16909376,0.7613745,0.004028304,-0.23978946,0.2248919,-0.3633107,1224.0808
722,0.17016786,0.7578596,0.004532786,-0.24087705,0.122639135,-0.36472258,1224.0808
723,0.16812961,0.7598745,0.0049816156,-0.24210815,0.15920871,-0.36620086,1224.0808
724,0.17291947,0.7614832,0.0052616834,-0.2431329,0.2249653,-0.36757472,1224.0808
725,0.1736505,0.7584633,0.005329637,-0.24423648,0.12271011,-0.36913607,1224.0808
726,0.17121543,0.76030856,0.005213697,-0.2454827,0.15839086,-0.37091416,1224.0808
727,0.17155267,0.7611428,0.0049587972,-0.24675336,0.18695164,-0.3729976,1224.0808
728,0.18071122,0.7615331,0.0046337526,-0.24760932,0.24780272,-0.3749347,1224.0808
729,0.17403871,0.7596671,0.0043770648,-0.24883704,0.123503044,-0.37696502,1224.0808
730,0.1737703,0.76076597,0.0042454605,-0.25009537,0.15278795,-0.37906983,1224.0808
731,0.17895724,0.7615881,0.004238064,-0.25107405,0.21767935,-0.38087127,1224.0808
732,0.17918082,0.7607004,0.0043578004,-0.25213155,0.26566872,-0.3827533,1224.0808
733,0.17575382,0.76052386,0.0045750057,-0.25346735,0.1279735,-0.38529527,1224.0808
734,0.17990054,0.7615499,0.004912414,-0.2545424,0.18615378,-0.38774568,1224.0808
735,0.17944872,0.76134247,0.005412532,-0.25569263,0.22991037,-0.3902015,1224.0808
736,0.18271512,0.76033336,0.006059252,-0.2567924,0.12214322,-0.39278558,1224.0808
737,0.1805681,0.7613823,0.006882943,-0.25799882,0.1632725,-0.39526045,1224.0808
738,0.17823924,0.7613473,0.007835135,-0.25943664,0.16168316,-0.39814997,1224.0808
739,0.18711524,0.76153237,0.008864924,-0.26041177,0.21992029,-0.40068096,1224.0808
740,0.18159461,0.76116383,0.009986065,-0.26172653,0.2390737,-0.4031676,1224.0808
741,0.18782629,0.76025903,0.011104662,-0.262863,0.12334369,-0.40581468,1224.0808
742,0.17651759,0.7611928,0.01221735,-0.2645737,0.2355748,-0.4088927,1224.0808
743,0.19331838,0.7585309,0.013172224,-0.2656002,0.09144113,-0.41228542,1224.0808
744,0.18908533,0.75970316,0.014130424,-0.26664695,0.28421304,-0.41476116,1224.0808
745,0.18769556,0.7608458,0.01503079,-0.2680427,0.1324547,-0.4178468,1224.0808
746,0.1873978,0.7586858,0.015844697,-0.26939407,0.29908735,-0.42099673,1224.0808
747,0.19117565,0.7601748,0.016451543,-0.27080163,0.10868642,-0.425093,1224.0808
748,0.19905427,0.7615512,0.01695915,-0.27167043,0.17058691,-0.42859828,1224.0808
749,0.19076261,0.7615804,0.017488094,-0.27308145,0.15885581,-0.43230972,1224.0808
750,0.20054203,0.7528466,0.01804058,-0.274029,0.35436985,-0.4357917,1224.0808
751,0.19013868,0.7613423,0.018582404,-0.27574405,0.11484907,-0.4404233,1224.0808
752,0.20971929,0.7614523,0.019118723,-0.27634645,0.17999214,-0.4444336,1224.0808
753,0.19666305,0.76158524,0.019818945,-0.277709,0.13297945,-0.44859365,1224.0808
754,0.2102828,0.7608978,0.020652616,-0.27841282,0.18303686,-0.45245475,1224.0808
755,0.20243753,0.76095605,0.021663627,-0.2796085,0.1585155,-0.4565806,1224.0808
756,0.2179236,0.7593479,0.022769175,-0.2801245,0.20347463,-0.46079043,1224.0808
757,0.20224464,0.76136804,0.024030223,-0.28155115,0.10877164,-0.46599206,1224.0808
758,0.22725277,0.76021576,0.025397522,-0.28171435,0.16514876,-0.47083488,1224.0808
759,0.20882502,0.76133484,0.027045714,-0.2828607,0.08556394,-0.47586182,1224.0808
760,0.23123196,0.75965255,0.028887382,-0.2828943,0.15102595,-0.48027638,1224.0808
761,0.21302913,0.7610728,0.030959945,-0.2839396,0.07157899,-0.4850954,1224.0808
762,0.23582765,0.75936097,0.03306543,-0.28386697,0.13099176,-0.4897864,1224.0808
763,0.21863855,0.7611281,0.03522601,-0.28475285,0.04355545,-0.49524584,1224.0808
764,0.24197854,0.7596049,0.037326034,-0.28446653,0.100870736,-0.5005936,1224.0808
765,0.22452691,0.761186,0.039469063,-0.28513297,0.01477764,-0.50644433,1224.0808
766,0.24716648,0.7596403,0.041579127,-0.28464428,0.0727181,-0.51189214,1224.0808
767,0.2297323,0.7611856,0.04374551,-0.28510663,-0.014120301,-0.51766914,1224.0808
768,0.25245985,0.7596708,0.04582446,-0.2844082,0.041431412,-0.52306104,1224.0808
769,0.23567654,0.7612247,0.04785717,-0.2846401,-0.048462193,-0.52890027,1224.0808
770,0.2588397,0.7597671,0.049709294,-0.28368855,0.0045716707,-0.53448755,1224.0808
771,0.24242632,0.7612502,0.051474977,-0.28365287,-0.086874895,-0.5405861,1224.0808
772,0.26551983,0.75978124,0.053079583,-0.28242287,-0.035978444,-0.5464411,1224.0808
773,0.24923928,0.76123995,0.054641385,-0.28209773,-0.1288111,-0.5527587,1224.0808
774,0.2722392,0.75973403,0.056095414,-0.28056526,-0.08051597,-0.5587859,1224.0808
775,0.25617135,0.76121646,0.057559446,-0.27992496,-0.1746385,-0.5652259,1224.0808
776,0.27917835,0.7596696,0.058959763,-0.27806062,-0.12890922,-0.57135916,1224.0808
777,0.26326957,0.76118463,0.060410626,-0.2770792,-0.22327535,-0.5778994,1224.0808
778,0.2861712,0.75959086,0.061820503,-0.2748609,-0.17985499,-0.58415776,1224.0808
779,0.2703377,0.7611505,0.06329123,-0.27351996,-0.273579,-0.5908441,1224.0808
780,0.2930675,0.75951815,0.06474506,-0.27093008,-0.23249455,-0.5972832,1224.0808
781,0.27724636,0.76112443,0.06626805,-0.26921356,-0.3249187,-0.604162,1224.0808
782,0.29979047,0.759467,0.06776883,-0.2662348,-0.2862174,-0.6108072,1224.0808
783,0.28394076,0.7611082,0.06932395,-0.26412684,-0.3765847,-0.61788064,1224.0808
784,0.3062941,0.75943154,0.070822574,-0.26074296,-0.3403102,-0.6247186,1224.0808
785,0.29039413,0.7610976,0.07232381,-0.2582289,-0.42799568,-0.6319671,1224.0808
786,0.31257874,0.75936854,0.07371833,-0.2544238,-0.3942935,-0.63897955,1224.0808
787,0.29665476,0.7610661,0.07504386,-0.2514883,-0.4786846,-0.6463903,1224.0808
788,0.3186908,0.75928134,0.07620167,-0.2472466,-0.44731328,-0.65357023,1224.0808
789,0.30262884,0.76105314,0.07728084,-0.24388148,-0.52684444,-0.66112924,1224.0808
790,0.32425866,0.75934446,0.07827765,-0.23920959,-0.49653456,-0.66843903,1224.0808
791,0.30775136,0.7611376,0.07941146,-0.23543745,-0.56994367,-0.6760703,1224.0808
792,0.32872385,0.75963223,0.080794364,-0.2303728,-0.54013616,-0.68340653,1224.0808
793,0.3116315,0.7613202,0.08267116,-0.22623874,-0.6081456,-0.69101834,1224.0808
794,0.3320625,0.76014614,0.085067235,-0.22082013,-0.57924956,-0.6983464,1224.0808
795,0.31438798,0.76152086,0.08805274,-0.2163612,-0.6424781,-0.7059908,1224.0808
796,0.33436418,0.7607722,0.09146204,-0.21061951,-0.6145064,-0.71344644,1224.0808
797,0.31598598,0.7615888,0.095217384,-0.20586647,-0.6728292,-0.72130126,1224.0808
798,0.33532086,0.7613222,0.09908989,-0.19983657,-0.6453808,-0.7290462,1224.0808
799,0.32142374,0.76113504,0.10303708,-0.19443138,-0.6545063,-0.7368484,1224.0808
800,0.32636636,0.7592673,0.10689539,-0.18868215,-0.7313243,-0.7449706,1224.0808
801,0.32389137,0.760739,0.110617325,-0.18284856,-0.7231797,-0.75312907,1224.0808
802,0.3211796,0.76094097,0.114217594,-0.17697987,-0.7108771,-0.7613434,1224.0808
803,0.31943664,0.7611297,0.117910184,-0.17105904,-0.6970131,-0.7695532,1224.0808
804,0.31938177,0.7537818,0.12197874,-0.16502525,-0.7567649,-0.7776553,1224.0808
805,0.31387165,0.7553687,0.12651397,-0.15907337,-0.74425703,-0.785496,1224.0808
806,0.31002957,0.7562436,0.13115935,-0.15316491,-0.73436487,-0.79322803,1224.0808
807,0.31513396,0.75868,0.13518818,-0.14684169,-0.7095474,-0.80088323,1224.0808
808,0.3069493,0.74675924,0.13786244,-0.1408674,-0.7756565,-0.8087262,1224.0808
809,0.3065231,0.75089526,0.1387176,-0.13466872,-0.755486,-0.8165943,1224.0808
810,0.30834478,0.7557068,0.13773142,-0.12824635,-0.7265701,-0.82442105,1224.0808
811,0.29859534,0.7408699,0.13529363,-0.12225891,-0.78761387,-0.8322876,1224.0808
812,0.3010335,0.7493343,0.13199261,-0.11582241,-0.7546777,-0.83975035,1224.0808
813,0.29490656,0.735876,0.12834802,-0.10961726,-0.79661405,-0.84687346,1224.0808
814,0.28981295,0.7439413,0.12461133,-0.10344281,-0.77381325,-0.85359275,1224.0808
815,0.2904815,0.73067015,0.12072099,-0.097123735,-0.806159,-0.86003405,1224.0808
816,0.28346324,0.7422076,0.116451375,-0.09094699,-0.7803858,-0.86620295,1224.0808
817,0.28290448,0.7301683,0.11146215,-0.08472072,-0.8097845,-0.87230736,1224.0808
818,0.275361,0.74192935,0.10552151,-0.07867303,-0.7851221,-0.8783157,1224.0808
819,0.27497372,0.7293566,0.09846445,-0.072540216,-0.8157256,-0.8843028,1224.0808
820,0.27059674,0.7467175,0.09028766,-0.06632265,-0.7766219,-0.8900415,1224.0808
821,0.26118433,0.73511827,0.080976576,-0.060526095,-0.81337136,-0.8956965,1224.0808
822,0.26406085,0.73393816,0.07051768,-0.054246034,-0.8185673,-0.90102327,1224.0808
823,0.2461692,0.74567163,0.05887964,-0.048712566,-0.79859626,-0.9061353,1224.0808
824,0.24851017,0.7387256,0.045901578,-0.042848367,-0.8188391,-0.91102797,1224.0808
825,0.56325686,0.7382228,0.031842712,-0.037695576,-0.35796168,-0.9145,1224.0808
826,0.7506177,0.71827686,0.017694844,-0.035619434,0.2790632,-0.91352755,1224.0808
827,0.88646775,0.6834227,0.00050007546,-0.03415299,0.26080167,-0.91089696,1224.0808
828,0.91389894,0.6982136,-0.030033221,-0.031117182,0.07436691,-0.9141778,1224.0808
829,0.8974486,0.7456804,-0.08382152,-0.027394457,0.08664212,-0.92599916,1224.0808
830,0.87089175,0.76025736,-0.15914816,-0.024814177,0.15549459,-0.9403722,1224.0808
831,0.84083,0.7549265,-0.24230586,-0.021583665,-0.28302285,-0.9514171,1224.0808
832,0.8192668,0.74061316,-0.31971422,-0.018211424,-0.036712557,-0.95657617,1224.0808
833,0.8457212,0.72485644,-0.3857775,-0.016076442,0.066151105,-0.955553,1224.0808
834,0.84829533,0.70348096,-0.44082344,-0.014237408,-0.012004855,-0.9500623,1224.0808
835,0.8450463,0.65390617,-0.48625678,-0.012292088,-0.052139632,-0.9425126,1224.0808
836,0.8522642,0.55529994,-0.5256576,-0.010605267,-0.0112134265,-0.9359794,1224.0808
837,0.8646711,0.4052496,-0.56289625,-0.009286555,0.0124428235,-0.93292665,1224.0808
838,0.8776459,0.21011874,-0.59906566,-0.007942728,-0.013102824,-0.9334797,1224.0808
839,0.88812894,-0.022342151,-0.6336704,-0.006229186,-0.039075557,-0.9359046,1224.0808
840,0.8941573,-0.6090891,-0.6667944,-0.0041462868,-0.017624402,-0.938347,1224.0808
841,0.89528865,-0.67078054,-0.6978047,-0.0021859317,0.09497796,-0.93961984,1224.0808
842,0.89237297,-0.718464,-0.7228895,-0.0011824341,0.18865436,-0.93923175,1224.0808
843,0.8774711,-0.6922297,-0.73714674,-0.0012341817,-0.08354446,-0.93750757,1224.0808
844,0.831025,-0.53131527,-0.7373567,9.232084e-05,-0.19832928,-0.93444496,1224.0808
845,0.7838986,-0.5279308,-0.7200132,0.0002985648,0.14493111,-0.9282509,1224.0808
846,0.7838175,-0.5077194,-0.68066186,-0.0020113036,0.24772924,-0.91756666,1224.0808
847,0.67584735,-0.5149481,-0.6182618,-0.005456307,-0.16028342,-0.90516824,1224.0808
848,0.51093656,-0.4886024,-0.5390574,-0.0091228,-0.06764164,-0.89732707,1224.0808
849,0.43291003,-0.15446463,-0.4566899,-0.013968057,0.043956544,-0.8957181,1224.0808
850,0.35070422,0.12756415,-0.38559464,-0.019994043,0.21384712,-0.9005121,1224.0808
851,0.07845414,0.31994885,-0.33127978,-0.026876267,-0.053640977,-0.91128373,1224.0808
852,0.15120094,0.48267907,-0.2852137,-0.034963183,0.27294955,-0.924882,1224.0808
853,0.20506698,0.60952324,-0.22993058,-0.04550859,0.44032648,-0.93603987,1224.0808
854,0.2593957,0.6999611,-0.15095364,-0.05808389,0.5118358,-0.943783,1224.0808
855,0.34441018,0.7534207,-0.045928016,-0.072419494,0.52462286,-0.94879323,1224.0808
856,0.45594844,0.7519485,0.07212157,-0.088220395,0.46757445,-0.9519816,1224.0808
857,0.5912594,0.6406192,0.18081799,-0.1050327,0.3107857,-0.953978,1224.0808
858,0.74287426,0.26933557,0.2611279,-0.1221129,-0.014054327,-0.9549757,1224.0808
859,0.88033324,-0.40833017,0.30567873,-0.13802941,-0.53603005,-0.95471805,1224.0808
860,0.96078235,-0.7521919,0.31836277,-0.15043546,-0.89769614,-0.95238924,1224.0808
861,0.9772674,-0.7051985,0.31139746,-0.15778399,-0.93729657,-0.9464207,1224.0808
862,0.8987023,-0.58943725,0.30668938,-0.16589804,0.08228666,-0.93079895,1224.0808
863,0.45835304,-0.5602356,0.32017767,-0.17836025,0.75585973,-0.89712304,1224.0808
864,0.10912029,-0.59912544,0.33951667,-0.19020249,0.22049655,-0.8558525,1224.0808
865,0.07412474,-0.64268804,0.3420241,-0.1975445,-0.12412711,-0.84276074,1224.0808
866,0.080866545,-0.674127,0.32206318,-0.202431,-0.19108497,-0.86389846,1224.0808
867,0.077092886,-0.70521593,0.28659445,-0.20570228,-0.029200533,-0.8936761,1224.0808
868,0.34402892,-0.73464465,0.25154805,-0.20783341,0.054540206,-0.9127933,1224.0808
869,0.54438037,-0.75491357,0.22910379,-0.20850982,-0.014929553,-0.91882443,1224.0808
870,0.6273451,-0.761594,0.21868214,-0.20775425,-0.07305099,-0.9154625,1224.0808
871,0.67478883,-0.75690514,0.21208908,-0.20624657,-0.016888874,-0.90693265,1224.0808
872,0.7396163,-0.7430382,0.19963655,-0.20472445,0.07812176,-0.89744514,1224.0808
873,0.7861954,-0.7158281,0.1718939,-0.20347162,0.11002488,-0.8909143,1224.0808
874,0.7785773,-0.661973,0.12120772,-0.20192312,-0.08977632,-0.8900618,1224.0808
875,0.76969475,-0.5416599,0.044649277,-0.20100655,0.14604858,-0.89317316,1224.0808
876,0.6990638,-0.21606217,-0.055044807,-0.20056318,-0.20150623,-0.89689755,1224.0808
877,0.65474653,0.40834436,-0.17182936,-0.20137328,0.32631448,-0.90027887,1224.0808
878,0.47736865,0.7575598,-0.29401055,-0.204674,0.012524009,-0.9029225,1224.0808
879,0.21820915,0.60466576,-0.41213304,-0.21017535,0.18915322,-0.90937126,1224.0808
880,0.2576742,0.23640667,-0.512933,-0.21873595,0.43259528,-0.9178122,1224.0808
881,0.35166878,0.065893166,-0.58915144,-0.22851372,0.273869,-0.92539287,1224.0808
882,0.26292267,-0.053922415,-0.64223903,-0.23732476,-0.065760225,-0.9312796,1224.0808
883,0.088621356,-0.2796676,-0.6776193,-0.24486485,-0.20954041,-0.9350269,1224.0808
884,0.0344445,-0.22619398,-0.7002019,-0.25146636,-0.19146049,-0.9355538,1224.0808
885,0.09509217,-0.20055561,-0.7134424,-0.25753352,-0.042689286,-0.93213344,1224.0808
886,0.1678818,-0.15660933,-0.7211655,-0.26359797,0.024300316,-0.92573625,1224.0808
887,0.20197627,-0.09787054,-0.7261464,-0.26983073,0.06485989,-0.91860247,1224.0808
888,0.19626287,0.054115914,-0.7304923,-0.27672583,0.16708302,-0.9130815,1224.0808
889,0.20201936,0.123484015,-0.73476,-0.28511137,0.38327298,-0.90995395,1224.0808
890,0.2837977,0.17395031,-0.7382569,-0.29552165,0.5319007,-0.9085791,1224.0808
891,0.3118527,0.20373636,-0.7413023,-0.30755225,0.53673744,-0.9087684,1224.0808
892,0.26736665,0.22002903,-0.7449717,-0.32054457,0.49595782,-0.91119075,1224.0808
893,0.21205735,0.23368123,-0.7491615,-0.3341502,0.49309993,-0.91596264,1224.0808
894,0.4643859,0.25054473,-0.75190055,-0.34819967,0.54958314,-0.9222836,1224.0808
895,0.8650692,0.270288,-0.7492766,-0.36192638,0.39717534,-0.92902714,1224.0808
896,0.9512567,0.29698962,-0.7358568,-0.373822,-0.12698261,-0.9357377,1224.0808
897,0.9380585,0.34929574,-0.7069025,-0.383413,-0.4724529,-0.9422601,1224.0808
898,0.94392544,0.4309761,-0.662203,-0.39161628,-0.60530305,-0.94842416,1224.0808
899,0.95686245,0.52382886,-0.6072524,-0.39931104,-0.641857,-0.9542506,1224.0808
900,0.96348304,0.60949045,-0.55058277,-0.40701082,-0.63160855,-0.95965344,1224.0808
901,0.9657141,0.67698765,-0.49952373,-0.4150519,-0.5878416,-0.96438515,1224.0808
902,0.9638895,0.72278905,-0.45648876,-0.42370343,-0.5198007,-0.9681311,1224.0808
903,0.96071863,0.74897313,-0.4215056,-0.43318117,-0.43601683,-0.9707843,1224.0808
904,0.9143392,0.7601799,-0.39334986,-0.4439474,0.36591333,-0.9723451,1224.0808
905,0.8429012,0.76089513,-0.36626104,-0.4573203,0.15317693,-0.97249115,1224.0808
906,0.82838976,0.75724363,-0.35881862,-0.47086954,0.10362627,-0.973006,1224.0808
907,0.8275042,0.7554327,-0.37748107,-0.48498842,0.108173065,-0.9744529,1224.0808
908,0.82284206,0.75868,-0.41821152,-0.49961576,0.11769567,-0.9764925,1224.0808
909,0.8138032,0.7614984,-0.46955463,-0.5145635,0.11975408,-0.9784423,1224.0808
910,0.80205494,0.750897,-0.51950634,-0.5296574,0.11160183,-0.9798267,1224.0808
911,0.78868055,0.71672565,-0.560981,-0.54476386,0.0935068,-0.9805415,1224.0808
912,0.84752005,0.66232,-0.59267575,-0.55977106,0.071613766,-0.98075145,1224.0808
913,0.9544092,0.5934609,-0.6161584,-0.5744631,0.009278985,-0.9806968,1224.0808
914,0.9830468,0.52439564,-0.6300183,-0.58844626,-0.10790279,-0.9804255,1224.0808
915,0.9796837,0.4575613,-0.63062686,-0.6014778,-0.19611599,-0.979835,1224.0808
916,0.9506552,0.39771187,-0.6197255,-0.61360455,-0.2942168,-0.97900313,1224.0808
917,0.8806014,0.34201726,-0.6081492,-0.6249481,-0.3885003,-0.97835326,1224.0808
918,0.6760651,0.2803,-0.6092391,-0.63588846,0.22478959,-0.9782828,1224.0808
919,0.65813535,0.19722387,-0.6221895,-0.6475156,0.114358306,-0.97841084,1224.0808
920,0.6300457,0.06027474,-0.6541646,-0.65815777,0.033697244,-0.97892547,1224.0808
921,0.5378287,-0.097193345,-0.6958421,-0.66774625,-0.039072875,-0.9794157,1224.0808
922,0.35300022,-0.253675,-0.73536414,-0.6762774,-0.045994107,-0.9793227,1224.0808
923,0.0060657957,-0.38891023,-0.7661487,-0.6839452,0.0894539,-0.9782483,1224.0808
924,0.39664882,-0.49448034,-0.7872936,-0.69118613,0.47944483,-0.9760201,1224.0808
925,0.5003735,-0.57862175,-0.8043044,-0.69766676,0.18627109,-0.97298867,1224.0808
926,0.58802843,-0.6462474,-0.82666844,-0.70252204,-0.16523615,-0.9703276,1224.0808
927,0.6325295,-0.6966042,-0.8538212,-0.70588857,-0.4549339,-0.9686492,1224.0808
928,0.72228926,-0.7320126,-0.88039774,-0.7079794,-0.44612882,-0.96770495,1224.0808
929,0.88927424,-0.75111854,-0.8984617,-0.71030027,0.25609308,-0.96619266,1224.0808
930,0.8672574,-0.7604024,-0.9078581,-0.7129009,-0.19857962,-0.9634151,1224.0808
931,0.9315724,-0.7606641,-0.9166684,-0.7139438,0.061618745,-0.96103746,1224.0808
932,0.942221,-0.75578684,-0.9229701,-0.71554023,0.021577045,-0.9589968,1224.0808
933,0.9597402,-0.7458652,-0.93047446,-0.7162348,0.10865796,-0.9582835,1224.0808
934,0.95625836,-0.73166394,-0.93829125,-0.71681476,-0.20503066,-0.95868963,1224.0808
935,0.9765812,-0.7136707,-0.94582343,-0.7173801,0.30198607,-0.95979464,1224.0808
936,0.97365254,-0.68544656,-0.95256776,-0.717607,-0.02683255,-0.96106726,1224.0808
937,0.97444236,-0.65091735,-0.95817703,-0.718031,-0.07725369,-0.96230316,1224.0808
938,0.98155916,-0.59844005,-0.9636427,-0.71766645,0.082324296,-0.9638371,1224.0808
939,0.98210275,-0.5407809,-0.96792525,-0.717963,-0.024150431,-0.96517366,1224.0808
