iteration,max_fitness,time,test_accuracy
0,-1.3296349,0.0,-1.8357377
1,-1.3296349,1.4169139862060547,[-1.8357377]
2,-1.3296349,1.4303972721099854,[-1.8357377]
3,-1.3296349,1.4787847995758057,[-1.8357377]
4,-1.3296349,1.4505972862243652,[-1.8357377]
5,-1.3296349,1.4381885528564453,[-1.8357377]
6,-1.3296349,1.4536035060882568,[-1.8357377]
7,-1.3296349,1.428605318069458,[-1.8357377]
8,-1.3296349,1.458507776260376,[-1.8357377]
9,-1.3296349,1.4515914916992188,[-1.8357377]
10,-1.3296349,1.3799152374267578,[-1.8357377]
11,-1.3296349,1.3204851150512695,[-1.8357377]
12,-1.3296349,1.4006707668304443,[-1.8357377]
13,-1.3296349,1.4318056106567383,[-1.8357377]
14,-1.3296349,1.4458515644073486,[-1.8357377]
15,-1.3296349,1.4244513511657715,[-1.8357377]
16,-1.3296349,1.4079399108886719,[-1.8357377]
17,-1.3296349,1.4865405559539795,[-1.8357377]
18,-1.3296349,1.4622201919555664,[-1.8357377]
19,-1.3296349,1.4320158958435059,[-1.8357377]
20,-1.3296349,1.4154243469238281,[-1.8357377]
21,-1.3296349,1.4120850563049316,[-1.8357377]
22,-1.3296349,1.4078900814056396,[-1.8357377]
23,-1.3296349,1.3787643909454346,[-1.8357377]
24,-1.3296349,1.4202935695648193,[-1.8357377]
25,-1.3296349,1.4099390506744385,[-1.8357377]
26,-1.3296349,1.4462003707885742,[-1.8357377]
27,-1.3296349,1.4022550582885742,[-1.8357377]
28,-1.3296349,1.4432001113891602,[-1.8357377]
29,-1.3296349,1.400968074798584,[-1.8357377]
30,-1.3296349,1.4266810417175293,[-1.8357377]
31,-1.3296349,1.4516994953155518,[-1.8357377]
32,-1.3296349,1.455845832824707,[-1.8357377]
33,-1.3296349,1.410717487335205,[-1.8357377]
34,-1.3296349,1.4377081394195557,[-1.8357377]
35,-1.3296349,1.4592070579528809,[-1.8357377]
36,-1.3296349,1.4306082725524902,[-1.8357377]
37,-1.3296349,1.4101672172546387,[-1.8357377]
38,-1.3296349,1.4070391654968262,[-1.8357377]
39,-1.3296349,1.385617971420288,[-1.8357377]
40,-1.3296349,1.3935797214508057,[-1.8357377]
41,-1.3296349,1.338637113571167,[-1.8357377]
42,-1.3296349,1.336848497390747,[-1.8357377]
43,-1.3296349,1.3607087135314941,[-1.8357377]
44,-1.3296349,1.4466071128845215,[-1.8357377]
45,-1.3296349,1.4205400943756104,[-1.8357377]
46,-1.3296349,1.4830231666564941,[-1.8357377]
47,-1.3296349,1.451636552810669,[-1.8357377]
48,-1.3296349,1.4460654258728027,[-1.8357377]
49,-1.3296349,1.4446561336517334,[-1.8357377]
50,-1.3296349,1.4805855751037598,[-1.8357377]
51,-1.3296349,1.4426298141479492,[-1.8357377]
52,-1.3296349,1.4498224258422852,[-1.8357377]
53,-1.3296349,1.3778579235076904,[-1.8357377]
54,-1.3296349,1.4109392166137695,[-1.8357377]
55,-1.3296349,1.4616270065307617,[-1.8357377]
56,-1.3296349,1.486100673675537,[-1.8357377]
57,-1.3296349,1.4926645755767822,[-1.8357377]
58,-1.3296349,1.4568679332733154,[-1.8357377]
59,-1.3296349,1.4749374389648438,[-1.8357377]
60,-1.3296349,1.4788780212402344,[-1.8357377]
61,-1.3296349,1.4898061752319336,[-1.8357377]
62,-1.3296349,1.4433958530426025,[-1.8357377]
63,-1.3296349,1.4187798500061035,[-1.8357377]
64,-1.3296349,1.4593825340270996,[-1.8357377]
65,-1.3296349,1.4596993923187256,[-1.8357377]
66,-1.3296349,1.4348227977752686,[-1.8357377]
67,-1.3296349,1.4310753345489502,[-1.8357377]
68,-1.3296349,1.509368896484375,[-1.8357377]
69,-1.3296349,1.4166247844696045,[-1.8357377]
70,-1.3296349,1.463552474975586,[-1.8357377]
71,-1.3296349,1.4485795497894287,[-1.8357377]
72,-1.3296349,1.4428071975708008,[-1.8357377]
73,-1.3296349,4.313706874847412,[-1.8357377]
74,-1.3296349,1.45737886428833,[-1.8357377]
75,-1.3296349,1.445852279663086,[-1.8357377]
76,-1.3296349,1.4506449699401855,[-1.8357377]
77,-1.3296349,1.4943904876708984,[-1.8357377]
78,-1.3296349,1.4395723342895508,[-1.8357377]
79,-1.3296349,1.4366705417633057,[-1.8357377]
80,-1.3296349,1.492375373840332,[-1.8357377]
81,-1.3296349,1.4323925971984863,[-1.8357377]
82,-1.3296349,1.446427822113037,[-1.8357377]
83,-1.3296349,1.4521958827972412,[-1.8357377]
84,-1.3296349,1.4634151458740234,[-1.8357377]
85,-1.3296349,1.4375486373901367,[-1.8357377]
86,-1.3296349,1.4588649272918701,[-1.8357377]
87,-1.3296349,1.4775595664978027,[-1.8357377]
88,-1.3296349,1.463012456893921,[-1.8357377]
89,-1.3296349,1.4531927108764648,[-1.8357377]
90,-1.3296349,1.4406368732452393,[-1.8357377]
91,-1.3296349,1.4396626949310303,[-1.8357377]
92,-1.3296349,1.4641883373260498,[-1.8357377]
93,-1.3296349,1.472245454788208,[-1.8357377]
94,-1.3296349,1.4326894283294678,[-1.8357377]
95,-1.3296349,1.4169182777404785,[-1.8357377]
96,-1.3296349,1.4301331043243408,[-1.8357377]
97,-1.3296349,1.5211231708526611,[-1.8357377]
98,-1.3296349,1.4623134136199951,[-1.8357377]
99,-1.3296349,1.4062275886535645,[-1.8357377]
100,-1.3296349,1.4028191566467285,[-1.8357377]
101,-1.3296349,1.435593605041504,[-1.8357377]
102,-1.3296349,1.4057114124298096,[-1.8357377]
103,-1.3296349,1.4013798236846924,[-1.8357377]
104,-1.3296349,1.4502980709075928,[-1.8357377]
105,-1.3296349,1.4736368656158447,[-1.8357377]
106,-1.3296349,1.4718067646026611,[-1.8357377]
107,-1.3296349,1.4731628894805908,[-1.8357377]
108,-1.3296349,1.4584224224090576,[-1.8357377]
109,-1.3296349,1.451075792312622,[-1.8357377]
110,-1.3296349,1.4416496753692627,[-1.8357377]
111,-1.3296349,1.4570794105529785,[-1.8357377]
112,-1.3296349,1.4588899612426758,[-1.8357377]
113,-1.3296349,1.4476861953735352,[-1.8357377]
114,-1.3296349,1.4301438331604004,[-1.8357377]
115,-1.3296349,1.4863841533660889,[-1.8357377]
116,-1.3296349,1.4537010192871094,[-1.8357377]
117,-1.3296349,1.435265302658081,[-1.8357377]
118,-1.3296349,1.4069232940673828,[-1.8357377]
119,-1.3296349,1.417884111404419,[-1.8357377]
120,-1.3296349,1.3811476230621338,[-1.8357377]
121,-1.3296349,1.3761787414550781,[-1.8357377]
122,-1.3296349,1.3808667659759521,[-1.8357377]
123,-1.3296349,1.4029743671417236,[-1.8357377]
124,-1.3296349,1.3869943618774414,[-1.8357377]
125,-1.3296349,1.3726768493652344,[-1.8357377]
126,-1.3296349,1.4193520545959473,[-1.8357377]
127,-1.3296349,1.4321181774139404,[-1.8357377]
128,-1.3296349,1.4572649002075195,[-1.8357377]
129,-1.3296349,1.3823084831237793,[-1.8357377]
130,-1.3296349,1.3447318077087402,[-1.8357377]
131,-1.3296349,1.398693561553955,[-1.8357377]
132,-1.3296349,1.4765405654907227,[-1.8357377]
133,-1.3296349,1.425612449645996,[-1.8357377]
134,-1.3296349,1.442908763885498,[-1.8357377]
135,-1.3296349,1.4576470851898193,[-1.8357377]
136,-1.3296349,1.4353022575378418,[-1.8357377]
137,-1.3296349,1.421588659286499,[-1.8357377]
138,-1.3296349,1.4371721744537354,[-1.8357377]
139,-1.3296349,1.4575824737548828,[-1.8357377]
140,-1.3296349,1.44783616065979,[-1.8357377]
141,-1.3296349,1.4443542957305908,[-1.8357377]
142,-1.3296349,1.4180066585540771,[-1.8357377]
143,-1.3296349,1.4591948986053467,[-1.8357377]
144,-1.3296349,1.4800286293029785,[-1.8357377]
145,-1.3296349,1.395493507385254,[-1.8357377]
146,-1.3296349,1.3702521324157715,[-1.8357377]
147,-1.3296349,1.4010887145996094,[-1.8357377]
148,-1.3042758,1.3783612251281738,[-1.7993228]
149,-1.3042758,1.3409614562988281,[-1.7993228]
150,-1.3042758,1.3868989944458008,[-1.7993228]
151,-1.3042758,1.3944017887115479,[-1.7993228]
152,-1.3042758,1.4064149856567383,[-1.7993228]
153,-1.3042758,1.3994641304016113,[-1.7993228]
154,-1.3042758,1.4510672092437744,[-1.7993228]
155,-1.3042758,1.463414192199707,[-1.7993228]
156,-1.3042758,1.4169526100158691,[-1.7993228]
157,-0.89387476,1.4690628051757812,[-1.4646025]
158,-0.89387476,1.4542696475982666,[-1.4646025]
159,-0.89324796,1.4410173892974854,[-1.4636219]
160,-0.89158094,1.4358546733856201,[-1.4437344]
161,-0.89158094,1.4458801746368408,[-1.4437344]
162,-0.89158094,1.4491136074066162,[-1.4437344]
163,-0.89158094,1.4450411796569824,[-1.4437344]
164,-0.89158094,1.4283781051635742,[-1.4437344]
165,-0.89158094,4.341604948043823,[-1.4437344]
166,-0.89158094,1.4616587162017822,[-1.4437344]
167,-0.89158094,1.462737798690796,[-1.4437344]
168,-0.89158094,1.4079265594482422,[-1.4437344]
169,-0.89158094,1.4706692695617676,[-1.4437344]
170,-0.89158094,1.4313292503356934,[-1.4437344]
171,-0.89158094,1.4366414546966553,[-1.4437344]
172,-0.89158094,1.4123878479003906,[-1.4437344]
173,-0.89158094,1.4281010627746582,[-1.4437344]
174,-0.89158094,1.424253225326538,[-1.4437344]
175,-0.89158094,1.4147813320159912,[-1.4437344]
176,-0.89158094,1.4522082805633545,[-1.4437344]
177,-0.89158094,1.3979613780975342,[-1.4437344]
178,-0.89158094,1.367339849472046,[-1.4437344]
179,-0.89158094,1.3823192119598389,[-1.4437344]
180,-0.89158094,1.4181914329528809,[-1.4437344]
181,-0.89158094,1.3915560245513916,[-1.4437344]
182,-0.89158094,1.4458034038543701,[-1.4437344]
183,-0.89158094,1.3836994171142578,[-1.4437344]
184,-0.89158094,1.429734468460083,[-1.4437344]
185,-0.89158094,1.421922206878662,[-1.4437344]
186,-0.89158094,1.4007351398468018,[-1.4437344]
187,-0.89158094,1.4248955249786377,[-1.4437344]
188,-0.89158094,1.4670569896697998,[-1.4437344]
189,-0.89158094,1.4462387561798096,[-1.4437344]
190,-0.89158094,1.4804050922393799,[-1.4437344]
191,-0.89158094,1.473381519317627,[-1.4437344]
192,-0.89158094,1.4318652153015137,[-1.4437344]
193,-0.89158094,1.4212865829467773,[-1.4437344]
194,-0.89158094,1.3865547180175781,[-1.4437344]
195,-0.89158094,1.4072136878967285,[-1.4437344]
196,-0.89158094,1.377143383026123,[-1.4437344]
197,-0.89158094,1.4460604190826416,[-1.4437344]
198,-0.89158094,1.4426078796386719,[-1.4437344]
199,-0.89158094,1.4493815898895264,[-1.4437344]
200,-0.89158094,1.480985403060913,[-1.4437344]
201,-0.89158094,1.4578707218170166,[-1.4437344]
202,-0.89158094,1.4389712810516357,[-1.4437344]
203,-0.89158094,1.4087839126586914,[-1.4437344]
204,-0.89158094,1.4361534118652344,[-1.4437344]
205,-0.89158094,1.4412286281585693,[-1.4437344]
206,-0.89158094,1.4639873504638672,[-1.4437344]
207,-0.89158094,1.498575210571289,[-1.4437344]
208,-0.89158094,1.4756953716278076,[-1.4437344]
209,-0.89158094,1.4466464519500732,[-1.4437344]
210,-0.89158094,1.487703800201416,[-1.4437344]
211,-0.89158094,1.4369640350341797,[-1.4437344]
212,-0.89158094,1.3881182670593262,[-1.4437344]
213,-0.89158094,1.3902974128723145,[-1.4437344]
214,-0.89158094,1.3553571701049805,[-1.4437344]
215,-0.89158094,1.3854570388793945,[-1.4437344]
216,-0.89158094,1.3621187210083008,[-1.4437344]
217,-0.89158094,1.3593146800994873,[-1.4437344]
218,-0.89158094,1.3839340209960938,[-1.4437344]
219,-0.89158094,1.403010606765747,[-1.4437344]
220,-0.89158094,1.4615933895111084,[-1.4437344]
221,-0.89158094,1.4465703964233398,[-1.4437344]
222,-0.89158094,1.4274649620056152,[-1.4437344]
223,-0.89158094,1.3988852500915527,[-1.4437344]
224,-0.89158094,1.4263272285461426,[-1.4437344]
225,-0.89158094,1.4615483283996582,[-1.4437344]
226,-0.89158094,1.4553194046020508,[-1.4437344]
227,-0.89158094,1.496380090713501,[-1.4437344]
228,-0.89158094,1.4489834308624268,[-1.4437344]
229,-0.89158094,1.4644927978515625,[-1.4437344]
230,-0.89158094,1.4537222385406494,[-1.4437344]
231,-0.89158094,1.4393806457519531,[-1.4437344]
232,-0.793532,1.3945317268371582,[-1.2611623]
233,-0.793532,1.420846939086914,[-1.2611623]
234,-0.793532,1.4477150440216064,[-1.2611623]
235,-0.793532,1.4263100624084473,[-1.2611623]
236,-0.793532,1.4523682594299316,[-1.2611623]
237,-0.793532,1.4184656143188477,[-1.2611623]
238,-0.793532,1.435136318206787,[-1.2611623]
239,-0.793532,1.4066224098205566,[-1.2611623]
240,-0.793532,1.3508074283599854,[-1.2611623]
241,-0.793532,1.4464921951293945,[-1.2611623]
242,-0.793532,1.417057991027832,[-1.2611623]
243,-0.793532,1.4177885055541992,[-1.2611623]
244,-0.793532,1.3914434909820557,[-1.2611623]
245,-0.793532,1.3499705791473389,[-1.2611623]
246,-0.793532,1.382946491241455,[-1.2611623]
247,-0.793532,1.4159207344055176,[-1.2611623]
248,-0.793532,1.4166266918182373,[-1.2611623]
249,-0.793532,1.4480195045471191,[-1.2611623]
250,-0.793532,1.4396271705627441,[-1.2611623]
251,-0.793532,1.4645535945892334,[-1.2611623]
252,-0.793532,1.433370590209961,[-1.2611623]
253,-0.793532,1.4269733428955078,[-1.2611623]
254,-0.793532,1.4565315246582031,[-1.2611623]
255,-0.793532,1.4048824310302734,[-1.2611623]
256,-0.793532,4.266538381576538,[-1.2611623]
257,-0.793532,1.393052577972412,[-1.2611623]
258,-0.793532,1.4755637645721436,[-1.2611623]
259,-0.793532,1.4668645858764648,[-1.2611623]
260,-0.793532,1.4498882293701172,[-1.2611623]
261,-0.793532,1.474088191986084,[-1.2611623]
262,-0.793532,1.47979736328125,[-1.2611623]
263,-0.793532,1.4513919353485107,[-1.2611623]
264,-0.793532,1.4725534915924072,[-1.2611623]
265,-0.793532,1.425812005996704,[-1.2611623]
266,-0.793532,1.4639263153076172,[-1.2611623]
267,-0.793532,1.4688913822174072,[-1.2611623]
268,-0.793532,1.4207565784454346,[-1.2611623]
269,-0.793532,1.429412603378296,[-1.2611623]
270,-0.793532,1.4229316711425781,[-1.2611623]
271,-0.793532,1.388833999633789,[-1.2611623]
272,-0.793532,1.366159200668335,[-1.2611623]
273,-0.793532,1.3475871086120605,[-1.2611623]
274,-0.793532,1.3867499828338623,[-1.2611623]
275,-0.793532,1.4186246395111084,[-1.2611623]
276,-0.793532,1.4158318042755127,[-1.2611623]
277,-0.793532,1.4520013332366943,[-1.2611623]
278,-0.793532,1.4480476379394531,[-1.2611623]
279,-0.793532,1.470611572265625,[-1.2611623]
280,-0.793532,1.4316837787628174,[-1.2611623]
281,-0.793532,1.4775276184082031,[-1.2611623]
282,-0.793532,1.4102492332458496,[-1.2611623]
283,-0.793532,1.4396190643310547,[-1.2611623]
284,-0.793532,1.4520211219787598,[-1.2611623]
285,-0.793532,1.4673991203308105,[-1.2611623]
286,-0.793532,1.401991367340088,[-1.2611623]
287,-0.793532,1.4211483001708984,[-1.2611623]
288,-0.793532,1.407066822052002,[-1.2611623]
289,-0.793532,1.3960449695587158,[-1.2611623]
290,-0.793532,1.4549717903137207,[-1.2611623]
291,-0.793532,1.4793062210083008,[-1.2611623]
292,-0.793532,1.4432008266448975,[-1.2611623]
293,-0.793532,1.4545276165008545,[-1.2611623]
294,-0.793532,1.4761903285980225,[-1.2611623]
295,-0.793532,1.405125379562378,[-1.2611623]
296,-0.793532,1.4887332916259766,[-1.2611623]
297,-0.793532,1.4447112083435059,[-1.2611623]
298,-0.793532,1.4528818130493164,[-1.2611623]
299,-0.793532,1.5069308280944824,[-1.2611623]
300,-0.793532,1.430516242980957,[-1.2611623]
301,-0.793532,1.396394968032837,[-1.2611623]
302,-0.793532,1.4528989791870117,[-1.2611623]
303,-0.793532,1.4480953216552734,[-1.2611623]
304,-0.793532,1.446596384048462,[-1.2611623]
305,-0.793532,1.4442527294158936,[-1.2611623]
306,-0.793532,1.4608449935913086,[-1.2611623]
307,-0.793532,1.462306261062622,[-1.2611623]
308,-0.793532,1.4292995929718018,[-1.2611623]
309,-0.793532,1.4529659748077393,[-1.2611623]
310,-0.793532,1.4367966651916504,[-1.2611623]
311,-0.793532,1.4716930389404297,[-1.2611623]
312,-0.793532,1.4293725490570068,[-1.2611623]
313,-0.793532,1.4336633682250977,[-1.2611623]
314,-0.793532,1.451122522354126,[-1.2611623]
315,-0.793532,1.4324579238891602,[-1.2611623]
316,-0.793532,1.4367730617523193,[-1.2611623]
317,-0.793532,1.4540481567382812,[-1.2611623]
318,-0.793532,1.4928991794586182,[-1.2611623]
319,-0.793532,1.4698407649993896,[-1.2611623]
320,-0.793532,1.4698655605316162,[-1.2611623]
321,-0.793532,1.4437365531921387,[-1.2611623]
322,-0.793532,1.4377987384796143,[-1.2611623]
323,-0.793532,1.46728515625,[-1.2611623]
324,-0.793532,1.4415884017944336,[-1.2611623]
325,-0.793532,1.453664779663086,[-1.2611623]
326,-0.793532,1.4701859951019287,[-1.2611623]
327,-0.793532,1.4443485736846924,[-1.2611623]
328,-0.793532,1.4734265804290771,[-1.2611623]
329,-0.793532,1.449902057647705,[-1.2611623]
330,-0.793532,1.4247419834136963,[-1.2611623]
331,-0.793532,1.411269187927246,[-1.2611623]
332,-0.793532,1.4237406253814697,[-1.2611623]
333,-0.793532,1.441957712173462,[-1.2611623]
334,-0.793532,1.4577395915985107,[-1.2611623]
335,-0.793532,1.467872142791748,[-1.2611623]
336,-0.793532,1.4359807968139648,[-1.2611623]
337,-0.793532,1.4406485557556152,[-1.2611623]
338,-0.793532,1.460172414779663,[-1.2611623]
339,-0.793532,1.4681308269500732,[-1.2611623]
340,-0.793532,1.450627326965332,[-1.2611623]
341,-0.793532,1.468696117401123,[-1.2611623]
342,-0.793532,1.4711949825286865,[-1.2611623]
343,-0.793532,1.4770698547363281,[-1.2611623]
344,-0.793532,1.4426064491271973,[-1.2611623]
345,-0.793532,1.4777047634124756,[-1.2611623]
346,-0.793532,1.495959997177124,[-1.2611623]
347,-0.793532,1.4979496002197266,[-1.2611623]
348,-0.793532,4.353626251220703,[-1.2611623]
349,-0.793532,1.4986343383789062,[-1.2611623]
350,-0.793532,1.4793641567230225,[-1.2611623]
351,-0.793532,1.4276301860809326,[-1.2611623]
352,-0.793532,1.4417130947113037,[-1.2611623]
353,-0.793532,1.4291057586669922,[-1.2611623]
354,-0.793532,1.4699864387512207,[-1.2611623]
355,-0.793532,1.4433043003082275,[-1.2611623]
356,-0.793532,1.466444730758667,[-1.2611623]
357,-0.793532,1.4727959632873535,[-1.2611623]
358,-0.793532,1.4456496238708496,[-1.2611623]
359,-0.793532,1.4218807220458984,[-1.2611623]
360,-0.793532,1.4333667755126953,[-1.2611623]
361,-0.793532,1.485569953918457,[-1.2611623]
362,-0.793532,1.4540936946868896,[-1.2611623]
363,-0.793532,1.462172031402588,[-1.2611623]
364,-0.793532,1.449533224105835,[-1.2611623]
365,-0.793532,1.4759032726287842,[-1.2611623]
366,-0.793532,1.4780933856964111,[-1.2611623]
367,-0.793532,1.460644006729126,[-1.2611623]
368,-0.793532,1.4571843147277832,[-1.2611623]
369,-0.793532,1.4636495113372803,[-1.2611623]
370,-0.793532,1.505138635635376,[-1.2611623]
371,-0.793532,1.4327402114868164,[-1.2611623]
372,-0.793532,1.470243215560913,[-1.2611623]
373,-0.793532,1.4526934623718262,[-1.2611623]
374,-0.793532,1.4579133987426758,[-1.2611623]
375,-0.793532,1.4300518035888672,[-1.2611623]
376,-0.793532,1.4732475280761719,[-1.2611623]
377,-0.793532,1.4576504230499268,[-1.2611623]
378,-0.793532,1.399836778640747,[-1.2611623]
379,-0.793532,1.3756623268127441,[-1.2611623]
380,-0.793532,1.3754401206970215,[-1.2611623]
381,-0.793532,1.4496254920959473,[-1.2611623]
382,-0.793532,1.4153821468353271,[-1.2611623]
383,-0.793532,1.399047613143921,[-1.2611623]
384,-0.793532,1.4159355163574219,[-1.2611623]
385,-0.793532,1.4195349216461182,[-1.2611623]
386,-0.793532,1.4363279342651367,[-1.2611623]
387,-0.793532,1.4748318195343018,[-1.2611623]
388,-0.793532,1.4810881614685059,[-1.2611623]
389,-0.793532,1.4385337829589844,[-1.2611623]
390,-0.793532,1.5389928817749023,[-1.2611623]
391,-0.793532,1.427424430847168,[-1.2611623]
392,-0.793532,1.4527075290679932,[-1.2611623]
393,-0.793532,1.4580934047698975,[-1.2611623]
394,-0.793532,1.4423906803131104,[-1.2611623]
395,-0.793532,1.4724936485290527,[-1.2611623]
396,-0.793532,1.4691810607910156,[-1.2611623]
397,-0.793532,1.4318907260894775,[-1.2611623]
398,-0.793532,1.4627063274383545,[-1.2611623]
399,-0.793532,1.4583520889282227,[-1.2611623]
400,-0.7091104,1.468681812286377,[-0.9501145]
401,-0.7091104,1.4481332302093506,[-0.9501145]
402,-0.7091104,1.434511423110962,[-0.9501145]
403,-0.7091104,1.455317497253418,[-0.9501145]
404,-0.7091104,1.4327735900878906,[-0.9501145]
405,-0.7091104,1.4537034034729004,[-0.9501145]
406,-0.7091104,1.4251365661621094,[-0.9501145]
407,-0.7091104,1.4310121536254883,[-0.9501145]
408,-0.7091104,1.4486255645751953,[-0.9501145]
409,-0.7091104,1.4330499172210693,[-0.9501145]
410,-0.70910966,1.5045371055603027,[-0.95011365]
411,-0.70910966,1.4569714069366455,[-0.95011365]
412,-0.70910966,1.4307928085327148,[-0.95011365]
413,-0.70910966,1.441126823425293,[-0.95011365]
414,-0.70910966,1.4758343696594238,[-0.95011365]
415,-0.70910966,1.40104341506958,[-0.95011365]
416,-0.70910966,1.4128029346466064,[-0.95011365]
417,-0.70910966,1.3925776481628418,[-0.95011365]
418,-0.70910966,1.3868982791900635,[-0.95011365]
419,-0.70910966,1.4308874607086182,[-0.95011365]
420,-0.70910966,1.4235615730285645,[-0.95011365]
421,-0.70910966,1.4268169403076172,[-0.95011365]
422,-0.70910966,1.4006075859069824,[-0.95011365]
423,-0.70910966,1.412734031677246,[-0.95011365]
424,-0.70910966,1.400383710861206,[-0.95011365]
425,-0.70910966,1.4712133407592773,[-0.95011365]
426,-0.70910966,1.450087547302246,[-0.95011365]
427,-0.70910966,1.4842004776000977,[-0.95011365]
428,-0.70910966,1.465179443359375,[-0.95011365]
429,-0.70910966,1.4586973190307617,[-0.95011365]
430,-0.70910966,1.4452190399169922,[-0.95011365]
431,-0.70910966,1.46142578125,[-0.95011365]
432,-0.70910966,1.4622361660003662,[-0.95011365]
433,-0.70910966,1.4405078887939453,[-0.95011365]
434,-0.70910966,1.4727513790130615,[-0.95011365]
435,-0.70910966,1.4933443069458008,[-0.95011365]
436,-0.70910966,1.441760778427124,[-0.95011365]
437,-0.70910966,1.4584434032440186,[-0.95011365]
438,-0.70910966,1.4263687133789062,[-0.95011365]
439,-0.70910966,1.474707841873169,[-0.95011365]
440,-0.70910966,4.276674032211304,[-0.95011365]
441,-0.70910966,1.4613990783691406,[-0.95011365]
442,-0.70910966,1.4511468410491943,[-0.95011365]
443,-0.70910966,1.405566930770874,[-0.95011365]
444,-0.70910966,1.4529807567596436,[-0.95011365]
445,-0.69308877,1.467371940612793,[-0.9274534]
446,-0.69308877,1.4626495838165283,[-0.9274534]
447,-0.69308877,1.4389965534210205,[-0.9274534]
448,-0.69308877,1.4406204223632812,[-0.9274534]
449,-0.69308877,1.4460535049438477,[-0.9274534]
450,-0.6016489,1.464937686920166,[-0.7974471]
451,-0.6016489,1.4565610885620117,[-0.7974471]
452,-0.6016489,1.454848289489746,[-0.7974471]
453,-0.6016489,1.4492998123168945,[-0.7974471]
454,-0.5657178,1.4673376083374023,[-0.7465031]
455,-0.5657178,1.444167137145996,[-0.7465031]
456,-0.5657178,1.443190574645996,[-0.7465031]
457,-0.5657178,1.4514546394348145,[-0.7465031]
458,-0.5657178,1.4564034938812256,[-0.7465031]
459,-0.5657178,1.4672117233276367,[-0.7465031]
460,-0.5657178,1.450239896774292,[-0.7465031]
461,-0.5657178,1.4341864585876465,[-0.7465031]
462,-0.5657178,1.4709243774414062,[-0.7465031]
463,-0.5657178,1.462557315826416,[-0.7465031]
464,-0.5657178,1.489717721939087,[-0.7465031]
465,-0.5657178,1.4813258647918701,[-0.7465031]
466,-0.5657178,1.4640393257141113,[-0.7465031]
467,-0.5657178,1.4546937942504883,[-0.7465031]
468,-0.5657178,1.4383015632629395,[-0.7465031]
469,-0.5657178,1.4017724990844727,[-0.7465031]
470,-0.5657178,1.3573555946350098,[-0.7465031]
471,-0.5657178,1.3914294242858887,[-0.7465031]
472,-0.5657178,1.3608107566833496,[-0.7465031]
473,-0.5657178,1.4324653148651123,[-0.7465031]
474,-0.5657178,1.404698133468628,[-0.7465031]
475,-0.5657178,1.4030182361602783,[-0.7465031]
476,-0.5657178,1.3829925060272217,[-0.7465031]
477,-0.5657178,1.3275318145751953,[-0.7465031]
478,-0.5657178,1.363736629486084,[-0.7465031]
479,-0.36175978,1.4101948738098145,[-0.5920613]
480,-0.36175978,1.4488255977630615,[-0.5920613]
481,-0.36175978,1.4298887252807617,[-0.5920613]
482,-0.36175978,1.429643154144287,[-0.5920613]
483,-0.13289857,1.4488141536712646,[-0.20820212]
484,-0.13289857,1.4729211330413818,[-0.20820212]
485,-0.13289857,1.399475336074829,[-0.20820212]
486,-0.13157034,1.4717216491699219,[-0.20538437]
487,-0.13157034,1.4493279457092285,[-0.20538437]
488,-0.13157034,1.4918053150177002,[-0.20538437]
489,-0.13157034,1.4778838157653809,[-0.20538437]
490,-0.102939844,1.4492461681365967,[-0.15588582]
491,-0.102939844,1.4320213794708252,[-0.15588582]
492,-0.102939844,1.464806318283081,[-0.15588582]
493,-0.102939844,1.5117430686950684,[-0.15588582]
494,-0.102939844,1.439490795135498,[-0.15588582]
495,-0.102939844,1.4460983276367188,[-0.15588582]
496,-0.102939844,1.487579107284546,[-0.15588582]
497,-0.102939844,1.4194319248199463,[-0.15588582]
498,-0.102939844,1.4091308116912842,[-0.15588582]
499,-0.102939844,1.4218790531158447,[-0.15588582]
500,-0.102939844,1.4827845096588135,[-0.15588582]
501,-0.102939844,1.4803576469421387,[-0.15588582]
502,-0.102939844,1.4280896186828613,[-0.15588582]
503,-0.102939844,1.4665331840515137,[-0.15588582]
504,-0.102939844,1.5296051502227783,[-0.15588582]
505,0.055078447,1.4476962089538574,[0.08508492]
506,0.055078447,1.4821257591247559,[0.08508492]
507,0.055078447,1.4390008449554443,[0.08508492]
508,0.055078447,1.5149304866790771,[0.08508492]
509,0.055078447,1.479543685913086,[0.08508492]
510,0.055078447,1.4677472114562988,[0.08508492]
511,0.055078447,1.5051250457763672,[0.08508492]
512,0.055078447,1.4530940055847168,[0.08508492]
513,0.055078447,1.465522050857544,[0.08508492]
514,0.055078447,1.4065325260162354,[0.08508492]
515,0.055078447,1.4143362045288086,[0.08508492]
516,0.055078447,1.4603965282440186,[0.08508492]
517,0.055078447,1.448852300643921,[0.08508492]
518,0.055078447,1.4735462665557861,[0.08508492]
519,0.055078447,1.4165637493133545,[0.08508492]
520,0.055078447,1.4225640296936035,[0.08508492]
521,0.055078447,1.4380922317504883,[0.08508492]
522,0.055078447,1.5034570693969727,[0.08508492]
523,0.13160723,1.4829609394073486,[-0.3446256]
524,0.23609054,1.4475271701812744,[-0.01482093]
525,0.23609054,1.4835364818572998,[-0.01482093]
526,0.23609054,1.4388923645019531,[-0.01482093]
527,0.23609054,1.4492771625518799,[-0.01482093]
528,0.23609054,1.4234845638275146,[-0.01482093]
529,0.23609054,1.484731912612915,[-0.01482093]
530,0.23609054,1.4523487091064453,[-0.01482093]
531,0.23609054,1.4259083271026611,[-0.01482093]
532,0.23609054,4.3202478885650635,[-0.01482093]
533,0.23609054,1.4375286102294922,[-0.01482093]
534,0.23609054,1.487229585647583,[-0.01482093]
535,0.23609054,1.4295945167541504,[-0.01482093]
536,0.23609054,1.4530830383300781,[-0.01482093]
537,0.23609054,1.4393727779388428,[-0.01482093]
538,0.23609054,1.423128366470337,[-0.01482093]
539,0.23609054,1.3848025798797607,[-0.01482093]
540,0.23609054,1.4765269756317139,[-0.01482093]
541,0.23609054,1.433251142501831,[-0.01482093]
542,0.23609054,1.401723861694336,[-0.01482093]
543,0.23609054,1.394982099533081,[-0.01482093]
544,0.23609054,1.4166572093963623,[-0.01482093]
545,0.23609054,1.4414892196655273,[-0.01482093]
546,0.23609054,1.4477195739746094,[-0.01482093]
547,0.23609054,1.428426742553711,[-0.01482093]
548,0.23609054,1.392674207687378,[-0.01482093]
549,0.23609054,1.4227867126464844,[-0.01482093]
550,0.23609054,1.424940586090088,[-0.01482093]
551,0.23609054,1.448103666305542,[-0.01482093]
552,0.23609054,1.3972337245941162,[-0.01482093]
553,0.23609054,1.40224289894104,[-0.01482093]
554,0.23609054,1.4398295879364014,[-0.01482093]
555,0.23609054,1.4798624515533447,[-0.01482093]
556,0.23609054,1.4014856815338135,[-0.01482093]
557,0.23609054,1.4171442985534668,[-0.01482093]
558,0.23609054,1.4148173332214355,[-0.01482093]
559,0.23609054,1.4067676067352295,[-0.01482093]
560,0.23609054,1.4047362804412842,[-0.01482093]
561,0.23609054,1.3966755867004395,[-0.01482093]
562,0.23609054,1.3472411632537842,[-0.01482093]
563,0.23609054,1.3302271366119385,[-0.01482093]
564,0.23609054,1.4268097877502441,[-0.01482093]
565,0.23609054,1.4003329277038574,[-0.01482093]
566,0.23609054,1.4198360443115234,[-0.01482093]
567,0.23609054,1.4572489261627197,[-0.01482093]
568,0.23609054,1.416579008102417,[-0.01482093]
569,0.23609054,1.4819962978363037,[-0.01482093]
570,0.23609054,1.4037187099456787,[-0.01482093]
571,0.23609054,1.397266149520874,[-0.01482093]
572,0.23609054,1.4033374786376953,[-0.01482093]
573,0.23609054,1.3999066352844238,[-0.01482093]
574,0.23609054,1.4471979141235352,[-0.01482093]
575,0.23609054,1.43039870262146,[-0.01482093]
576,0.23609054,1.4538910388946533,[-0.01482093]
577,0.23609054,1.4253110885620117,[-0.01482093]
578,0.23609054,1.4322259426116943,[-0.01482093]
579,0.23609054,1.4519367218017578,[-0.01482093]
580,0.23609054,1.4269471168518066,[-0.01482093]
581,0.23609054,1.463554859161377,[-0.01482093]
582,0.23609054,1.4451160430908203,[-0.01482093]
583,0.23609054,1.4568512439727783,[-0.01482093]
584,0.23609054,1.4424817562103271,[-0.01482093]
585,0.23609054,1.4509375095367432,[-0.01482093]
586,0.23609054,1.4409406185150146,[-0.01482093]
587,0.23609054,1.448850154876709,[-0.01482093]
588,0.23609054,1.4288253784179688,[-0.01482093]
589,0.23609054,1.4553720951080322,[-0.01482093]
590,0.23609054,1.406144618988037,[-0.01482093]
591,0.23609054,1.3810904026031494,[-0.01482093]
592,0.23609054,1.4582312107086182,[-0.01482093]
593,0.23609054,1.4661762714385986,[-0.01482093]
594,0.23609054,1.4962480068206787,[-0.01482093]
595,0.23609054,1.4833014011383057,[-0.01482093]
596,0.23609054,1.5035920143127441,[-0.01482093]
597,0.23609054,1.4763433933258057,[-0.01482093]
598,0.23609054,1.4500997066497803,[-0.01482093]
599,0.23609054,1.4497103691101074,[-0.01482093]
600,0.23609054,1.4616966247558594,[-0.01482093]
601,0.23609054,1.4666194915771484,[-0.01482093]
602,0.23609054,1.4523513317108154,[-0.01482093]
603,0.23609054,1.423663854598999,[-0.01482093]
604,0.23609054,1.4566214084625244,[-0.01482093]
605,0.23609054,1.421830654144287,[-0.01482093]
606,0.23609054,1.4255073070526123,[-0.01482093]
607,0.23609054,1.4423673152923584,[-0.01482093]
608,0.23609054,1.4524846076965332,[-0.01482093]
609,0.23609054,1.5181989669799805,[-0.01482093]
610,0.23609054,1.4762094020843506,[-0.01482093]
611,0.23609054,1.4668583869934082,[-0.01482093]
612,0.23609054,1.4578900337219238,[-0.01482093]
613,0.23609054,1.4542033672332764,[-0.01482093]
614,0.23609054,1.4882643222808838,[-0.01482093]
615,0.23609054,1.4736404418945312,[-0.01482093]
616,0.23609054,1.4324119091033936,[-0.01482093]
617,0.23609054,1.4432761669158936,[-0.01482093]
618,0.23609054,1.4696369171142578,[-0.01482093]
619,0.23609054,1.4657471179962158,[-0.01482093]
620,0.23609054,1.420534610748291,[-0.01482093]
621,0.23609054,1.4335870742797852,[-0.01482093]
622,0.23609054,1.438434362411499,[-0.01482093]
623,0.23609054,1.445493459701538,[-0.01482093]
624,0.23609054,4.296314716339111,[-0.01482093]
625,0.23609054,1.4516873359680176,[-0.01482093]
626,0.23609054,1.4816904067993164,[-0.01482093]
627,0.23609054,1.4387898445129395,[-0.01482093]
628,0.23609054,1.4682731628417969,[-0.01482093]
629,0.23609054,1.4528050422668457,[-0.01482093]
630,0.23609054,1.4343066215515137,[-0.01482093]
631,0.23609054,1.4512975215911865,[-0.01482093]
632,0.23609054,1.446171522140503,[-0.01482093]
633,0.23609054,1.4294860363006592,[-0.01482093]
634,0.23609054,1.4691522121429443,[-0.01482093]
635,0.23609054,1.43798828125,[-0.01482093]
636,0.23609054,1.4466352462768555,[-0.01482093]
637,0.23609054,1.4310243129730225,[-0.01482093]
638,0.23609054,1.4521665573120117,[-0.01482093]
639,0.23609054,1.448009967803955,[-0.01482093]
640,0.23609054,1.4310448169708252,[-0.01482093]
641,0.23609054,1.4594390392303467,[-0.01482093]
642,0.23609054,1.497154712677002,[-0.01482093]
643,0.23609054,1.4652023315429688,[-0.01482093]
644,0.23609054,1.444530725479126,[-0.01482093]
645,0.23609054,1.471904993057251,[-0.01482093]
646,0.23609054,1.4150538444519043,[-0.01482093]
647,0.23609054,1.4286408424377441,[-0.01482093]
648,0.23609054,1.4554314613342285,[-0.01482093]
649,0.23609054,1.4275591373443604,[-0.01482093]
650,0.23609054,1.4694089889526367,[-0.01482093]
651,0.23609054,1.4725582599639893,[-0.01482093]
652,0.23609054,1.4656686782836914,[-0.01482093]
653,0.23609054,1.4733860492706299,[-0.01482093]
654,0.23609054,1.3752319812774658,[-0.01482093]
655,0.23609054,1.3315532207489014,[-0.01482093]
656,0.23609054,1.4161889553070068,[-0.01482093]
657,0.23609054,1.4595112800598145,[-0.01482093]
658,0.23609054,1.4535462856292725,[-0.01482093]
659,0.23609054,1.4586257934570312,[-0.01482093]
660,0.23609054,1.4801409244537354,[-0.01482093]
661,0.23609054,1.417776107788086,[-0.01482093]
662,0.23609054,1.4764132499694824,[-0.01482093]
663,0.23609054,1.4387972354888916,[-0.01482093]
664,0.23609054,1.4240598678588867,[-0.01482093]
665,0.23609054,1.494067907333374,[-0.01482093]
666,0.23609054,1.444467544555664,[-0.01482093]
667,0.23609054,1.4458107948303223,[-0.01482093]
668,0.23609054,1.4580175876617432,[-0.01482093]
669,0.23609054,1.450347661972046,[-0.01482093]
670,0.23609054,1.439739465713501,[-0.01482093]
671,0.23609054,1.4302935600280762,[-0.01482093]
672,0.23609054,1.4629602432250977,[-0.01482093]
673,0.23609054,1.432621717453003,[-0.01482093]
674,0.23609054,1.4288110733032227,[-0.01482093]
675,0.23609054,1.4166247844696045,[-0.01482093]
676,0.23609054,1.475614309310913,[-0.01482093]
677,0.23609054,1.4366438388824463,[-0.01482093]
678,0.23609054,1.4646952152252197,[-0.01482093]
679,0.23609054,1.4395098686218262,[-0.01482093]
680,0.23609054,1.4464902877807617,[-0.01482093]
681,0.23609054,1.3732500076293945,[-0.01482093]
682,0.23609054,1.3885643482208252,[-0.01482093]
683,0.23609054,1.4136409759521484,[-0.01482093]
684,0.23609054,1.369558334350586,[-0.01482093]
685,0.23609054,1.3775043487548828,[-0.01482093]
686,0.23609054,1.4115707874298096,[-0.01482093]
687,0.23609054,1.4230387210845947,[-0.01482093]
688,0.23609054,1.3979616165161133,[-0.01482093]
689,0.23609054,1.472715139389038,[-0.01482093]
690,0.23609054,1.4169666767120361,[-0.01482093]
691,0.23609054,1.4481542110443115,[-0.01482093]
692,0.23609054,1.4329845905303955,[-0.01482093]
693,0.23609054,1.4833240509033203,[-0.01482093]
694,0.23609054,1.4268972873687744,[-0.01482093]
695,0.23609054,1.4216108322143555,[-0.01482093]
696,0.23609054,1.4224231243133545,[-0.01482093]
697,0.23609054,1.3875865936279297,[-0.01482093]
698,0.23609054,1.4116840362548828,[-0.01482093]
699,0.23609054,1.390599012374878,[-0.01482093]
700,0.23609054,1.4419946670532227,[-0.01482093]
701,0.23609054,1.4342896938323975,[-0.01482093]
702,0.23609054,1.4260945320129395,[-0.01482093]
703,0.23609054,1.454883098602295,[-0.01482093]
704,0.23609054,1.4861459732055664,[-0.01482093]
705,0.23609054,1.4656381607055664,[-0.01482093]
706,0.23609054,1.50864577293396,[-0.01482093]
707,0.23609054,1.4509735107421875,[-0.01482093]
708,0.23609054,1.4711017608642578,[-0.01482093]
709,0.23609054,1.5209245681762695,[-0.01482093]
710,0.23609054,1.4851455688476562,[-0.01482093]
711,0.23609054,1.4665355682373047,[-0.01482093]
712,0.23609054,1.4700305461883545,[-0.01482093]
713,0.23609054,1.4521195888519287,[-0.01482093]
714,0.23609054,1.4802062511444092,[-0.01482093]
715,0.23609054,1.4512267112731934,[-0.01482093]
716,0.23609054,4.316481113433838,[-0.01482093]
717,0.23609054,1.4421277046203613,[-0.01482093]
718,0.23609054,1.4427320957183838,[-0.01482093]
719,0.23609054,1.4461872577667236,[-0.01482093]
720,0.23609054,1.465817928314209,[-0.01482093]
721,0.23609054,1.4393835067749023,[-0.01482093]
722,0.23609054,1.418997049331665,[-0.01482093]
723,0.23609054,1.4452886581420898,[-0.01482093]
724,0.23609054,1.42832612991333,[-0.01482093]
725,0.23609054,1.4112930297851562,[-0.01482093]
726,0.23609054,1.4366176128387451,[-0.01482093]
727,0.23609054,1.4891669750213623,[-0.01482093]
728,0.23609054,1.4673762321472168,[-0.01482093]
729,0.23609054,1.4476728439331055,[-0.01482093]
730,0.23609054,1.4329495429992676,[-0.01482093]
731,0.23609054,1.463240385055542,[-0.01482093]
732,0.23609054,1.4364063739776611,[-0.01482093]
733,0.23609054,1.4005427360534668,[-0.01482093]
734,0.23609054,1.4194247722625732,[-0.01482093]
735,0.23609054,1.408647060394287,[-0.01482093]
736,0.23609054,1.4659180641174316,[-0.01482093]
737,0.23609054,1.4562044143676758,[-0.01482093]
738,0.23609054,1.455198049545288,[-0.01482093]
739,0.23609054,1.4405064582824707,[-0.01482093]
740,0.23609054,1.4753179550170898,[-0.01482093]
741,0.23609054,1.4914324283599854,[-0.01482093]
742,0.23609054,1.4827289581298828,[-0.01482093]
743,0.23609054,1.4613468647003174,[-0.01482093]
744,0.23609054,1.455498218536377,[-0.01482093]
745,0.23609054,1.4490606784820557,[-0.01482093]
746,0.23609054,1.4280052185058594,[-0.01482093]
747,0.23609054,1.3518612384796143,[-0.01482093]
748,0.23609054,1.3909738063812256,[-0.01482093]
749,0.23609054,1.449399471282959,[-0.01482093]
750,0.23609054,1.427354097366333,[-0.01482093]
751,0.23609054,1.4578981399536133,[-0.01482093]
752,0.23609054,1.4746510982513428,[-0.01482093]
753,0.23609054,1.4821059703826904,[-0.01482093]
754,0.23609054,1.445110559463501,[-0.01482093]
755,0.23609054,1.4680945873260498,[-0.01482093]
756,0.23609054,1.5146293640136719,[-0.01482093]
757,0.23609054,1.508251667022705,[-0.01482093]
758,0.23609054,1.4545528888702393,[-0.01482093]
759,0.23609054,1.4228715896606445,[-0.01482093]
760,0.23609054,1.5082287788391113,[-0.01482093]
761,0.23609054,1.428154706954956,[-0.01482093]
762,0.23609054,1.4522864818572998,[-0.01482093]
763,0.23609054,1.4484593868255615,[-0.01482093]
764,0.23609054,1.5267601013183594,[-0.01482093]
765,0.23609054,1.4842374324798584,[-0.01482093]
766,0.23609054,1.4471802711486816,[-0.01482093]
767,0.23609054,1.4119694232940674,[-0.01482093]
768,0.23609054,1.4381790161132812,[-0.01482093]
769,0.23609054,1.4546124935150146,[-0.01482093]
770,0.23609054,1.4556422233581543,[-0.01482093]
771,0.23609054,1.4373910427093506,[-0.01482093]
772,0.23609054,1.4938621520996094,[-0.01482093]
773,0.23609054,1.393784999847412,[-0.01482093]
774,0.23609054,1.4123578071594238,[-0.01482093]
775,0.23609054,1.4380207061767578,[-0.01482093]
776,0.23609054,1.4334840774536133,[-0.01482093]
777,0.23609054,1.4184997081756592,[-0.01482093]
778,0.23609054,1.4571096897125244,[-0.01482093]
779,0.23609054,1.475820541381836,[-0.01482093]
780,0.23609054,1.4310073852539062,[-0.01482093]
781,0.23609054,1.4522984027862549,[-0.01482093]
782,0.23609054,1.464216709136963,[-0.01482093]
783,0.23609054,1.4491469860076904,[-0.01482093]
784,0.23609054,1.4618220329284668,[-0.01482093]
785,0.23609054,1.4590845108032227,[-0.01482093]
786,0.23609054,1.4419240951538086,[-0.01482093]
787,0.23609054,1.4097158908843994,[-0.01482093]
788,0.23609054,1.3806250095367432,[-0.01482093]
789,0.23609054,1.4275133609771729,[-0.01482093]
790,0.23609054,1.4488718509674072,[-0.01482093]
791,0.23609054,1.4424738883972168,[-0.01482093]
792,0.23609054,1.4067981243133545,[-0.01482093]
793,0.23609054,1.4506020545959473,[-0.01482093]
794,0.23609054,1.4618251323699951,[-0.01482093]
795,0.23609054,1.4240944385528564,[-0.01482093]
796,0.23609054,1.3907454013824463,[-0.01482093]
797,0.23609054,1.429023027420044,[-0.01482093]
798,0.23609054,1.3741681575775146,[-0.01482093]
799,0.23609054,1.416524887084961,[-0.01482093]
800,0.23609054,1.396686315536499,[-0.01482093]
801,0.23609054,1.370427131652832,[-0.01482093]
802,0.23609054,1.41050386428833,[-0.01482093]
803,0.23609054,1.3844249248504639,[-0.01482093]
804,0.23609054,1.414344072341919,[-0.01482093]
805,0.23609054,1.4262709617614746,[-0.01482093]
806,0.23609054,1.399144172668457,[-0.01482093]
807,0.23609054,1.411708116531372,[-0.01482093]
808,0.23609054,4.326703786849976,[-0.01482093]
809,0.23609054,1.4125728607177734,[-0.01482093]
810,0.23609054,1.4151742458343506,[-0.01482093]
811,0.23609054,1.443509578704834,[-0.01482093]
812,0.23609054,1.4411687850952148,[-0.01482093]
813,0.23609054,1.4261806011199951,[-0.01482093]
814,0.23609054,1.3958969116210938,[-0.01482093]
815,0.23609054,1.3990533351898193,[-0.01482093]
816,0.23609054,1.393125057220459,[-0.01482093]
817,0.23609054,1.3881356716156006,[-0.01482093]
818,0.23609054,1.3551361560821533,[-0.01482093]
819,0.23609054,1.3512954711914062,[-0.01482093]
820,0.23609054,1.3777494430541992,[-0.01482093]
821,0.23609054,1.4015729427337646,[-0.01482093]
822,0.23609054,1.4410991668701172,[-0.01482093]
823,0.23609054,1.4391450881958008,[-0.01482093]
824,0.23609054,1.443563461303711,[-0.01482093]
825,0.23609054,1.4487428665161133,[-0.01482093]
826,0.23609054,1.4728899002075195,[-0.01482093]
827,0.23609054,1.4569804668426514,[-0.01482093]
828,0.23609054,1.4773292541503906,[-0.01482093]
829,0.23609054,1.4498043060302734,[-0.01482093]
830,0.23609054,1.4544172286987305,[-0.01482093]
831,0.23609054,1.4207658767700195,[-0.01482093]
832,0.23609054,1.4486651420593262,[-0.01482093]
833,0.23609054,1.4487931728363037,[-0.01482093]
834,0.23609054,1.4718551635742188,[-0.01482093]
835,0.23609054,1.4411430358886719,[-0.01482093]
836,0.23609054,1.4462125301361084,[-0.01482093]
837,0.23609054,1.4762065410614014,[-0.01482093]
838,0.23609054,1.4264185428619385,[-0.01482093]
839,0.23609054,1.4214355945587158,[-0.01482093]
840,0.23609054,1.3278965950012207,[-0.01482093]
841,0.23609054,1.4293227195739746,[-0.01482093]
842,0.23609054,1.4636156558990479,[-0.01482093]
843,0.23609054,1.464937686920166,[-0.01482093]
844,0.23609054,1.479156732559204,[-0.01482093]
845,0.23609054,1.4375393390655518,[-0.01482093]
846,0.23609054,1.4523046016693115,[-0.01482093]
847,0.23609054,1.4087772369384766,[-0.01482093]
848,0.23609054,1.5040249824523926,[-0.01482093]
849,0.23609054,1.462876796722412,[-0.01482093]
850,0.23609054,1.4549286365509033,[-0.01482093]
851,0.23609054,1.4535129070281982,[-0.01482093]
852,0.23609054,1.4595167636871338,[-0.01482093]
853,0.23609054,1.4351768493652344,[-0.01482093]
854,0.23609054,1.4696719646453857,[-0.01482093]
855,0.23609054,1.4479501247406006,[-0.01482093]
856,0.23609054,1.5016703605651855,[-0.01482093]
857,0.23609054,1.5123414993286133,[-0.01482093]
858,0.23609054,1.4272840023040771,[-0.01482093]
859,0.23609054,1.454698085784912,[-0.01482093]
860,0.23609054,1.475250482559204,[-0.01482093]
861,0.23609054,1.4551682472229004,[-0.01482093]
862,0.23609054,1.4359688758850098,[-0.01482093]
863,0.23609054,1.448211669921875,[-0.01482093]
864,0.23609054,1.4710407257080078,[-0.01482093]
865,0.23609054,1.4202079772949219,[-0.01482093]
866,0.23609054,1.3686928749084473,[-0.01482093]
867,0.23609054,1.432767391204834,[-0.01482093]
868,0.23609054,1.4721126556396484,[-0.01482093]
869,0.23609054,1.4470088481903076,[-0.01482093]
870,0.23609054,1.4930403232574463,[-0.01482093]
871,0.23609054,1.435835838317871,[-0.01482093]
872,0.23609054,1.437911033630371,[-0.01482093]
873,0.23609054,1.440885066986084,[-0.01482093]
874,0.23609054,1.43973708152771,[-0.01482093]
875,0.23609054,1.4421918392181396,[-0.01482093]
876,0.23609054,1.439995288848877,[-0.01482093]
877,0.23609054,1.4600918292999268,[-0.01482093]
878,0.23609054,1.4468357563018799,[-0.01482093]
879,0.23609054,1.4473209381103516,[-0.01482093]
880,0.23609054,1.462763786315918,[-0.01482093]
881,0.23609054,1.435420036315918,[-0.01482093]
882,0.23609054,1.4044172763824463,[-0.01482093]
883,0.23609054,1.4218730926513672,[-0.01482093]
884,0.23609054,1.4446122646331787,[-0.01482093]
885,0.23609054,1.4748790264129639,[-0.01482093]
886,0.23609054,1.4420528411865234,[-0.01482093]
887,0.23609054,1.4440703392028809,[-0.01482093]
888,0.23609054,1.4519641399383545,[-0.01482093]
889,0.23609054,1.4303643703460693,[-0.01482093]
890,0.23609054,1.4776597023010254,[-0.01482093]
891,0.23609054,1.4415521621704102,[-0.01482093]
892,0.23609054,1.4676079750061035,[-0.01482093]
893,0.23609054,1.4768931865692139,[-0.01482093]
894,0.23609054,1.4439640045166016,[-0.01482093]
895,0.23609054,1.4559319019317627,[-0.01482093]
896,0.23609054,1.4114861488342285,[-0.01482093]
897,0.23609054,1.4687533378601074,[-0.01482093]
898,0.23609054,1.4612338542938232,[-0.01482093]
899,0.23609054,1.456000804901123,[-0.01482093]
900,0.23609054,4.298519611358643,[-0.01482093]
901,0.23609054,1.4418411254882812,[-0.01482093]
902,0.23609054,1.4406602382659912,[-0.01482093]
903,0.23609054,1.4306166172027588,[-0.01482093]
904,0.23609054,1.4314336776733398,[-0.01482093]
905,0.23609054,1.424180507659912,[-0.01482093]
906,0.23609054,1.4428281784057617,[-0.01482093]
907,0.23609054,1.4120724201202393,[-0.01482093]
908,0.23609054,1.4517779350280762,[-0.01482093]
909,0.23609054,1.4149940013885498,[-0.01482093]
910,0.23609054,1.3705904483795166,[-0.01482093]
911,0.23609054,1.359377145767212,[-0.01482093]
912,0.23609054,1.3620877265930176,[-0.01482093]
913,0.23609054,1.3626654148101807,[-0.01482093]
914,0.23609054,1.377213478088379,[-0.01482093]
915,0.23609054,1.4111850261688232,[-0.01482093]
916,0.23609054,1.4524877071380615,[-0.01482093]
917,0.23609054,1.4535143375396729,[-0.01482093]
918,0.23609054,1.417919635772705,[-0.01482093]
919,0.23609054,1.4466679096221924,[-0.01482093]
920,0.23609054,1.4270844459533691,[-0.01482093]
921,0.23609054,1.4760093688964844,[-0.01482093]
922,0.23609054,1.4677979946136475,[-0.01482093]
923,0.23609054,1.441533088684082,[-0.01482093]
924,0.23609054,1.4813735485076904,[-0.01482093]
925,0.23609054,1.4591350555419922,[-0.01482093]
926,0.23609054,1.4462862014770508,[-0.01482093]
927,0.23609054,1.4706709384918213,[-0.01482093]
928,0.23609054,1.4582138061523438,[-0.01482093]
929,0.23609054,1.4613735675811768,[-0.01482093]
930,0.23609054,1.4135241508483887,[-0.01482093]
931,0.23609054,1.4157090187072754,[-0.01482093]
932,0.23609054,1.3863322734832764,[-0.01482093]
933,0.23609054,1.3648946285247803,[-0.01482093]
934,0.23609054,1.4096546173095703,[-0.01482093]
935,0.23609054,1.442931890487671,[-0.01482093]
936,0.23609054,1.5190186500549316,[-0.01482093]
937,0.23609054,1.4421470165252686,[-0.01482093]
938,0.23609054,1.4343805313110352,[-0.01482093]
939,0.23609054,1.4471776485443115,[-0.01482093]
940,0.23609054,1.4534802436828613,[-0.01482093]
941,0.23609054,1.4328014850616455,[-0.01482093]
942,0.23609054,1.4350030422210693,[-0.01482093]
943,0.23609054,1.4486792087554932,[-0.01482093]
944,0.23609054,1.4216759204864502,[-0.01482093]
945,0.23609054,1.429600715637207,[-0.01482093]
946,0.23609054,1.449892282485962,[-0.01482093]
947,0.23609054,1.4494636058807373,[-0.01482093]
948,0.23609054,1.4122519493103027,[-0.01482093]
949,0.23609054,1.4305331707000732,[-0.01482093]
950,0.23609054,1.4098718166351318,[-0.01482093]
951,0.23609054,1.3713328838348389,[-0.01482093]
952,0.23609054,1.3500680923461914,[-0.01482093]
953,0.23609054,1.3573565483093262,[-0.01482093]
954,0.23609054,1.4006259441375732,[-0.01482093]
955,0.23609054,1.4258642196655273,[-0.01482093]
956,0.23609054,1.425966501235962,[-0.01482093]
957,0.23609054,1.4309473037719727,[-0.01482093]
958,0.23609054,1.3992879390716553,[-0.01482093]
959,0.23609054,1.3879246711730957,[-0.01482093]
960,0.23609054,1.4551410675048828,[-0.01482093]
961,0.23609054,1.4764783382415771,[-0.01482093]
962,0.23609054,1.4520459175109863,[-0.01482093]
963,0.23609054,1.4388535022735596,[-0.01482093]
964,0.23609054,1.481175184249878,[-0.01482093]
965,0.23609054,1.4304730892181396,[-0.01482093]
966,0.23609054,1.5092687606811523,[-0.01482093]
967,0.23609054,1.465806245803833,[-0.01482093]
968,0.23609054,1.456754207611084,[-0.01482093]
969,0.23609054,1.487741231918335,[-0.01482093]
970,0.23609054,1.4414629936218262,[-0.01482093]
971,0.23609054,1.4447665214538574,[-0.01482093]
972,0.23609054,1.4603161811828613,[-0.01482093]
973,0.23609054,1.4530589580535889,[-0.01482093]
974,0.23609054,1.4171943664550781,[-0.01482093]
975,0.23609054,1.417811632156372,[-0.01482093]
976,0.23609054,1.4667246341705322,[-0.01482093]
977,0.23609054,1.4810857772827148,[-0.01482093]
978,0.23609054,1.4442834854125977,[-0.01482093]
979,0.23609054,1.4448788166046143,[-0.01482093]
980,0.23609054,1.4788458347320557,[-0.01482093]
981,0.23609054,1.4382719993591309,[-0.01482093]
982,0.23609054,1.4682295322418213,[-0.01482093]
983,0.23609054,1.4678828716278076,[-0.01482093]
984,0.23609054,1.4460949897766113,[-0.01482093]
985,0.23609054,1.466252326965332,[-0.01482093]
986,0.23609054,1.4754424095153809,[-0.01482093]
987,0.23609054,1.473644495010376,[-0.01482093]
988,0.23609054,1.4302878379821777,[-0.01482093]
989,0.23609054,1.4659976959228516,[-0.01482093]
990,0.23609054,1.4467875957489014,[-0.01482093]
991,0.23609054,1.4978325366973877,[-0.01482093]
992,0.23609054,4.30377984046936,[-0.01482093]
993,0.23609054,1.4335203170776367,[-0.01482093]
994,0.23609054,1.4327516555786133,[-0.01482093]
995,0.23609054,1.4322786331176758,[-0.01482093]
996,0.23609054,1.4812588691711426,[-0.01482093]
997,0.23609054,1.4615755081176758,[-0.01482093]
998,0.23609054,1.4737834930419922,[-0.01482093]
999,0.23609054,1.4516804218292236,[-0.01482093]
1000,0.23609054,1.4815185070037842,[-0.01482093]
1001,0.23609054,1.4668071269989014,[-0.01482093]
1002,0.23609054,1.4464008808135986,[-0.01482093]
1003,0.23609054,1.4626293182373047,[-0.01482093]
1004,0.23609054,1.4677274227142334,[-0.01482093]
1005,0.23609054,1.4907379150390625,[-0.01482093]
1006,0.23609054,1.4405174255371094,[-0.01482093]
1007,0.23609054,1.4648220539093018,[-0.01482093]
1008,0.23609054,1.5056049823760986,[-0.01482093]
1009,0.23609054,1.4718892574310303,[-0.01482093]
1010,0.23609054,1.4259955883026123,[-0.01482093]
1011,0.23609054,1.4972360134124756,[-0.01482093]
1012,0.23609054,1.4423580169677734,[-0.01482093]
1013,0.23609054,1.4482979774475098,[-0.01482093]
1014,0.23609054,1.492316722869873,[-0.01482093]
1015,0.23609054,1.4480721950531006,[-0.01482093]
1016,0.23609054,1.4622936248779297,[-0.01482093]
1017,0.23609054,1.4508693218231201,[-0.01482093]
1018,0.23609054,1.4534077644348145,[-0.01482093]
1019,0.23609054,1.4588756561279297,[-0.01482093]
1020,0.23609054,1.444720983505249,[-0.01482093]
1021,0.23609054,1.4448363780975342,[-0.01482093]
1022,0.23609054,1.447749376296997,[-0.01482093]
1023,0.23609054,1.436631441116333,[-0.01482093]
1024,0.23609054,1.393812894821167,[-0.01482093]
1025,0.23609054,1.365715742111206,[-0.01482093]
1026,0.23609054,1.3946354389190674,[-0.01482093]
1027,0.23609054,1.4555871486663818,[-0.01482093]
1028,0.23609054,1.4205002784729004,[-0.01482093]
1029,0.23609054,1.4348838329315186,[-0.01482093]
1030,0.23609054,1.4279110431671143,[-0.01482093]
1031,0.23609054,1.4661798477172852,[-0.01482093]
1032,0.23609054,1.4206137657165527,[-0.01482093]
1033,0.23609054,1.439164161682129,[-0.01482093]
1034,0.23609054,1.418750524520874,[-0.01482093]
1035,0.23609054,1.4340989589691162,[-0.01482093]
1036,0.23609054,1.4611096382141113,[-0.01482093]
1037,0.23609054,1.402226209640503,[-0.01482093]
1038,0.23609054,1.471294641494751,[-0.01482093]
1039,0.23609054,1.417484998703003,[-0.01482093]
1040,0.23609054,1.4829978942871094,[-0.01482093]
1041,0.23609054,1.4700257778167725,[-0.01482093]
1042,0.23609054,1.4203460216522217,[-0.01482093]
1043,0.23609054,1.4381513595581055,[-0.01482093]
1044,0.23609054,1.4265692234039307,[-0.01482093]
1045,0.23609054,1.4391791820526123,[-0.01482093]
1046,0.23609054,1.4437644481658936,[-0.01482093]
1047,0.34738308,1.4401319026947021,[0.22563332]
1048,0.34738308,1.4068243503570557,[0.22563332]
1049,0.34738308,1.4112422466278076,[0.22563332]
1050,0.34738308,1.434912919998169,[0.22563332]
1051,0.34738308,1.4256207942962646,[0.22563332]
1052,0.34738308,1.4234490394592285,[0.22563332]
1053,0.34738308,1.4899859428405762,[0.22563332]
1054,0.34738308,1.3928964138031006,[0.22563332]
1055,0.34738308,1.398507833480835,[0.22563332]
1056,0.34738308,1.379509449005127,[0.22563332]
1057,0.34738308,1.3633990287780762,[0.22563332]
1058,0.34738308,1.382300853729248,[0.22563332]
1059,0.34738308,1.432093858718872,[0.22563332]
1060,0.34738308,1.4916589260101318,[0.22563332]
1061,0.34738308,1.4930663108825684,[0.22563332]
1062,0.34738308,1.534834861755371,[0.22563332]
1063,0.34738308,1.4623775482177734,[0.22563332]
1064,0.34738308,1.4129822254180908,[0.22563332]
1065,0.34738308,1.4498047828674316,[0.22563332]
1066,0.34738308,1.386949062347412,[0.22563332]
1067,0.34738308,1.3875412940979004,[0.22563332]
1068,0.34738308,1.5114634037017822,[0.22563332]
1069,0.34738308,1.4871554374694824,[0.22563332]
1070,0.34738308,1.430816650390625,[0.22563332]
1071,0.34738308,1.4910526275634766,[0.22563332]
1072,0.34738308,1.4374308586120605,[0.22563332]
1073,0.34738308,1.453019618988037,[0.22563332]
1074,0.34738308,1.4454739093780518,[0.22563332]
1075,0.34738308,1.455115556716919,[0.22563332]
1076,0.34738308,1.4359071254730225,[0.22563332]
1077,0.34738308,1.443251371383667,[0.22563332]
1078,0.34738308,1.4434001445770264,[0.22563332]
1079,0.34738308,1.4691312313079834,[0.22563332]
1080,0.34738308,1.4426069259643555,[0.22563332]
1081,0.34738308,1.446502685546875,[0.22563332]
1082,0.34738308,1.4490246772766113,[0.22563332]
1083,0.34738308,1.4347784519195557,[0.22563332]
1084,0.34738308,4.273976802825928,[0.22563332]
1085,0.34738308,1.4311046600341797,[0.22563332]
1086,0.34738308,1.4473979473114014,[0.22563332]
1087,0.34738308,1.433788537979126,[0.22563332]
1088,0.34738308,1.4451029300689697,[0.22563332]
1089,0.34738308,1.453564167022705,[0.22563332]
1090,0.34738308,1.46626877784729,[0.22563332]
1091,0.34738308,1.4758267402648926,[0.22563332]
1092,0.34738308,1.5083887577056885,[0.22563332]
1093,0.34738308,1.4847445487976074,[0.22563332]
1094,0.34738308,1.4443073272705078,[0.22563332]
1095,0.34738308,1.432093858718872,[0.22563332]
1096,0.34738308,1.471921682357788,[0.22563332]
1097,0.34738308,1.4039585590362549,[0.22563332]
1098,0.34738308,1.4093196392059326,[0.22563332]
1099,0.34738308,1.4686267375946045,[0.22563332]
1100,0.34738308,1.4554171562194824,[0.22563332]
1101,0.34738308,1.4525554180145264,[0.22563332]
1102,0.34738308,1.4356060028076172,[0.22563332]
1103,0.34738308,1.4639952182769775,[0.22563332]
1104,0.34738308,1.4412715435028076,[0.22563332]
1105,0.34738308,1.4552857875823975,[0.22563332]
1106,0.34738308,1.45072603225708,[0.22563332]
1107,0.34738308,1.4873361587524414,[0.22563332]
1108,0.34738308,1.4848814010620117,[0.22563332]
1109,0.34738308,1.4130041599273682,[0.22563332]
1110,0.34738308,1.4435794353485107,[0.22563332]
1111,0.34738308,1.4609956741333008,[0.22563332]
1112,0.37106574,1.5108082294464111,[0.23628604]
1113,0.37106574,1.4253714084625244,[0.23628604]
1114,0.37106574,1.4424488544464111,[0.23628604]
1115,0.37106574,1.4729106426239014,[0.23628604]
1116,0.37106574,1.3796718120574951,[0.23628604]
1117,0.37106574,1.3579537868499756,[0.23628604]
1118,0.37106574,1.393064022064209,[0.23628604]
1119,0.37106574,1.4466967582702637,[0.23628604]
1120,0.37106574,1.4325096607208252,[0.23628604]
1121,0.37106574,1.4512267112731934,[0.23628604]
1122,0.37106574,1.413825511932373,[0.23628604]
1123,0.38732308,1.4825711250305176,[0.2521971]
1124,0.38732308,1.5095627307891846,[0.2521971]
1125,0.38732308,1.4689390659332275,[0.2521971]
1126,0.38732308,1.4583265781402588,[0.2521971]
1127,0.38732308,1.4739978313446045,[0.2521971]
1128,0.38732308,1.4588017463684082,[0.2521971]
1129,0.38732308,1.499138355255127,[0.2521971]
1130,0.38732308,1.4818849563598633,[0.2521971]
1131,0.38732308,1.479501724243164,[0.2521971]
1132,0.39337367,1.4659225940704346,[0.23473227]
1133,0.39337367,1.4657745361328125,[0.23473227]
1134,0.4113623,1.424163818359375,[0.26081145]
1135,0.4113623,1.5008530616760254,[0.26081145]
1136,0.4113623,1.4706666469573975,[0.26081145]
1137,0.4113623,1.4514825344085693,[0.26081145]
1138,0.4167111,1.4454448223114014,[0.25413346]
1139,0.4167111,1.4220283031463623,[0.25413346]
1140,0.4167111,1.3912675380706787,[0.25413346]
1141,0.4167111,1.3991267681121826,[0.25413346]
1142,0.4167111,1.4758141040802002,[0.25413346]
1143,0.4167111,1.4711885452270508,[0.25413346]
1144,0.4167111,1.4512898921966553,[0.25413346]
1145,0.4168005,1.4418985843658447,[0.2530179]
1146,0.4168005,1.4757025241851807,[0.2530179]
1147,0.4168005,1.457343339920044,[0.2530179]
1148,0.4168005,1.4645419120788574,[0.2530179]
1149,0.4168005,1.483496904373169,[0.2530179]
1150,0.4168005,1.4314539432525635,[0.2530179]
1151,0.4168005,1.394056797027588,[0.2530179]
1152,0.4168005,1.4015512466430664,[0.2530179]
1153,0.4168005,1.4102888107299805,[0.2530179]
1154,0.4168005,1.4761936664581299,[0.2530179]
1155,0.4168005,1.3793487548828125,[0.2530179]
1156,0.4168005,1.3534464836120605,[0.2530179]
1157,0.4168005,1.3694400787353516,[0.2530179]
1158,0.4168005,1.3785181045532227,[0.2530179]
1159,0.4168005,1.4037420749664307,[0.2530179]
1160,0.4168005,1.418433666229248,[0.2530179]
1161,0.4168005,1.456526517868042,[0.2530179]
1162,0.4168005,1.4647235870361328,[0.2530179]
1163,0.4168005,1.4585049152374268,[0.2530179]
1164,0.4168005,1.4664316177368164,[0.2530179]
1165,0.4168005,1.4321038722991943,[0.2530179]
1166,0.4168005,1.4697473049163818,[0.2530179]
1167,0.4168005,1.4445059299468994,[0.2530179]
1168,0.4168005,1.454063892364502,[0.2530179]
1169,0.4168005,1.4505209922790527,[0.2530179]
1170,0.4168005,1.4598603248596191,[0.2530179]
1171,0.4168005,1.4542839527130127,[0.2530179]
1172,0.4168005,1.4818871021270752,[0.2530179]
1173,0.4168005,1.4635412693023682,[0.2530179]
1174,0.4168005,1.4661078453063965,[0.2530179]
1175,0.4168005,1.4744453430175781,[0.2530179]
1176,0.4168005,4.326092004776001,[0.2530179]
1177,0.4168005,1.4654314517974854,[0.2530179]
1178,0.4168005,1.4425671100616455,[0.2530179]
1179,0.4168005,1.4616098403930664,[0.2530179]
1180,0.4168005,1.440300464630127,[0.2530179]
1181,0.4168005,1.44923996925354,[0.2530179]
1182,0.4168005,1.4270551204681396,[0.2530179]
1183,0.4168005,1.4254422187805176,[0.2530179]
1184,0.4168005,1.464991569519043,[0.2530179]
1185,0.4168005,1.4575903415679932,[0.2530179]
1186,0.4168005,1.4548332691192627,[0.2530179]
1187,0.4168005,1.5089023113250732,[0.2530179]
1188,0.44211584,1.4404380321502686,[0.22368735]
1189,0.44211584,1.4319729804992676,[0.22368735]
1190,0.44705558,1.4394402503967285,[0.20509756]
1191,0.44705558,1.4754297733306885,[0.20509756]
1192,0.44705558,1.435347557067871,[0.20509756]
1193,0.44705558,1.4500138759613037,[0.20509756]
1194,0.44705558,1.4596502780914307,[0.20509756]
1195,0.44705558,1.4789037704467773,[0.20509756]
1196,0.44705558,1.46690034866333,[0.20509756]
1197,0.44705558,1.4702785015106201,[0.20509756]
1198,0.44705558,1.4552254676818848,[0.20509756]
1199,0.44705558,1.4487502574920654,[0.20509756]
1200,0.44705558,1.4255585670471191,[0.20509756]
1201,0.44705558,1.4453773498535156,[0.20509756]
1202,0.44705558,1.4570796489715576,[0.20509756]
1203,0.44705558,1.4485065937042236,[0.20509756]
1204,0.44705558,1.4627585411071777,[0.20509756]
1205,0.44705558,1.4792258739471436,[0.20509756]
1206,0.44705558,1.4507215023040771,[0.20509756]
1207,0.44705558,1.4723930358886719,[0.20509756]
1208,0.44705558,1.4187142848968506,[0.20509756]
1209,0.44705558,1.3641786575317383,[0.20509756]
1210,0.44705558,1.3885128498077393,[0.20509756]
1211,0.44705558,1.4443953037261963,[0.20509756]
1212,0.44705558,1.468458652496338,[0.20509756]
1213,0.44705558,1.4774181842803955,[0.20509756]
1214,0.44705558,1.4720923900604248,[0.20509756]
1215,0.44705558,1.4630126953125,[0.20509756]
1216,0.44705558,1.446948766708374,[0.20509756]
1217,0.44705558,1.4369900226593018,[0.20509756]
1218,0.44705558,1.4288523197174072,[0.20509756]
1219,0.44705558,1.4323301315307617,[0.20509756]
1220,0.44705558,1.4937925338745117,[0.20509756]
1221,0.44705558,1.4796159267425537,[0.20509756]
1222,0.44705558,1.4290599822998047,[0.20509756]
1223,0.44705558,1.4339029788970947,[0.20509756]
1224,0.44705558,1.4576501846313477,[0.20509756]
1225,0.44705558,1.4680726528167725,[0.20509756]
1226,0.44705558,1.4445607662200928,[0.20509756]
1227,0.44705558,1.4799036979675293,[0.20509756]
1228,0.44705558,1.4297008514404297,[0.20509756]
1229,0.44705558,1.407740831375122,[0.20509756]
1230,0.44705558,1.479135513305664,[0.20509756]
1231,0.44705558,1.4487090110778809,[0.20509756]
1232,0.44705558,1.4087820053100586,[0.20509756]
1233,0.44705558,1.3857266902923584,[0.20509756]
1234,0.44705558,1.4376296997070312,[0.20509756]
1235,0.44705558,1.472461462020874,[0.20509756]
1236,0.44705558,1.4643731117248535,[0.20509756]
1237,0.44705558,1.4445390701293945,[0.20509756]
1238,0.44705558,1.4718701839447021,[0.20509756]
1239,0.44705558,1.454395055770874,[0.20509756]
1240,0.44705558,1.4521279335021973,[0.20509756]
1241,0.44705558,1.4616987705230713,[0.20509756]
1242,0.44705558,1.4728491306304932,[0.20509756]
1243,0.44705558,1.4543092250823975,[0.20509756]
1244,0.44705558,1.4884059429168701,[0.20509756]
1245,0.44705558,1.4713044166564941,[0.20509756]
1246,0.44705558,1.4768638610839844,[0.20509756]
1247,0.44705558,1.394923210144043,[0.20509756]
1248,0.44705558,1.4049601554870605,[0.20509756]
1249,0.44705558,1.4398963451385498,[0.20509756]
1250,0.44705558,1.4568729400634766,[0.20509756]
1251,0.44705558,1.4666907787322998,[0.20509756]
1252,0.44705558,1.4451653957366943,[0.20509756]
1253,0.44705558,1.4530973434448242,[0.20509756]
1254,0.44705558,1.4357404708862305,[0.20509756]
1255,0.44705558,1.439284086227417,[0.20509756]
1256,0.44705558,1.491018295288086,[0.20509756]
1257,0.44705558,1.4671962261199951,[0.20509756]
1258,0.44705558,1.4623475074768066,[0.20509756]
1259,0.44705558,1.4687094688415527,[0.20509756]
1260,0.44705558,1.4474880695343018,[0.20509756]
1261,0.44705558,1.4550034999847412,[0.20509756]
1262,0.44705558,1.4579756259918213,[0.20509756]
1263,0.44705558,1.458160638809204,[0.20509756]
1264,0.44705558,1.486495018005371,[0.20509756]
1265,0.44705558,1.4575648307800293,[0.20509756]
1266,0.44705558,1.5036673545837402,[0.20509756]
1267,0.44705558,1.4904496669769287,[0.20509756]
1268,0.44705558,4.298005104064941,[0.20509756]
1269,0.4572963,1.4404380321502686,[0.1040082]
1270,0.4572963,1.4499437808990479,[0.1040082]
1271,0.4572963,1.4472718238830566,[0.1040082]
1272,0.4572963,1.4216768741607666,[0.1040082]
1273,0.4572963,1.4501063823699951,[0.1040082]
1274,0.4572963,1.4547085762023926,[0.1040082]
1275,0.4572963,1.4661915302276611,[0.1040082]
1276,0.4572963,1.4829645156860352,[0.1040082]
1277,0.4572963,1.4589366912841797,[0.1040082]
1278,0.4572963,1.4512414932250977,[0.1040082]
1279,0.4572963,1.4601871967315674,[0.1040082]
1280,0.4572963,1.479501485824585,[0.1040082]
1281,0.4572963,1.4755256175994873,[0.1040082]
1282,0.4572963,1.4322474002838135,[0.1040082]
1283,0.4572963,1.435575008392334,[0.1040082]
1284,0.4572963,1.415281057357788,[0.1040082]
1285,0.4572963,1.449376106262207,[0.1040082]
1286,0.4572963,1.4656736850738525,[0.1040082]
1287,0.4572963,1.4484260082244873,[0.1040082]
1288,0.4572963,1.4518094062805176,[0.1040082]
1289,0.4572963,1.4575955867767334,[0.1040082]
1290,0.4572963,1.4502177238464355,[0.1040082]
1291,0.4572963,1.4597837924957275,[0.1040082]
1292,0.4572963,1.5109846591949463,[0.1040082]
1293,0.4572963,1.454603910446167,[0.1040082]
1294,0.4572963,1.4415218830108643,[0.1040082]
1295,0.45738804,1.4590046405792236,[0.10313308]
1296,0.45738804,1.3956186771392822,[0.10313308]
1297,0.45738804,1.4053103923797607,[0.10313308]
1298,0.45738804,1.3782687187194824,[0.10313308]
1299,0.45738804,1.363917350769043,[0.10313308]
1300,0.45738804,1.4203393459320068,[0.10313308]
1301,0.45738804,1.332848310470581,[0.10313308]
1302,0.45738804,1.2897181510925293,[0.10313308]
1303,0.45738804,1.3953626155853271,[0.10313308]
1304,0.45738804,1.4096200466156006,[0.10313308]
1305,0.45738804,1.4184470176696777,[0.10313308]
1306,0.45738804,1.4463107585906982,[0.10313308]
1307,0.45738804,1.4092419147491455,[0.10313308]
1308,0.45738804,1.4322214126586914,[0.10313308]
1309,0.45738804,1.4147281646728516,[0.10313308]
1310,0.45738804,1.4300405979156494,[0.10313308]
1311,0.45738804,1.4365222454071045,[0.10313308]
1312,0.45738804,1.3943934440612793,[0.10313308]
1313,0.45738804,1.38104248046875,[0.10313308]
1314,0.45743883,1.386570930480957,[0.10331023]
1315,0.45743883,1.3914499282836914,[0.10331023]
1316,0.45743883,1.3881337642669678,[0.10331023]
1317,0.45743883,1.3930280208587646,[0.10331023]
1318,0.45743883,1.3888335227966309,[0.10331023]
1319,0.45743883,1.4259419441223145,[0.10331023]
1320,0.45743883,1.3635284900665283,[0.10331023]
1321,0.45743883,1.3911161422729492,[0.10331023]
1322,0.45743883,1.3787057399749756,[0.10331023]
1323,0.45743883,1.3763813972473145,[0.10331023]
1324,0.45743883,1.3807709217071533,[0.10331023]
1325,0.45743883,1.392864465713501,[0.10331023]
1326,0.45743883,1.4123797416687012,[0.10331023]
1327,0.45743883,1.4677634239196777,[0.10331023]
1328,0.45743883,1.4378185272216797,[0.10331023]
1329,0.45743883,1.4294991493225098,[0.10331023]
1330,0.45743883,1.424196720123291,[0.10331023]
1331,0.45743883,1.383758306503296,[0.10331023]
1332,0.45743883,1.3380835056304932,[0.10331023]
1333,0.45743883,1.3641302585601807,[0.10331023]
1334,0.45743883,1.4180974960327148,[0.10331023]
1335,0.45743883,1.3823826313018799,[0.10331023]
1336,0.45743883,1.4185450077056885,[0.10331023]
1337,0.45743883,1.417184591293335,[0.10331023]
1338,0.45743883,1.409090280532837,[0.10331023]
1339,0.45743883,1.414945125579834,[0.10331023]
1340,0.45743883,1.4235076904296875,[0.10331023]
1341,0.45743883,1.4569878578186035,[0.10331023]
1342,0.45743883,1.4235849380493164,[0.10331023]
1343,0.4723174,1.408290147781372,[0.13810778]
1344,0.53815335,1.4537677764892578,[0.2119497]
1345,0.53815335,1.402158260345459,[0.2119497]
1346,0.53815335,1.4053852558135986,[0.2119497]
1347,0.53815335,1.4497990608215332,[0.2119497]
1348,0.53815335,1.4154531955718994,[0.2119497]
1349,0.53815335,1.4114062786102295,[0.2119497]
1350,0.53815335,1.4284756183624268,[0.2119497]
1351,0.53815335,1.429551601409912,[0.2119497]
1352,0.53815335,1.473484992980957,[0.2119497]
1353,0.53815335,1.437122106552124,[0.2119497]
1354,0.53815335,1.419759750366211,[0.2119497]
1355,0.53815335,1.47225022315979,[0.2119497]
1356,0.53815335,1.4154574871063232,[0.2119497]
1357,0.53815335,1.4116315841674805,[0.2119497]
1358,0.53815335,1.4376070499420166,[0.2119497]
1359,0.53815335,1.4229779243469238,[0.2119497]
1360,0.53815335,4.238837003707886,[0.2119497]
1361,0.53815335,1.4350934028625488,[0.2119497]
1362,0.53815335,1.4887702465057373,[0.2119497]
1363,0.53815335,1.4564340114593506,[0.2119497]
1364,0.53815335,1.4153521060943604,[0.2119497]
1365,0.53815335,1.4312617778778076,[0.2119497]
1366,0.53815335,1.412503957748413,[0.2119497]
1367,0.53815335,1.4458577632904053,[0.2119497]
1368,0.53815335,1.4329864978790283,[0.2119497]
1369,0.53815335,1.4238529205322266,[0.2119497]
1370,0.53815335,1.4231224060058594,[0.2119497]
1371,0.53815335,1.4051339626312256,[0.2119497]
1372,0.53815335,1.455498456954956,[0.2119497]
1373,0.53815335,1.40010404586792,[0.2119497]
1374,0.53815335,1.4241671562194824,[0.2119497]
1375,0.53815335,1.4468698501586914,[0.2119497]
1376,0.53815335,1.3724892139434814,[0.2119497]
1377,0.53815335,1.3930065631866455,[0.2119497]
1378,0.538198,1.3967678546905518,[0.21211725]
1379,0.538198,1.3735694885253906,[0.21211725]
1380,0.538198,1.4089882373809814,[0.21211725]
1381,0.538198,1.386936902999878,[0.21211725]
1382,0.538198,1.415534496307373,[0.21211725]
1383,0.538198,1.4059367179870605,[0.21211725]
1384,0.538198,1.4210715293884277,[0.21211725]
1385,0.538198,1.4237098693847656,[0.21211725]
1386,0.538198,1.4069690704345703,[0.21211725]
1387,0.538198,1.370068073272705,[0.21211725]
1388,0.538198,1.4122719764709473,[0.21211725]
1389,0.538198,1.4053871631622314,[0.21211725]
1390,0.538198,1.4145028591156006,[0.21211725]
1391,0.538198,1.4440267086029053,[0.21211725]
1392,0.538198,1.3913683891296387,[0.21211725]
1393,0.538198,1.3238730430603027,[0.21211725]
1394,0.538198,1.2878046035766602,[0.21211725]
1395,0.538198,1.3515737056732178,[0.21211725]
1396,0.538198,1.3886706829071045,[0.21211725]
1397,0.538198,1.345306396484375,[0.21211725]
1398,0.538198,1.375307321548462,[0.21211725]
1399,0.5531702,1.3586208820343018,[0.18266362]
1400,0.5531702,1.402294397354126,[0.18266362]
1401,0.5531702,1.395862340927124,[0.18266362]
1402,0.5531702,1.4208297729492188,[0.18266362]
1403,0.55317116,1.4214551448822021,[0.1825608]
1404,0.55317116,1.381941795349121,[0.1825608]
1405,0.5531717,1.3911654949188232,[0.18245757]
1406,0.5531717,1.3844521045684814,[0.18245757]
1407,0.5531717,1.4254074096679688,[0.18245757]
1408,0.5531717,1.38627290725708,[0.18245757]
1409,0.5531717,1.3809354305267334,[0.18245757]
1410,0.5531717,1.3859248161315918,[0.18245757]
1411,0.5531717,1.4369502067565918,[0.18245757]
1412,0.5531717,1.4443080425262451,[0.18245757]
1413,0.5531717,1.4205944538116455,[0.18245757]
1414,0.5531717,1.4190678596496582,[0.18245757]
1415,0.5531717,1.4346904754638672,[0.18245757]
1416,0.5531717,1.4396748542785645,[0.18245757]
1417,0.5531717,1.4165217876434326,[0.18245757]
1418,0.5531717,1.3994574546813965,[0.18245757]
1419,0.5531717,1.3748939037322998,[0.18245757]
1420,0.5531717,1.422372579574585,[0.18245757]
1421,0.5531717,1.4077463150024414,[0.18245757]
1422,0.5531717,1.4615042209625244,[0.18245757]
1423,0.5531717,1.4435276985168457,[0.18245757]
1424,0.5531717,1.3726391792297363,[0.18245757]
1425,0.5531717,1.404031753540039,[0.18245757]
1426,0.5531717,1.4007303714752197,[0.18245757]
1427,0.5531717,1.414797306060791,[0.18245757]
1428,0.5531717,1.4262454509735107,[0.18245757]
1429,0.5531717,1.358675241470337,[0.18245757]
1430,0.5531717,1.3720533847808838,[0.18245757]
1431,0.5531717,1.3732047080993652,[0.18245757]
1432,0.5531717,1.3949589729309082,[0.18245757]
1433,0.5531717,1.3689866065979004,[0.18245757]
1434,0.5531717,1.3496203422546387,[0.18245757]
1435,0.5531717,1.3883957862854004,[0.18245757]
1436,0.5531717,1.4042563438415527,[0.18245757]
1437,0.5531717,1.4360673427581787,[0.18245757]
1438,0.5531717,1.391817331314087,[0.18245757]
1439,0.5531717,1.3959004878997803,[0.18245757]
1440,0.5531717,1.362112283706665,[0.18245757]
1441,0.5531717,1.3675415515899658,[0.18245757]
1442,0.5531717,1.40733003616333,[0.18245757]
1443,0.5531717,1.4299907684326172,[0.18245757]
1444,0.5531717,1.4086363315582275,[0.18245757]
1445,0.5531717,1.417032241821289,[0.18245757]
1446,0.5531717,1.4110889434814453,[0.18245757]
1447,0.5531717,1.3780767917633057,[0.18245757]
1448,0.5531717,1.41585373878479,[0.18245757]
1449,0.5531717,1.4310588836669922,[0.18245757]
1450,0.5531717,1.3805501461029053,[0.18245757]
1451,0.5531717,1.4076528549194336,[0.18245757]
1452,0.5531717,4.1613569259643555,[0.18245757]
1453,0.5531717,1.4078667163848877,[0.18245757]
1454,0.5531717,1.421699047088623,[0.18245757]
1455,0.5531717,1.3914198875427246,[0.18245757]
1456,0.5531717,1.3501191139221191,[0.18245757]
1457,0.5531717,1.3970184326171875,[0.18245757]
1458,0.5531717,1.4308478832244873,[0.18245757]
1459,0.5531717,1.3732430934906006,[0.18245757]
1460,0.5531717,1.3695926666259766,[0.18245757]
1461,0.5531717,1.3612024784088135,[0.18245757]
1462,0.5531717,1.3712284564971924,[0.18245757]
1463,0.5531717,1.3809635639190674,[0.18245757]
1464,0.5531717,1.3941216468811035,[0.18245757]
1465,0.5531717,1.3780560493469238,[0.18245757]
1466,0.5531717,1.3650078773498535,[0.18245757]
1467,0.5531717,1.4124150276184082,[0.18245757]
1468,0.5531717,1.488377332687378,[0.18245757]
1469,0.5531717,1.4234306812286377,[0.18245757]
1470,0.5531717,1.479588508605957,[0.18245757]
1471,0.5531717,1.3931427001953125,[0.18245757]
1472,0.5531717,1.4614887237548828,[0.18245757]
1473,0.5531717,1.4199419021606445,[0.18245757]
1474,0.5531717,1.4386074542999268,[0.18245757]
1475,0.5531717,1.426750898361206,[0.18245757]
1476,0.5531717,1.4410200119018555,[0.18245757]
1477,0.5531717,1.3857166767120361,[0.18245757]
1478,0.5531717,1.4060895442962646,[0.18245757]
1479,0.5531717,1.3939971923828125,[0.18245757]
1480,0.5531717,1.4338297843933105,[0.18245757]
1481,0.5531717,1.4778878688812256,[0.18245757]
1482,0.5531717,1.4156441688537598,[0.18245757]
1483,0.5531717,1.4253056049346924,[0.18245757]
1484,0.5531717,1.385322093963623,[0.18245757]
1485,0.5531717,1.3720331192016602,[0.18245757]
1486,0.55570185,1.3189349174499512,[0.17090398]
1487,0.55570185,1.3451471328735352,[0.17090398]
1488,0.55570185,1.3538165092468262,[0.17090398]
1489,0.55570185,1.383970022201538,[0.17090398]
1490,0.55570185,1.3504581451416016,[0.17090398]
1491,0.55570185,1.3803720474243164,[0.17090398]
1492,0.55570185,1.4031009674072266,[0.17090398]
1493,0.55570185,1.3672864437103271,[0.17090398]
1494,0.55570185,1.4274401664733887,[0.17090398]
1495,0.55570185,1.3780579566955566,[0.17090398]
1496,0.55570185,1.4412970542907715,[0.17090398]
1497,0.55570185,1.365417242050171,[0.17090398]
1498,0.55570185,1.3607256412506104,[0.17090398]
1499,0.55570185,1.4163732528686523,[0.17090398]
