iteration,max_fitness,test_accuracy,time
0.0,-1.2479675,-1.3211544,0.0
1,-1.2445531,-1.3211544,1.767829418182373
2,-0.94118583,-1.2391381,1.9410159587860107
3,-0.95235217,-1.2325797,2.061691999435425
4,-0.8238642,-1.2391381,2.0206103324890137
5,-1.0089507,-1.2137766,1.9510538578033447
6,-0.89604354,-1.2137766,1.9219467639923096
7,-0.91714823,-1.2391381,1.8736276626586914
8,-0.8941618,-1.2391381,1.8255088329315186
9,-0.8808758,-1.2391381,1.719675064086914
10,-0.95862746,-1.2137766,1.9494967460632324
11,-0.8748559,-1.2391381,1.9284985065460205
12,-0.8584182,-1.2137766,2.0407092571258545
13,-0.8686466,-1.2137766,2.0426125526428223
14,-0.9358531,-1.2137766,2.1042966842651367
15,-0.8785769,-1.2391381,1.9997692108154297
16,-0.85896647,-1.2137766,1.8682680130004883
17,-0.90728486,-1.2137766,2.023296594619751
18,-0.89645505,-1.2391381,1.7567815780639648
19,-0.81767356,-1.2391381,1.8979847431182861
20,-0.8289987,-1.2137766,2.0209856033325195
21,-0.9394474,-1.2137766,1.9181456565856934
22,-0.8941258,-1.2137766,5.028968095779419
23,-0.88625765,-1.2137766,2.1248714923858643
24,-0.8876358,-1.2137766,1.9206068515777588
25,-0.9282584,-1.2137766,2.2012979984283447
26,-0.96408725,-1.2137766,2.005678653717041
27,-0.9642235,-1.2391381,2.1672730445861816
28,-0.860533,-1.2137766,1.9944970607757568
29,-0.990868,-1.2137766,1.9825608730316162
30,-0.90204537,-1.2137766,2.165919303894043
31,-0.8875408,-1.2137766,2.3168914318084717
32,-0.87774825,-1.2137766,1.8909249305725098
33,-0.95500886,-1.2137766,1.9057087898254395
34,-0.925331,-1.2137766,1.7702362537384033
35,-0.8709196,-1.2391381,2.1313109397888184
36,-0.90460885,-1.2137766,1.8793647289276123
37,-1.0204401,-1.2137766,1.9640841484069824
38,-0.92327845,-1.2363608,2.09879732131958
39,-0.8835679,-1.2137766,2.009660005569458
40,-0.92204034,-1.2363608,1.924053430557251
41,-0.9049531,-1.2363608,1.967499017715454
42,-0.80555093,-1.2175939,2.059438467025757
43,-0.9015372,-1.2175939,2.1249842643737793
44,-0.9390837,-1.2175939,2.226663112640381
45,-0.86047447,-1.2175939,1.8353221416473389
46,-0.863953,-1.2175939,1.9781088829040527
47,-0.85556686,-1.2137766,1.9130401611328125
48,-0.8228079,-1.2137766,2.1195082664489746
49,-0.8609078,-1.2175939,1.8233020305633545
50,-0.84086955,-1.2175939,2.0392279624938965
51,-0.8233259,-1.2175939,2.1584322452545166
52,-0.8366451,-1.2175939,2.117629051208496
53,-0.8799536,-1.2175939,1.9281935691833496
54,-0.88848674,-1.2175939,2.1227056980133057
55,-0.8978809,-1.2175939,1.9861361980438232
56,-0.8607023,-1.2137766,2.2196907997131348
57,-0.9413793,-1.2137766,1.979494333267212
58,-1.0144849,-1.2137766,1.711146354675293
59,-1.0499692,-1.2137766,1.80598783493042
60,-0.9360397,-1.2175939,1.9910542964935303
61,-0.7315227,-1.2175939,2.0859994888305664
62,-0.87061787,-1.2137766,1.9269943237304688
63,-0.8258419,-1.2493403,2.1980631351470947
64,-0.8871715,-1.2175939,2.0993757247924805
65,-0.93652546,-1.2175939,2.144599676132202
66,-0.92191947,-1.2137766,1.8999691009521484
67,-0.88422275,-1.2175939,2.2192330360412598
68,-0.8826041,-1.2175939,2.07041597366333
69,-0.8099768,-1.2175939,2.063724994659424
70,-0.90298724,-1.2175939,2.0915403366088867
71,-0.82799995,-1.2175939,2.173884630203247
72,-0.8319644,-1.2175939,2.1799981594085693
73,-0.87962365,-1.2175939,2.3142473697662354
74,-0.8444363,-1.2175939,1.8935556411743164
75,-0.8853862,-1.2175939,2.1536102294921875
76,-0.90362406,-1.2137766,2.126223564147949
77,-0.8726598,-1.2300832,2.1448583602905273
78,-0.86426044,-1.2300832,2.0225908756256104
79,-0.83000124,-1.2175939,2.076085329055786
80,-0.8684646,-1.2175939,2.213467836380005
81,-0.9183836,-1.2175939,2.1448991298675537
82,-0.9354718,-1.2137766,1.9693634510040283
83,-0.8023937,-1.2175939,2.137605905532837
84,-0.81620526,-1.2175939,2.233844518661499
85,-0.9218663,-1.2175939,2.1551566123962402
86,-0.90091145,-1.2137766,2.004298448562622
87,-0.82971716,-1.2175939,2.016207695007324
88,-1.0245917,-1.2137766,2.022923707962036
89,-0.8880769,-1.2300832,1.9981422424316406
90,-0.9577799,-1.2175939,2.05025577545166
91,-0.81281984,-1.2197123,1.9616355895996094
92,-0.8719325,-1.2197123,5.442633390426636
93,-0.84433615,-1.2300832,1.9693169593811035
94,-0.879874,-1.2175939,2.0917346477508545
95,-0.8728496,-1.2175939,1.979050874710083
96,-0.8859261,-1.2175939,2.0152716636657715
97,-0.8325367,-1.2300832,1.9517033100128174
98,-0.8350134,-1.2300832,1.8121471405029297
99,-0.92200255,-1.2175939,1.9820756912231445
100,-0.9072224,-1.2175939,2.0846686363220215
101,-0.911801,-1.2197123,1.9400420188903809
102,-1.0221844,-1.2197123,1.9329113960266113
103,-0.71366096,-1.2300832,1.8151745796203613
104,-0.87537825,-1.2175939,2.0340964794158936
105,-0.76415884,-1.2300832,2.0699007511138916
106,-0.9168463,-1.2300832,1.839383602142334
107,-0.8429426,-1.2175939,1.8784677982330322
108,-0.85176075,-1.2197123,1.9140961170196533
109,-0.858912,-1.2197123,2.240786552429199
110,-0.86438775,-1.2175939,1.9280951023101807
111,-0.86817706,-1.2300832,1.7876992225646973
112,-0.8482138,-1.2300832,1.919774055480957
113,-0.85770214,-1.2197123,1.8869969844818115
114,-0.86309505,-1.2175939,1.9530720710754395
115,-0.890195,-1.2300832,1.8113279342651367
116,-0.97183645,-1.2175939,1.934760332107544
117,-0.8179152,-1.229471,1.978175401687622
118,-0.80793405,-1.229471,2.0484344959259033
119,-0.9138607,-1.2197123,1.8279519081115723
120,-0.7933943,-1.2197123,1.9884874820709229
121,-0.91701996,-1.153487,1.9983830451965332
122,-0.75253725,-1.0870881,2.114943265914917
123,-0.7896154,-1.0870881,1.9000308513641357
124,-0.7730553,-1.0870867,1.9533624649047852
125,-0.89464843,-1.0870867,2.0942256450653076
126,-0.7482406,-1.1078436,2.018270254135132
127,-0.9042014,-1.1078436,2.079906940460205
128,-0.94066906,-1.0870867,1.699324369430542
129,-0.79141843,-1.0870867,2.1067986488342285
130,-0.8359989,-1.0870867,2.005769968032837
131,-0.8808751,-1.1078436,2.041105031967163
132,-0.88500464,-1.1078436,1.8825829029083252
133,-0.8326452,-0.9074894,1.978440284729004
134,-0.81581616,-1.0870867,1.9854497909545898
135,-0.8729465,-0.9074894,2.076902389526367
136,-0.7174705,-1.042665,1.8725945949554443
137,-0.83644366,-1.042665,2.1599643230438232
138,-0.83717036,-0.9074894,2.0736892223358154
139,-0.7662808,-1.042665,2.269960403442383
140,-0.86079156,-0.9074894,1.979834794998169
141,-0.7847755,-0.89337265,2.1055450439453125
142,-0.756883,-0.89337265,2.130150318145752
143,-0.81171703,-0.89337265,2.248957633972168
144,-0.8182155,-0.89337265,2.096886396408081
145,-0.7831956,-0.89337265,2.223404884338379
146,-0.84615886,-0.89337265,2.0180583000183105
147,-0.7991773,-0.89337265,2.153360366821289
148,-0.714332,-1.0071571,1.9716861248016357
149,-0.78014505,-1.0071571,2.0317211151123047
150,-0.80722165,-0.89337265,2.160750389099121
151,-0.78206563,-1.0071571,2.3539586067199707
152,-0.7427454,-0.89337265,1.9844963550567627
153,-0.8295417,-1.0071571,2.209397315979004
154,-0.7713274,-0.89337265,2.182455539703369
155,-0.6411252,-1.0071571,2.1163601875305176
156,-0.76330435,-1.0071571,2.0371460914611816
157,-0.7098819,-1.0071571,2.1062171459198
158,-0.75980973,-0.89337265,2.1097922325134277
159,-0.7840973,-1.0071571,2.1227707862854004
160,-0.79070914,-0.89337265,1.9668757915496826
161,-0.82223964,-0.89337265,4.949915170669556
162,-0.77768683,-0.89337265,1.951779842376709
163,-0.8111408,-0.89337265,1.8118674755096436
164,-0.76144516,-0.89337265,2.0859060287475586
165,-0.7265762,-1.0071571,2.0781350135803223
166,-0.8032477,-0.89337265,2.1006126403808594
167,-0.7811326,-0.89337265,1.806974172592163
168,-0.8329437,-0.89337265,2.1155803203582764
169,-0.81062007,-0.89337265,1.8891313076019287
170,-0.8019664,-0.89337265,1.8493294715881348
171,-0.7446233,-1.0071571,1.5559310913085938
172,-0.75016403,-1.0071571,1.7000668048858643
173,-0.714857,-1.0071571,2.001008987426758
174,-0.7629373,-0.89337265,2.0252420902252197
175,-0.765589,-0.89337265,1.8806490898132324
176,-0.8466549,-0.89337265,1.9606249332427979
177,-0.77534807,-1.0071571,1.895096778869629
178,-0.72600174,-1.0071571,2.313725233078003
179,-0.84750307,-0.89337265,1.837035894393921
180,-0.8213415,-0.89337265,1.9257020950317383
181,-0.8221029,-0.89337265,2.024874210357666
182,-0.83205175,-0.89337265,1.925642728805542
183,-0.7534679,-0.89337265,2.035468339920044
184,-0.7263955,-1.0071571,1.851496696472168
185,-0.78442276,-1.0071571,2.149085760116577
186,-0.68720245,-1.0071571,1.9831466674804688
187,-0.82812834,-0.89337265,1.8906574249267578
188,-0.7555113,-0.89337265,1.9307160377502441
189,-0.7545024,-0.89337265,1.9791676998138428
190,-0.7513721,-0.89337265,1.9648776054382324
191,-0.8755648,-0.89337265,2.2762813568115234
192,-0.8311701,-0.89337265,1.9388189315795898
193,-0.865129,-0.89337265,2.101500988006592
194,-0.7596551,-0.89337265,2.0396647453308105
195,-0.7564728,-0.89337265,2.060511589050293
196,-0.78693867,-0.89337265,1.9643659591674805
197,-0.7868602,-0.89337265,2.074833393096924
198,-0.8423196,-0.89337265,2.1549971103668213
199,-0.778574,-0.89337265,2.210181474685669
200,-0.80620193,-0.89337265,2.0295989513397217
201,-0.8028712,-1.0071571,2.1708600521087646
202,-0.8241546,-1.0071571,2.096457004547119
203,-0.7308053,-1.0071571,2.1939303874969482
204,-0.7994633,-0.89337265,1.8519871234893799
205,-0.80224895,-0.89337265,2.0853865146636963
206,-0.7581434,-1.0071571,1.9393208026885986
207,-0.8029729,-0.89337265,2.152764320373535
208,-0.8089206,-1.0071571,1.918752908706665
209,-0.7955167,-0.89337265,1.9188895225524902
210,-0.76814115,-0.89337265,1.9807395935058594
211,-0.77354395,-0.89337265,2.105131149291992
212,-0.8231667,-1.0071571,1.8415443897247314
213,-0.7301314,-1.0071571,1.9193828105926514
214,-0.74500906,-1.0071571,2.0794339179992676
215,-0.8395349,-0.89101946,2.079568862915039
216,-0.80888784,-0.89101946,1.8750550746917725
217,-0.8277614,-0.89101946,2.0137250423431396
218,-0.7444513,-0.89337265,1.9843456745147705
219,-0.8099705,-0.89337265,1.9256901741027832
220,-0.7880436,-0.89337265,2.05584979057312
221,-0.7786633,-0.89337265,2.0600733757019043
222,-0.7719104,-0.89337265,2.031381130218506
223,-0.7625742,-1.0071571,2.1415553092956543
224,-0.77768517,-0.89337265,1.9990029335021973
225,-0.7562243,-0.89101946,1.905808448791504
226,-0.7903465,-1.0071571,1.9966404438018799
227,-0.72882116,-1.0071571,5.211754322052002
228,-0.7963506,-0.89101946,2.005340814590454
229,-0.80775523,-0.89337265,1.9995033740997314
230,-0.72172475,-0.89337265,1.9494695663452148
231,-0.7828591,-0.89101946,2.1830921173095703
232,-0.85629666,-0.89337265,2.0265021324157715
233,-0.76400054,-0.89337265,1.943821668624878
234,-0.750141,-0.89337265,1.9859342575073242
235,-0.7354859,-1.0071571,1.9362082481384277
236,-0.77937245,-0.89337265,1.8938393592834473
237,-0.7709528,-0.89337265,2.115044355392456
238,-0.7956475,-0.89337265,1.908043384552002
239,-0.76035833,-0.9209863,2.033904790878296
240,-0.75209415,-1.0071571,1.7561821937561035
241,-0.719157,-1.0071571,1.9920952320098877
242,-0.78853714,-0.9209863,2.171574115753174
243,-0.82624555,-0.9209863,2.043118476867676
244,-0.7531457,-1.0071571,1.8525419235229492
245,-0.72133887,-0.9517021,1.9310522079467773
246,-0.8005599,-0.89106405,1.9059064388275146
247,-0.78412676,-0.89106405,2.2111566066741943
248,-0.8121624,-0.89106405,1.9606759548187256
249,-0.75908613,-0.89106405,1.8546569347381592
250,-0.74306977,-0.9530871,2.0212643146514893
251,-0.79254496,-0.89106405,1.9969570636749268
252,-0.8470514,-0.89106405,2.0147602558135986
253,-0.81427,-0.89106405,1.756049633026123
254,-0.7953967,-0.89106405,2.137385606765747
255,-0.7694212,-0.89106405,2.0833425521850586
256,-0.83980143,-0.89106405,2.157621383666992
257,-0.7122847,-0.9530871,1.9437289237976074
258,-0.785869,-0.9530871,2.1502163410186768
259,-0.7988094,-0.9057996,2.1522061824798584
260,-0.7816534,-0.9057996,2.283155918121338
261,-0.79969394,-0.9057996,1.9666838645935059
262,-0.8147316,-0.89106405,1.99625825881958
263,-0.70898974,-0.9057996,1.837278127670288
264,-0.78244257,-0.9530871,1.8795900344848633
265,-0.772233,-0.9530871,1.9867377281188965
266,-0.7857772,-0.9530871,1.939143180847168
267,-0.80989134,-0.9057996,2.143010139465332
268,-0.7578018,-0.9530871,2.2477664947509766
269,-0.66960585,-0.9057996,1.9099302291870117
270,-0.80915916,-0.9057996,2.1327168941497803
271,-0.79767203,-0.9530871,2.172966241836548
272,-0.7563611,-0.9182365,2.181711196899414
273,-0.78036225,-0.9182365,1.9643449783325195
274,-0.7222804,-0.9182365,1.9581937789916992
275,-0.75914145,-0.9182365,1.9996018409729004
276,-0.68861043,-0.9182365,1.9585192203521729
277,-0.77937543,-0.9530871,1.919785976409912
278,-0.78431344,-0.9182365,1.9213156700134277
279,-0.8185115,-0.9182365,2.0285799503326416
280,-0.7508036,-0.9182365,2.008436441421509
281,-0.82917273,-0.9182365,2.2598037719726562
282,-0.7485565,-0.9182365,1.8871490955352783
283,-0.8141122,-0.9182365,2.104405641555786
284,-0.83683217,-0.9182365,2.0428831577301025
285,-0.7936425,-0.9182365,2.086533784866333
286,-0.84468293,-0.9182365,2.0285849571228027
287,-0.766412,-0.9182365,2.198143720626831
288,-0.7809323,-0.9182365,1.9961769580841064
289,-0.7770593,-0.9182365,2.3221235275268555
290,-0.71420586,-0.9182365,2.0012385845184326
291,-0.6919166,-0.9182365,2.0619964599609375
292,-0.7061025,-0.9182365,2.0064494609832764
293,-0.8049983,-0.9182365,2.146165132522583
294,-0.759827,-0.9182365,1.9517197608947754
295,-0.7344533,-0.9182365,2.036733865737915
296,-0.8351066,-0.9182365,2.157179355621338
297,-0.7685865,-0.9182365,4.997897386550903
298,-0.7273792,-0.95890224,2.086134195327759
299,-0.83779085,-0.9182365,1.9903123378753662
300,-0.7846167,-0.9182365,2.083813428878784
301,-0.80868614,-0.9182365,1.852935552597046
302,-0.7746769,-0.9182365,2.080693483352661
303,-0.68186903,-0.9182365,2.006570816040039
304,-0.759946,-0.9182365,2.084829092025757
305,-0.8376857,-0.9182365,1.8772523403167725
306,-0.684958,-0.9182365,1.956766128540039
307,-0.8133801,-0.9182365,2.025182008743286
308,-0.7922509,-0.9182365,2.1079459190368652
309,-0.75213623,-0.9182365,1.8175017833709717
310,-0.70256925,-0.9182365,1.927342414855957
311,-0.7947496,-0.9182365,2.0054261684417725
312,-0.7228347,-0.9182365,1.857363224029541
313,-0.671481,-0.9182365,2.0076873302459717
314,-0.7350824,-0.9182365,1.9165701866149902
315,-0.764259,-0.9182365,1.9291119575500488
316,-0.7610605,-0.9194702,1.9120309352874756
317,-0.704052,-0.9182365,2.0410101413726807
318,-0.76716363,-0.9182365,1.8431365489959717
319,-0.748513,-0.9182365,1.8976116180419922
320,-0.73296595,-0.9195745,2.0390021800994873
321,-0.74754906,-0.9195745,2.213102340698242
322,-0.8018657,-0.9194702,1.9160115718841553
323,-0.7425575,-0.9182365,2.231515645980835
324,-0.74252605,-0.9182365,1.9963955879211426
325,-0.75907576,-0.9182365,1.9608142375946045
326,-0.6936897,-0.9530871,1.928178310394287
327,-0.76917565,-0.9182365,1.8367650508880615
328,-0.7868794,-0.9194702,1.9705111980438232
329,-0.733894,-0.9182365,2.061915874481201
330,-0.72868824,-0.9182365,1.9678874015808105
331,-0.85566115,-0.93775356,1.9164559841156006
332,-0.789798,-0.9182365,1.6064233779907227
333,-0.70345306,-0.9182365,1.668550968170166
334,-0.74748003,-0.93775356,1.854844331741333
335,-0.74372375,-0.93775356,1.8763864040374756
336,-0.5791651,-0.6770165,1.9748201370239258
337,-0.49445558,-0.6119971,2.040705680847168
338,-0.38668215,-0.42553234,2.179499626159668
339,-0.36437356,-0.42553234,1.8495938777923584
340,-0.44366753,-0.42553234,2.0052695274353027
341,-0.41440225,-0.40497828,2.214721918106079
342,-0.36477065,-0.40497828,2.1023764610290527
343,-0.01700449,-0.008790612,1.9025063514709473
344,-0.007684231,-0.008790612,2.1398637294769287
345,-0.003862381,-0.016572595,2.054455280303955
346,-0.010468602,-0.016572595,2.2669458389282227
347,-0.021833777,-0.008790612,1.950415849685669
348,-0.022533894,-0.0069476366,1.976163387298584
349,-0.0028787851,-0.0069476366,2.114990711212158
350,-0.00010728836,-0.005903721,2.1107184886932373
351,-0.016538143,-0.00985384,1.8826453685760498
352,-0.013277411,-0.009627938,2.0568411350250244
353,-0.018283725,-0.009627938,2.0692498683929443
354,-0.0007663965,-0.009627938,2.142322540283203
355,0.00025743246,-0.009627938,1.961848497390747
356,0.0049819946,-0.009627938,2.1068015098571777
357,-0.0083066225,-0.009627938,2.1506898403167725
358,-0.0026011467,-0.009627938,2.1833465099334717
359,0.017927289,-0.009627938,1.9305663108825684
360,0.005253136,-0.009627938,2.0654561519622803
361,0.022018135,-0.00028908253,1.9974799156188965
362,-0.0049806833,-0.0018312931,2.2685582637786865
363,-0.0009957552,-0.0018312931,2.0516738891601562
364,0.0060282946,-0.0018312931,1.9448440074920654
365,-0.00010550022,-0.0018312931,2.18121600151062
366,0.0064603686,-0.010544896,4.846495151519775
367,-0.010165811,-0.010544896,2.032116174697876
368,0.00025123358,-0.01862657,2.0535428524017334
369,0.026034057,-0.010544896,1.975520372390747
370,0.023930311,-0.01862657,1.8787965774536133
371,0.0019430518,-0.0018312931,1.8966317176818848
372,-0.008469939,-0.0018312931,1.7481248378753662
373,-0.000795722,-0.01862657,1.7556264400482178
374,0.0058829784,-0.0018312931,1.6700708866119385
375,-0.0012249947,-0.010618091,1.8083796501159668
376,-0.03078413,-0.010618091,1.983804702758789
377,-0.0053679943,-0.010618091,1.7599093914031982
378,-0.0017280579,-0.010618091,1.8714492321014404
379,0.0033209324,-0.011398196,1.8068103790283203
380,0.018374324,-0.010618091,1.9045701026916504
381,0.00695318,-0.011398196,2.112243890762329
382,-4.851818e-05,-0.010618091,1.992380142211914
383,-0.003796935,-0.010618091,1.8531265258789062
384,-0.0037827492,0.0012437701,2.115935802459717
385,-0.00014722347,-0.005467057,2.110192060470581
386,-0.026349068,-0.005467057,2.3855721950531006
387,0.0061691403,-0.005467057,1.8859343528747559
388,0.0051516294,-0.011398196,2.1009275913238525
389,0.000348866,-0.011398196,2.127706289291382
390,-0.012195826,-0.010618091,2.132823944091797
391,-0.0032470226,0.0006836057,2.1712646484375
392,-0.015123725,-0.011398196,2.0807087421417236
393,0.0052294135,-0.011398196,1.9972209930419922
394,0.009449005,-0.035210133,2.1953768730163574
395,0.002337575,-0.006686449,1.9318139553070068
396,0.010536373,-0.011398196,1.9124085903167725
397,0.017599583,-0.006686449,1.9829509258270264
398,-0.0027673244,-0.011398196,1.997140884399414
399,0.0011701584,-0.0047916174,1.9603073596954346
400,-0.008132815,-0.0047916174,1.8957245349884033
401,-0.0046602488,-0.0047916174,2.0846474170684814
402,-0.006142497,-0.010618091,1.8659265041351318
403,-0.0051977634,-0.005586028,2.0903677940368652
404,-0.01322186,-0.005586028,1.8571670055389404
405,0.0025770068,-0.005586028,1.916487216949463
406,0.02394849,0.0023677945,1.79648756980896
407,0.027287722,-0.005586028,1.856414794921875
408,0.016356885,0.00057160854,1.8274378776550293
409,0.0068787336,-0.009886861,1.9151217937469482
410,-0.008381486,0.00057160854,2.0059902667999268
411,-0.0022685528,-0.009886861,2.0301473140716553
412,0.014964521,0.00057160854,1.915367841720581
413,0.012024939,0.00057160854,1.8628253936767578
414,-0.0053960085,-0.0073434114,2.0075721740722656
415,0.026408017,-0.0073434114,1.8662395477294922
416,-0.0043427944,-0.0073434114,2.0501503944396973
417,0.009270906,0.00057160854,1.84926176071167
418,0.010264754,-0.0073434114,1.9966964721679688
419,-0.0056370497,0.005533755,2.121629476547241
420,0.021906853,0.0028342605,2.13061261177063
421,0.018652856,0.0028339624,1.9040613174438477
422,0.00038850307,0.0028342605,2.016176223754883
423,0.008209527,-0.0063399076,2.0207221508026123
424,0.013448834,0.0028339624,2.2022557258605957
425,0.01283592,0.0028339624,2.0476276874542236
426,0.022235751,-0.006627679,1.811089277267456
427,0.0046333075,-0.0073434114,2.013036012649536
428,-0.0001950264,0.0028342605,2.0346760749816895
429,0.0118637085,-0.0073434114,1.9619064331054688
430,0.0052366257,-0.0073434114,1.941293478012085
431,0.00040447712,-0.0063393116,2.0572144985198975
432,0.0028348565,0.0032920837,1.9782021045684814
433,-0.0038852692,-0.0073434114,2.2723944187164307
434,-0.012476802,0.0028339624,2.0005578994750977
435,0.0026114583,-0.0049408674,2.0761380195617676
436,0.0016572475,0.0032918453,2.1193480491638184
437,0.0014416575,-0.0049408674,2.0766913890838623
438,0.009953022,0.0028339624,4.778325080871582
439,0.025795043,0.0059196353,1.8502769470214844
440,0.0029762387,0.0059196353,2.0448553562164307
441,0.0019137859,0.0059196353,1.8907525539398193
442,0.0062255263,-0.0049414635,2.079836845397949
443,0.0064614415,0.0018528104,1.9485390186309814
444,-0.0045856237,-0.010947704,1.981464147567749
445,-0.0001295805,0.0018528104,1.9956896305084229
446,-0.00089013577,0.0032952428,2.022059202194214
447,-0.012343407,0.0028342605,2.036973476409912
448,0.0022081733,0.0028342605,2.1855835914611816
449,-0.04110217,0.0018524528,1.929053783416748
450,0.030341268,-0.0040484667,1.8255488872528076
451,0.0013296604,0.0012927055,1.9092042446136475
452,-0.004720211,0.0032918453,1.7721402645111084
453,0.019478917,0.0018528104,2.1540603637695312
454,0.016968846,-0.0040484667,2.0025925636291504
455,0.01434505,0.0032952428,2.1160888671875
456,0.030861855,0.0018528104,2.050724744796753
457,0.007437527,-0.0040484667,2.142873764038086
458,-0.00094246864,0.005376756,2.050081968307495
459,-0.018039107,0.0012927055,2.1164968013763428
460,0.021698415,0.0018528104,2.059551954269409
461,0.013244927,-0.0040489435,2.166315793991089
462,0.015947163,-0.011438131,1.9615814685821533
463,0.00628829,0.0018528104,1.9996864795684814
464,0.014891803,-0.0018954277,1.9310061931610107
465,0.028566241,-0.0040484667,2.1920664310455322
466,-0.004491806,-0.009385228,1.9506044387817383
467,-0.006816745,0.0032952428,2.0800867080688477
468,-0.00169456,-0.00043785572,2.046640396118164
469,0.00084370375,-0.0040484667,2.12540340423584
470,0.017461121,0.0012927055,1.929194688796997
471,0.042289972,-0.00043785572,1.9623453617095947
472,0.026000142,0.0054064393,1.928990364074707
473,0.012934685,-0.00043785572,1.8397674560546875
474,0.022997797,-0.0040484667,1.8017942905426025
475,0.0027460456,-0.0040484667,1.9557693004608154
476,0.016349554,-0.00043785572,1.9536471366882324
477,-0.0007041693,-0.0040484667,1.9373438358306885
478,0.0016291738,-0.00043785572,2.153825044631958
479,0.01754272,0.0027734637,1.8024711608886719
480,-0.00716424,0.0054064393,2.06790828704834
481,0.021268904,0.0054064393,1.9789154529571533
482,0.01388675,0.0054064393,2.085798978805542
483,-0.010622263,0.0054064393,1.9699318408966064
484,0.013227522,-0.00043785572,1.9965462684631348
485,0.0083063245,0.0054064393,2.2101125717163086
486,0.025316536,0.0076802373,2.295335531234741
487,0.0044388175,0.00021970272,1.9497196674346924
488,0.024777293,0.0027733445,2.0876262187957764
489,0.005838692,0.00021970272,2.0861735343933105
490,0.006891191,0.00021970272,2.0293712615966797
491,0.039724708,-0.010651946,2.1843557357788086
492,0.006271839,0.0027733445,1.9369306564331055
493,0.0026013255,0.00021970272,2.021364688873291
494,0.015803933,0.00021970272,2.1187236309051514
495,0.010600328,0.010671794,2.0351829528808594
496,0.007147789,0.00021970272,1.9651601314544678
497,0.009293258,0.0027371645,2.124319553375244
498,0.0026952624,0.00021970272,2.0649659633636475
499,0.01072669,0.00021970272,2.1065268516540527
500,0.020065248,0.00021970272,1.8489515781402588
501,-0.0029551983,0.010143161,2.1119773387908936
502,0.014468372,0.0020217896,1.9159212112426758
503,0.002572775,0.0020217896,2.1292600631713867
504,0.00063610077,0.0020217896,1.8482303619384766
505,0.010323405,0.010143161,4.834682941436768
506,0.022582889,0.010368526,2.2673122882843018
507,0.0058401227,0.0020217896,1.9993667602539062
508,0.017015457,0.0020217896,2.000882863998413
509,0.0032595396,0.0020217896,2.1193788051605225
510,0.013193667,0.009385943,2.118159532546997
511,0.027657747,0.0020217896,2.0267465114593506
512,0.0074193478,-0.035602212,2.1298470497131348
513,-0.0024468899,-0.021394253,2.023050308227539
514,0.04212749,-0.03256452,2.214141845703125
515,0.031576335,-0.03256452,2.161029815673828
516,0.0049488544,-0.03256452,1.9988555908203125
517,0.035892546,-0.03256452,2.1393494606018066
518,0.019406557,-0.03256452,2.1444904804229736
519,0.04078245,-0.03256452,1.6510207653045654
520,0.033862233,-0.03256452,1.7907209396362305
521,0.01991254,-0.03256452,1.8635480403900146
522,0.04284537,0.016549408,1.9844677448272705
523,0.057940125,-0.03256452,2.05460262298584
524,0.032921493,0.016549408,1.8990139961242676
525,0.027906597,0.016549408,2.1480042934417725
526,0.041431725,0.016549408,2.108626365661621
527,0.03920275,-0.010275006,2.190924882888794
528,0.013432682,0.016549408,1.9036147594451904
529,0.02629584,0.016549408,1.944065809249878
530,0.043531895,-0.03256452,2.0976319313049316
531,0.020527303,0.016549408,2.179217576980591
532,0.034639776,0.016549408,1.831824779510498
533,0.052117288,-0.010275006,1.8755862712860107
534,0.0352512,0.016549408,2.016685724258423
535,0.04173833,-0.03256452,1.8496582508087158
536,0.033741415,0.016549408,2.095106601715088
537,0.03126061,-0.010275006,1.9521903991699219
538,0.029919446,-0.03256452,2.0781705379486084
539,0.014063954,0.016549408,2.1736674308776855
540,0.040332675,-0.03256452,2.10150408744812
541,0.033615172,-0.010275006,1.8697154521942139
542,0.031575084,0.016549408,1.9152753353118896
543,0.04092568,0.016549408,2.0690534114837646
544,0.03853619,-0.010275006,2.3115429878234863
545,0.038410008,-0.03256452,1.9031808376312256
546,0.023287356,0.016549408,2.0481488704681396
547,0.033785105,-0.010275006,2.2380268573760986
548,0.036829054,-0.03256452,2.1831161975860596
549,0.04272902,-0.010275006,1.9924156665802002
550,0.051068306,-0.010275006,2.2211060523986816
551,0.03933996,-0.010275006,2.1365675926208496
552,0.025039434,-0.03256452,2.259934425354004
553,0.029215097,-0.010275006,2.015692949295044
554,0.029547513,0.016549408,1.9791302680969238
555,0.037175357,-0.010275006,2.0727038383483887
556,0.048716486,-0.03256452,2.0414798259735107
557,0.029242337,-0.03256452,2.0174098014831543
558,0.026050925,-0.03256452,1.8805043697357178
559,0.026386619,-0.010275006,1.9797229766845703
560,0.030495107,0.0011703968,2.0892410278320312
561,0.052486002,0.0011703968,2.108015537261963
562,0.03740245,0.0011703968,1.8320262432098389
563,0.050849676,0.0011703968,2.114105224609375
564,0.03233993,0.0011703968,2.0232303142547607
565,0.030101359,0.0011703968,1.9427778720855713
566,0.030269265,0.0011703968,1.90252685546875
567,0.04739368,0.0011703968,1.8593883514404297
568,0.024768054,0.0011703968,2.00683856010437
569,0.06021154,0.0011703968,1.996349811553955
570,0.045924902,0.0011703968,2.0991694927215576
571,0.04565525,0.0011703968,1.934694766998291
572,0.047160864,0.0011703968,1.978041410446167
573,0.042007327,-0.011572361,2.0613770484924316
574,0.036561072,-0.011572361,5.065602540969849
575,0.048095703,-0.011572361,1.970867395401001
576,0.045274317,-0.011572361,2.1921675205230713
577,0.0475626,-0.011572361,2.1456844806671143
578,0.051977098,-0.011572361,1.7400474548339844
579,0.05929488,-0.011572361,1.9468274116516113
580,0.050228417,-0.011572361,1.875563621520996
581,0.061426103,-0.011572361,1.9514350891113281
582,0.03241676,-0.011572361,1.7649822235107422
583,0.061673224,-0.011572361,2.0739660263061523
584,0.047117174,-0.011572361,2.023967981338501
585,0.04025787,-0.011572361,2.1799867153167725
586,0.04564345,-0.011572361,1.9228224754333496
587,0.082898915,-0.011572361,2.1017262935638428
588,0.029024124,-0.011572361,1.9701519012451172
589,0.034525216,-0.011572361,2.017631769180298
590,0.045618594,-0.011572361,1.792299747467041
591,0.057874322,-0.011572361,1.9862797260284424
592,0.057620823,-0.011572361,1.88444185256958
593,0.06582612,-0.011572361,2.101990222930908
594,0.06448883,-0.011572361,2.0012567043304443
595,0.0682742,-0.011572361,1.9881811141967773
596,0.059702635,-0.011572361,2.130249500274658
597,0.04632896,-0.011572361,2.044252395629883
598,0.06598991,-0.011572361,2.017469644546509
599,0.049880326,-0.011572361,1.918851613998413
600,0.056445777,-0.011572361,2.0194168090820312
601,0.047994852,-0.011572361,1.9662060737609863
602,0.06178707,-0.011572361,2.1438305377960205
603,0.04324323,-0.011572361,1.980583667755127
604,0.036272407,-0.011572361,1.9751880168914795
605,0.07467872,-0.011572361,2.052121162414551
606,0.053142548,-0.011572361,2.2387611865997314
607,0.0664106,-0.011572361,1.9186112880706787
608,0.031217039,-0.011572361,1.8419952392578125
609,0.05523014,-0.011572361,1.8611032962799072
610,0.06037897,-0.011572361,1.9875483512878418
611,0.059714496,-0.011572361,1.750943899154663
612,0.039906442,-0.011572361,1.6878035068511963
613,0.057265103,0.0011703968,1.8602979183197021
614,0.035604894,-0.011572361,1.892698049545288
615,0.056884468,-0.011572361,1.9606831073760986
616,0.057954013,-0.011572361,1.9087064266204834
617,0.06537831,-0.011572361,1.9532275199890137
618,0.052444518,-0.011572361,2.117924451828003
619,0.048463643,-0.011572361,2.2776458263397217
620,0.057130456,-0.011572361,1.9162168502807617
621,0.048256934,-0.011572361,2.1685690879821777
622,0.049762547,-0.011572361,2.0239675045013428
623,0.053767502,-0.018193603,2.115006923675537
624,0.053880513,-0.018193603,2.1094515323638916
625,0.0311293,-0.011572361,1.9903771877288818
626,0.05527687,-0.011572361,2.137186288833618
627,0.06643522,-0.011572361,2.3153536319732666
628,0.046158075,-0.011572361,1.911437749862671
629,0.040537655,-0.011572361,1.9881672859191895
630,0.074204385,-0.011572361,2.1030542850494385
631,0.053162634,-0.011572361,2.0497772693634033
632,0.06553763,-0.011572361,2.1498897075653076
633,0.054074407,-0.011572361,1.9092447757720947
634,0.07124555,-0.018193603,2.066096067428589
635,0.054902434,-0.011572361,2.1353909969329834
636,0.04366517,-0.011572361,2.184905767440796
637,0.046420038,-0.011572361,2.0878689289093018
638,0.05506581,-0.011572361,2.1290483474731445
639,0.053934634,-0.011572361,2.1641833782196045
640,0.045075536,-0.011572361,2.478048324584961
641,0.053925693,-0.011572361,1.9593567848205566
642,0.066729665,-0.011572361,2.100893259048462
643,0.04459864,-0.018193603,5.238785266876221
644,0.027562499,-0.011572361,1.9217393398284912
645,0.036480546,-0.011572361,2.061382293701172
646,0.045404196,-0.011572361,2.0898513793945312
647,0.048641324,-0.018193603,1.9918780326843262
648,0.037916422,4.607439e-05,1.9421815872192383
649,0.04565078,4.607439e-05,1.9999213218688965
650,0.045684278,4.607439e-05,1.9704995155334473
651,0.056398034,4.607439e-05,2.2674806118011475
652,0.058146656,4.607439e-05,2.0229485034942627
653,0.05927229,4.607439e-05,1.9395864009857178
654,0.06697476,4.607439e-05,1.997831106185913
655,0.044271767,4.607439e-05,1.919036626815796
656,0.057316244,4.607439e-05,1.8581445217132568
657,0.056179106,-0.011572361,1.8419687747955322
658,0.04521805,-0.011572361,1.9021754264831543
659,0.051167965,4.607439e-05,2.0667829513549805
660,0.03410214,4.607439e-05,2.0892350673675537
661,0.06627715,4.607439e-05,2.033872127532959
662,0.06410712,4.607439e-05,2.0186753273010254
663,0.056856632,4.607439e-05,1.9523866176605225
664,0.06266594,4.607439e-05,2.134641170501709
665,0.05655718,4.607439e-05,2.108933925628662
666,0.07171887,-0.011572361,2.0893421173095703
667,0.045973063,4.607439e-05,2.0870535373687744
668,0.078077495,4.607439e-05,2.3303468227386475
669,0.049984694,4.607439e-05,1.926520586013794
670,0.05417365,4.607439e-05,2.128013849258423
671,0.046186626,4.607439e-05,2.177473783493042
672,0.04701698,4.607439e-05,2.158677101135254
673,0.056355536,4.607439e-05,1.9564599990844727
674,0.073340654,4.607439e-05,2.154540538787842
675,0.042179525,4.607439e-05,1.9086291790008545
676,0.027229965,4.607439e-05,2.07989239692688
677,0.06282067,4.607439e-05,2.043583393096924
678,0.045415163,4.607439e-05,2.092007637023926
679,0.054928303,4.607439e-05,2.130432605743408
680,0.048478723,4.607439e-05,2.3950343132019043
681,0.07022983,4.607439e-05,1.8200278282165527
682,0.06328285,4.607439e-05,1.9187676906585693
683,0.06553656,4.607439e-05,2.0766146183013916
684,0.04398471,4.607439e-05,2.2115607261657715
685,0.050660312,4.607439e-05,1.8869256973266602
686,0.041591346,4.607439e-05,2.035518169403076
687,0.050131083,4.607439e-05,2.26747465133667
688,0.05887729,4.607439e-05,2.177109479904175
689,0.04970509,4.607439e-05,2.0836453437805176
690,0.031197667,4.607439e-05,2.1858222484588623
691,0.05935043,4.607439e-05,2.00901198387146
692,0.057611525,4.607439e-05,2.149345874786377
693,0.06602448,4.607439e-05,2.0592575073242188
694,0.07205975,4.607439e-05,1.9067714214324951
695,0.040614784,4.607439e-05,2.0041537284851074
696,0.04238552,4.607439e-05,2.276557683944702
697,0.058983624,4.607439e-05,1.850492000579834
698,0.048274636,4.607439e-05,1.992109775543213
699,0.049381077,4.607439e-05,2.1007208824157715
700,0.05024177,4.607439e-05,2.188727378845215
701,0.061643124,4.607439e-05,1.9207522869110107
702,0.05005169,4.607439e-05,1.9376838207244873
703,0.044270694,4.607439e-05,2.160228729248047
704,0.06225741,4.607439e-05,2.1416306495666504
705,0.05322033,4.607439e-05,2.036673069000244
706,0.060279906,4.607439e-05,2.1707184314727783
707,0.0683077,4.607439e-05,2.0608444213867188
708,0.03789699,-0.011572361,2.218446969985962
709,0.04460323,4.607439e-05,2.086432933807373
710,0.04920286,-0.011572361,1.9751336574554443
711,0.035135567,-0.011572361,2.1124472618103027
712,0.050738156,4.607439e-05,2.396399736404419
713,0.038240135,4.607439e-05,1.8734469413757324
714,0.033943295,4.607439e-05,1.9926071166992188
715,0.05344361,4.607439e-05,2.169684886932373
716,0.053500712,4.607439e-05,4.988365411758423
717,0.059601367,4.607439e-05,2.227908134460449
718,0.051242232,4.607439e-05,2.0124714374542236
719,0.064168036,4.607439e-05,2.079379081726074
720,0.04702592,4.607439e-05,2.2866945266723633
721,0.03768021,-0.011572361,1.9520237445831299
722,0.047383368,-0.011572361,2.0608227252960205
723,0.059802473,4.607439e-05,2.040727138519287
724,0.055131912,4.607439e-05,1.941366195678711
725,0.052218318,4.607439e-05,2.0651044845581055
726,0.06101817,4.607439e-05,2.009629249572754
727,0.04215187,4.607439e-05,2.0450515747070312
728,0.058556974,4.607439e-05,1.9177806377410889
729,0.06798601,4.607439e-05,1.8601806163787842
730,0.03700906,4.607439e-05,1.896498203277588
731,0.06690109,4.607439e-05,1.9727380275726318
732,0.051257253,4.607439e-05,1.860356330871582
733,0.047697008,-0.011572361,2.1644179821014404
734,0.041920543,-0.011572361,1.9109385013580322
735,0.040709555,4.607439e-05,2.0873565673828125
736,0.050952315,4.607439e-05,1.9288771152496338
737,0.05760902,4.607439e-05,2.0181562900543213
738,0.074911416,4.607439e-05,2.252943515777588
739,0.04867351,4.607439e-05,2.2031290531158447
740,0.05483985,4.607439e-05,1.9311764240264893
741,0.048000634,4.607439e-05,2.0528950691223145
742,0.060955524,-0.018193603,2.0806009769439697
743,0.03407979,4.607439e-05,2.169285535812378
744,0.03986776,4.607439e-05,1.915412187576294
745,0.06399733,4.607439e-05,2.078913688659668
746,0.048105896,4.607439e-05,1.8015706539154053
747,0.0513919,4.607439e-05,1.851424217224121
748,0.04332584,4.607439e-05,1.7750957012176514
749,0.0585528,4.607439e-05,2.12617564201355
750,0.05109483,-0.011572361,1.9693236351013184
751,0.05497384,4.607439e-05,2.278484582901001
752,0.078234136,4.607439e-05,2.0367887020111084
753,0.051631987,4.607439e-05,1.9376678466796875
754,0.060825825,4.607439e-05,2.0960702896118164
755,0.056414485,4.607439e-05,2.2268550395965576
756,0.045427024,4.607439e-05,1.8312039375305176
757,0.04708582,4.607439e-05,2.044717788696289
758,0.06425089,4.607439e-05,2.182534694671631
759,0.05036372,4.607439e-05,2.108407735824585
760,0.06832689,4.607439e-05,1.8763504028320312
761,0.052598894,4.607439e-05,1.928664207458496
762,0.052599907,-0.011572361,2.06140398979187
763,0.07135445,4.607439e-05,1.9895310401916504
764,0.046294987,4.607439e-05,1.919668197631836
765,0.05196011,4.607439e-05,1.9508271217346191
766,0.06698549,4.607439e-05,1.9478249549865723
767,0.08283758,0.009623587,2.03251576423645
768,0.06904775,0.009623587,1.9886794090270996
769,0.059100866,0.009623587,1.9855732917785645
770,0.06216061,0.009623587,2.0467779636383057
771,0.051339805,0.009623587,2.113671064376831
772,0.062140763,0.009623587,2.0669431686401367
773,0.07963741,0.009623587,1.9007210731506348
774,0.064340115,0.009623587,2.0361411571502686
775,0.05585766,0.009623587,2.084500551223755
776,0.057763755,0.009623587,2.16335129737854
777,0.05560738,0.009623587,1.9105949401855469
778,0.06133139,0.009623587,2.203404188156128
779,0.05443269,0.009623587,2.1889913082122803
780,0.06987637,0.009623587,2.422100782394409
781,0.04197991,0.009623587,2.049764633178711
782,0.046522677,0.009623587,2.0887606143951416
783,0.05891347,0.009623587,5.166812896728516
784,0.05364293,0.009623587,1.8493461608886719
785,0.06730777,0.009623587,2.0187652111053467
786,0.055489957,0.009623587,2.0513646602630615
787,0.05983019,0.009623587,1.9741461277008057
788,0.067935884,0.009623587,2.006795883178711
789,0.060171366,0.009623587,2.0293381214141846
790,0.062361836,0.009623587,1.891951084136963
791,0.0711202,4.607439e-05,1.974698781967163
792,0.06357092,0.009623587,1.9690370559692383
793,0.059628904,0.009623587,2.315929651260376
794,0.05494541,0.009623587,1.9997632503509521
795,0.06570858,0.009623587,1.8928937911987305
796,0.07846129,0.009623587,1.6908376216888428
797,0.058600783,0.009623587,2.0928845405578613
798,0.058291733,0.009623587,1.9527192115783691
799,0.05406195,0.0822382,2.0535919666290283
800,0.04043013,0.009623587,1.957521677017212
801,0.046880364,4.607439e-05,2.0658698081970215
802,0.04651183,0.0822382,1.8857502937316895
803,0.0587402,0.009623587,2.086880922317505
804,0.0413388,0.009623587,1.8872041702270508
805,0.067356944,0.0822382,2.053114175796509
806,0.0568102,0.009623587,2.138367176055908
807,0.045133352,0.009623587,2.1243298053741455
808,0.06237054,0.08194327,1.9854483604431152
809,0.043542564,0.009623587,2.1377599239349365
810,0.05528623,0.08194327,2.027146100997925
811,0.0754773,0.009623587,2.0774755477905273
812,0.063124895,0.009623587,1.9129014015197754
813,0.06084019,0.08194327,2.180870771408081
814,0.08441031,0.009623587,1.8283164501190186
815,0.057699382,0.009623587,1.987731695175171
816,0.07044637,0.009623587,2.0563230514526367
817,0.059431374,0.009623587,2.049358606338501
818,0.044286966,0.009623587,1.97869873046875
819,0.07279557,0.009623587,2.264540910720825
820,0.07061994,0.009623587,1.8744912147521973
821,0.0714311,0.0822382,1.967012882232666
822,0.042633295,0.009623587,2.0985162258148193
823,0.05188483,0.009623587,2.0958187580108643
824,0.07224685,0.009623587,2.0465927124023438
825,0.044710755,0.009623587,2.03909969329834
826,0.058922946,0.009623587,2.028182029724121
827,0.06618428,0.009623587,2.0339484214782715
828,0.05650556,0.009623587,1.9708261489868164
829,0.04912734,0.009623587,1.970768928527832
830,0.06283504,0.08194327,2.03855562210083
831,0.09253967,0.009623587,2.1010751724243164
832,0.049783707,-0.13551855,2.1635727882385254
833,0.055993676,0.009623587,1.8873190879821777
834,0.056280494,0.009623587,2.1355185508728027
835,0.048053443,0.009623587,2.103820562362671
836,0.044897437,0.009623587,2.093679666519165
837,0.061147332,0.009623587,2.0683484077453613
838,0.06949115,0.009623587,2.101440191268921
839,0.06865525,0.009623587,1.9500634670257568
840,0.06328952,0.009623587,2.091172695159912
841,0.08063716,0.009623587,1.8895409107208252
842,0.06264472,0.009623587,1.9881386756896973
843,0.053027928,0.009623587,1.9597828388214111
844,0.06517571,0.009623587,2.162287950515747
845,0.060421526,0.009623587,2.0237038135528564
846,0.05765581,0.009623587,2.13808012008667
847,0.047965586,0.009623587,2.135059356689453
848,0.06780183,-0.13551855,2.256356954574585
849,0.06242621,0.009623587,1.8082215785980225
850,0.04598856,0.009623587,2.098879814147949
851,0.039008677,-0.13551855,2.148432731628418
852,0.06488383,0.08194327,5.273651123046875
853,0.07012218,0.0822382,2.1514618396759033
854,0.07521087,0.009623587,2.223564863204956
855,0.060583353,-0.13551855,2.0132641792297363
856,0.0629859,0.009623587,2.0859086513519287
857,0.048866093,0.009623587,2.1800663471221924
858,0.040126085,0.009623587,2.10983943939209
859,0.06231767,0.009623587,2.1476898193359375
860,0.06851673,0.009623587,2.1234381198883057
861,0.07799661,0.009623587,2.2243566513061523
862,0.06407243,0.009623587,2.1169214248657227
863,0.061199963,0.009623587,2.025078773498535
864,0.039719284,0.08194327,1.9152097702026367
865,0.08144969,0.0822382,1.8986506462097168
866,0.076909125,0.009623587,1.909203052520752
867,0.050704777,0.009623587,2.119300365447998
868,0.08179361,0.009623587,1.9544789791107178
869,0.054570794,0.009623587,1.9283041954040527
870,0.07643348,0.009623587,1.9972906112670898
871,0.081379354,0.009623587,1.9831206798553467
872,0.077159345,-0.13551855,1.8542985916137695
873,0.0794512,0.009623587,2.114034414291382
874,0.074340284,0.009623587,2.061072826385498
875,0.072098374,0.009623587,2.2509467601776123
876,0.05988151,0.009623587,1.893031358718872
877,0.0559842,0.009623587,1.8960981369018555
878,0.057968438,0.08194327,1.989241600036621
879,0.06429374,0.009623587,1.9835238456726074
880,0.05461216,0.009623587,1.860978603363037
881,0.07948327,0.009623587,1.698955774307251
882,0.061674714,0.009623587,1.9290599822998047
883,0.047115564,0.009623587,2.074449062347412
884,0.04498899,0.009623587,1.8902873992919922
885,0.054015994,0.009623587,1.8804893493652344
886,0.07673901,0.009623587,2.008636713027954
887,0.07422763,0.009623587,2.0099871158599854
888,0.051718235,0.009623587,2.105046510696411
889,0.073652685,0.009623587,1.7980515956878662
890,0.060296535,0.009623587,2.040905237197876
891,0.056606174,0.009623587,1.9904427528381348
892,0.047645986,0.0822382,2.1263012886047363
893,0.059521616,0.009623587,1.846067190170288
894,0.0561803,0.0822382,2.1055002212524414
895,0.054439306,0.009623587,1.955702543258667
896,0.07049817,0.009623587,2.1761999130249023
897,0.0717327,0.009623587,1.9445033073425293
898,0.037700355,0.009623587,2.0123507976531982
899,0.041686893,0.08194327,2.043612003326416
900,0.0719533,-0.13551855,2.0820603370666504
901,0.055490553,0.009623587,1.8706765174865723
902,0.06589395,-0.062271476,1.8849542140960693
903,0.07348031,0.009623587,2.014862060546875
904,0.08406615,0.009623587,2.109830617904663
905,0.064073265,0.08194327,2.073080062866211
906,0.052393913,0.0822047,2.000572919845581
907,0.07003164,0.009623587,2.205017328262329
908,0.06008184,0.009623587,1.9733524322509766
909,0.07550281,0.009623587,2.1370699405670166
910,0.057051897,0.009623587,1.9920997619628906
911,0.06371927,0.08194327,2.0741500854492188
912,0.04554665,0.009623587,2.1360323429107666
913,0.0531618,0.0822047,2.310187816619873
914,0.068841755,-0.08189154,1.9960706233978271
915,0.061982214,-0.08189154,2.0773768424987793
916,0.058445215,-0.08189154,1.9803361892700195
917,0.08646822,-0.08189154,2.0958712100982666
918,0.066235304,0.009623587,2.024606227874756
919,0.07927102,-0.08189154,1.9114220142364502
920,0.063066304,-0.08189154,2.114696502685547
921,0.06493163,-0.08189154,4.983670711517334
922,0.06383419,-0.08189154,2.0874783992767334
923,0.056297243,-0.13551855,2.086155414581299
924,0.06688237,-0.08189154,2.229280710220337
925,0.070234895,-0.08189154,1.9047868251800537
926,0.13705957,0.24063754,2.1179141998291016
927,0.14769006,0.24063754,2.0943539142608643
928,0.14755195,0.24063754,2.1727283000946045
929,0.14446479,0.24063754,1.9958257675170898
930,0.16556364,0.24063754,2.096153497695923
931,0.15364867,0.24063754,2.109058141708374
932,0.12321442,0.24063754,1.9502756595611572
933,0.14591944,0.24063754,1.7527482509613037
934,0.14987129,0.24063754,2.193572521209717
935,0.15983564,0.24063754,2.1324546337127686
936,0.1641345,0.24063754,2.110125780105591
937,0.14434266,0.24063754,2.3154289722442627
938,0.15480554,0.24063754,2.048811197280884
939,0.14255399,0.24063754,2.211681842803955
940,0.1397692,0.24063754,2.293186664581299
941,0.14128047,0.24063754,2.066927909851074
942,0.15295899,0.24063754,2.060542583465576
943,0.14230746,0.24063754,2.348851442337036
944,0.16047484,0.24063754,2.057553768157959
945,0.16108769,0.24063754,2.0738930702209473
946,0.1362623,0.24063754,1.9820683002471924
947,0.14142907,0.24063754,2.087717056274414
948,0.1365596,0.24063754,2.176375389099121
949,0.1729042,0.24063754,1.9413230419158936
950,0.16336977,0.24063754,1.714789867401123
951,0.15925664,0.24063754,2.0771920680999756
952,0.14668971,0.24063754,2.0316524505615234
953,0.15463907,0.24063754,2.09136700630188
954,0.17612606,0.24063754,1.9255101680755615
955,0.16608322,0.24063754,1.8813960552215576
956,0.15249223,0.24063754,2.1003942489624023
957,0.14306599,0.24063754,1.9370110034942627
958,0.14043123,0.24063754,2.0540072917938232
959,0.16107029,0.24063754,1.9721267223358154
960,0.1576181,0.24063754,1.9496104717254639
961,0.14369208,0.24063754,2.017427921295166
962,0.16093403,0.24063754,2.107302665710449
963,0.37273276,0.37717098,1.8750569820404053
964,0.37816817,0.37717098,2.1894514560699463
965,0.4018733,0.41171896,1.9864699840545654
966,0.40704352,0.41171896,1.932016372680664
967,0.4292407,0.43610525,1.8370943069458008
968,0.41867018,0.43610525,1.8730599880218506
969,0.41485554,0.43610525,1.939711570739746
970,0.41282767,0.43610525,1.8565587997436523
971,0.40706265,0.43610525,2.1039092540740967
972,0.4151296,0.43610525,1.9069671630859375
973,0.42000258,0.43610525,2.0549631118774414
974,0.42383242,0.43610525,2.043513536453247
975,0.42331183,0.43610525,2.1300208568573
976,0.42843342,0.43610525,1.8323795795440674
977,0.419522,0.45334643,2.0741140842437744
978,0.4098984,0.40302628,2.023533582687378
979,0.44418818,0.45334643,2.29839825630188
980,0.43090266,0.45334643,1.9691622257232666
981,0.42469674,0.45334643,2.176542043685913
982,0.43054187,0.45334643,2.0431127548217773
983,0.43421757,0.45334643,2.0369045734405518
984,0.4324795,0.45334643,1.887470006942749
985,0.43725765,0.45334643,1.9697890281677246
986,0.42736197,0.45334643,1.9211230278015137
987,0.43272364,0.45334643,1.9521145820617676
988,0.41732693,0.45334643,2.1265180110931396
989,0.42010778,0.45334643,1.8346154689788818
990,0.4348994,0.45334643,5.14134407043457
991,0.43332815,0.45334643,1.8668224811553955
992,0.4291017,0.43610525,1.8822705745697021
993,0.4297669,0.45334643,2.08758282661438
994,0.43980014,0.45334643,2.0009877681732178
995,0.42664444,0.4595372,1.8963017463684082
996,0.43705678,0.45334643,1.8636806011199951
997,0.4226957,0.45334643,1.9489412307739258
998,0.43468916,0.45334643,1.9047877788543701
999,0.4299767,0.45334643,1.9390320777893066
1000,0.42497045,0.44387048,1.7276601791381836
1001,0.4296733,0.45334643,1.7466564178466797
1002,0.43924046,0.45334643,1.7428138256072998
1003,0.43888026,0.45334643,1.9588682651519775
1004,0.4216442,0.44387048,1.9299213886260986
1005,0.42287028,0.44387048,1.9940929412841797
1006,0.42779422,0.45162427,1.9755377769470215
1007,0.43550903,0.45162427,2.147665500640869
1008,0.4303882,0.45162427,1.8674123287200928
1009,0.43141103,0.45162427,1.942781686782837
1010,0.44062084,0.46151042,2.0786077976226807
1011,0.4241482,0.45162427,1.9701027870178223
1012,0.44008398,0.46151042,2.120708465576172
1013,0.4425066,0.45162427,2.0547375679016113
1014,0.4377752,0.45334643,2.2012600898742676
1015,0.4161564,0.45334643,2.077988624572754
1016,0.4394248,0.45334643,2.081223964691162
1017,0.42506713,0.45162427,2.029914379119873
1018,0.43110168,0.45162427,1.8177735805511475
1019,0.42313588,0.45162427,1.9496798515319824
1020,0.41830283,0.45162427,2.2472972869873047
1021,0.41674936,0.45162427,1.806711196899414
1022,0.42914104,0.45334643,2.004523277282715
1023,0.43668777,0.45334643,2.16247820854187
1024,0.43314666,0.45162427,2.0025322437286377
1025,0.42728943,0.45162427,1.9001076221466064
1026,0.4187218,0.45334643,2.0099081993103027
1027,0.42461175,0.45162427,2.1107640266418457
1028,0.42622316,0.45162427,2.012698173522949
1029,0.42965847,0.45162427,1.8128867149353027
1030,0.42894834,0.46151042,1.9540791511535645
1031,0.41647124,0.45162427,1.9144470691680908
1032,0.44037342,0.46151042,1.8325469493865967
1033,0.43193364,0.46151042,1.9998986721038818
1034,0.42157513,0.45334643,1.9088289737701416
1035,0.42335016,0.45162427,2.03596830368042
1036,0.42230844,0.45162427,2.1396634578704834
1037,0.44547206,0.46151042,1.9114978313446045
1038,0.4499094,0.45334643,1.9379515647888184
1039,0.43132132,0.45162427,1.9921224117279053
1040,0.43918878,0.46151042,2.0163254737854004
1041,0.42962122,0.45162427,2.274975061416626
1042,0.42282075,0.45334643,1.921966314315796
1043,0.43036258,0.45162427,2.108062267303467
1044,0.43492913,0.46151042,2.0738906860351562
1045,0.44259197,0.45630872,1.9481725692749023
1046,0.44827634,0.45630872,1.9729626178741455
1047,0.42706448,0.45630872,1.8652403354644775
1048,0.42849064,0.45630872,2.0720951557159424
1049,0.42412257,0.45630872,2.0874295234680176
1050,0.42957395,0.45630872,1.993906021118164
1051,0.4377609,0.45630872,1.9706315994262695
1052,0.43393338,0.45630872,2.0306382179260254
1053,0.4314955,0.45630872,2.0425162315368652
1054,0.43986982,0.45630872,2.129547119140625
1055,0.43077886,0.45630872,1.9181554317474365
1056,0.42408317,0.45630872,2.050189971923828
1057,0.44894493,0.48251688,2.0481081008911133
1058,0.4665888,0.48251688,1.9753010272979736
1059,0.4524957,0.48251688,5.152292490005493
1060,0.44466013,0.48251688,2.057908058166504
1061,0.44763726,0.48251688,1.9987857341766357
1062,0.4666614,0.48251688,1.9533820152282715
1063,0.44451958,0.48251688,2.053664207458496
1064,0.45037752,0.48251688,1.9917099475860596
1065,0.46506894,0.48251688,2.0903480052948
1066,0.43771213,0.48251688,1.8238661289215088
1067,0.441894,0.48251688,2.0201799869537354
1068,0.456277,0.48251688,1.9535305500030518
1069,0.4583881,0.48251688,2.063499689102173
1070,0.46054322,0.48251688,1.7822270393371582
1071,0.45264703,0.48251688,1.8735020160675049
1072,0.45886153,0.48157412,2.0635077953338623
1073,0.4397242,0.48157412,2.0200817584991455
1074,0.45502186,0.48157412,1.9897434711456299
1075,0.4550165,0.48157412,1.8561382293701172
1076,0.45762056,0.48157412,1.9493861198425293
1077,0.456941,0.48157412,1.9773731231689453
1078,0.45648962,0.48157412,2.050623893737793
1079,0.44057953,0.48157412,1.9175002574920654
1080,0.44811833,0.48157412,1.8729987144470215
1081,0.45926422,0.48157412,2.0008461475372314
1082,0.44880873,0.48157412,2.041459321975708
1083,0.45356554,0.48157412,2.0563039779663086
1084,0.44471896,0.48157412,1.9368748664855957
1085,0.4401815,0.48157412,1.9185552597045898
1086,0.45050687,0.48157412,1.955458641052246
1087,0.4435711,0.48157412,2.001842498779297
1088,0.43865353,0.48157412,1.8341796398162842
1089,0.45065618,0.48157412,1.8922557830810547
1090,0.46654928,0.4828962,2.112067222595215
1091,0.44263703,0.4828962,2.0112617015838623
1092,0.44701183,0.4828962,1.7665519714355469
1093,0.46347713,0.4828962,1.9086971282958984
1094,0.44839913,0.48344868,1.9545819759368896
1095,0.47343093,0.48344868,2.025815010070801
1096,0.4597385,0.48344868,2.0134835243225098
1097,0.4595009,0.48344868,2.0464630126953125
1098,0.45314944,0.48344868,2.0390422344207764
1099,0.44620913,0.48344868,1.9248135089874268
1100,0.46749955,0.48344868,2.1462349891662598
1101,0.45405096,0.48344868,1.963998794555664
1102,0.46060717,0.48344868,1.959857702255249
1103,0.44999498,0.48344868,2.012484550476074
1104,0.43338406,0.48344868,2.0252702236175537
1105,0.45621002,0.49066007,1.8539211750030518
1106,0.4531824,0.49066007,1.9383578300476074
1107,0.46721458,0.49066007,1.9540843963623047
1108,0.45665282,0.485331,2.3122785091400146
1109,0.46930838,0.485331,1.9557552337646484
1110,0.45649624,0.485331,2.0781590938568115
1111,0.45522135,0.485331,1.966773509979248
1112,0.45974964,0.485331,1.9764819145202637
1113,0.45269394,0.485331,1.9433064460754395
1114,0.46364576,0.485331,1.8482389450073242
1115,0.4635545,0.485331,1.8228800296783447
1116,0.46463364,0.485331,2.032989740371704
1117,0.47025228,0.485331,1.9818170070648193
1118,0.45501977,0.485331,1.9279062747955322
1119,0.45641267,0.485331,1.9919185638427734
1120,0.46583313,0.485331,2.160032033920288
1121,0.46567225,0.485331,2.0593149662017822
1122,0.45682186,0.485331,1.8927841186523438
1123,0.46395868,0.485331,1.9469351768493652
1124,0.45555383,0.485331,2.1097540855407715
1125,0.45858425,0.485331,1.9361097812652588
1126,0.4648474,0.485331,4.995143175125122
1127,0.45772547,0.485331,2.0093953609466553
1128,0.46616703,0.485331,2.051403522491455
1129,0.4680341,0.485331,1.9819614887237549
1130,0.47680032,0.485331,1.906770944595337
1131,0.46644902,0.485331,2.0074141025543213
1132,0.45714748,0.485331,2.2394964694976807
1133,0.45869243,0.485331,1.81711745262146
1134,0.4662782,0.485331,1.9837350845336914
1135,0.46779066,0.485331,2.102450132369995
1136,0.4595768,0.485331,2.0448617935180664
1137,0.47091228,0.485331,1.9010980129241943
1138,0.46493226,0.485331,1.8355729579925537
1139,0.46406263,0.485331,1.7583074569702148
1140,0.46620154,0.485331,1.7438387870788574
1141,0.46105427,0.485331,2.170525074005127
1142,0.46658587,0.49229157,1.922001600265503
1143,0.45726937,0.485331,1.9515786170959473
1144,0.4564302,0.485331,1.9481334686279297
1145,0.46587133,0.485331,2.063840389251709
1146,0.46268904,0.485331,2.000741958618164
1147,0.4623232,0.485331,1.9312400817871094
1148,0.4555273,0.485331,2.0856733322143555
1149,0.45975846,0.485331,2.043910026550293
1150,0.4631651,0.485331,1.8350131511688232
1151,0.45545477,0.485331,1.7867231369018555
1152,0.46212465,0.49229157,2.075655698776245
1153,0.46476787,0.49229157,2.017660617828369
1154,0.45719624,0.485331,1.8074772357940674
1155,0.47095382,0.485331,1.6590890884399414
1156,0.4636054,0.49229157,2.061345100402832
1157,0.46486747,0.49229157,1.9176828861236572
1158,0.45971084,0.485331,2.0012354850769043
1159,0.45912737,0.485331,1.915372610092163
1160,0.4675504,0.485331,2.012014150619507
1161,0.4578055,0.485331,1.7938635349273682
1162,0.46275043,0.485331,2.1433169841766357
1163,0.46382183,0.485331,2.0244905948638916
1164,0.46687317,0.500541,1.7438631057739258
1165,0.45562404,0.485331,1.9171810150146484
1166,0.4595828,0.485331,2.1505444049835205
1167,0.45315135,0.485331,2.1516642570495605
1168,0.46968818,0.485331,1.8644797801971436
1169,0.46518224,0.49229157,2.2361552715301514
1170,0.46285534,0.485331,2.106189012527466
1171,0.4725843,0.49229157,2.0068416595458984
1172,0.47215182,0.485331,1.9396400451660156
1173,0.46589035,0.485331,2.210911512374878
1174,0.46046466,0.485331,1.794534683227539
1175,0.45563418,0.485331,2.079306125640869
1176,0.4702825,0.49229157,1.8396830558776855
1177,0.46283185,0.485331,2.0650408267974854
1178,0.47222012,0.485331,2.1275315284729004
1179,0.4625985,0.485331,2.1491482257843018
1180,0.45917904,0.485331,2.1769604682922363
1181,0.45966804,0.4926191,2.043177843093872
1182,0.46608925,0.485331,2.1629157066345215
1183,0.47748858,0.4926191,2.298283815383911
1184,0.4536515,0.485331,2.044825315475464
1185,0.45991796,0.485331,2.0544474124908447
1186,0.45766884,0.485331,2.2032856941223145
1187,0.46262413,0.4926191,2.019834280014038
1188,0.45435905,0.485331,2.0607030391693115
1189,0.46371543,0.485331,1.9634206295013428
1190,0.47001678,0.499228,2.205134630203247
1191,0.4748733,0.499228,1.9956414699554443
1192,0.47716254,0.499228,2.1183578968048096
1193,0.47689766,0.499228,2.129554271697998
1194,0.4646942,0.499228,5.152434349060059
1195,0.4747585,0.499228,2.0562219619750977
1196,0.48309433,0.499228,1.937593698501587
1197,0.48139322,0.499228,2.0027847290039062
1198,0.47309428,0.50936854,2.034726619720459
1199,0.47924203,0.50936854,2.0540919303894043
1200,0.47669286,0.50936854,2.00341796875
1201,0.476528,0.50936854,2.2394752502441406
1202,0.48872948,0.50936854,2.1623198986053467
1203,0.46310264,0.50936854,1.9979448318481445
1204,0.47107077,0.49983054,2.076144218444824
1205,0.4749053,0.50936854,2.2028818130493164
1206,0.47387153,0.50936854,1.9521980285644531
1207,0.47608292,0.50936854,2.008836269378662
1208,0.49328923,0.50936854,1.7593770027160645
1209,0.47858667,0.50936854,1.7364532947540283
1210,0.48586994,0.50936854,1.925558090209961
1211,0.4755292,0.50936854,1.940610647201538
1212,0.46876436,0.50936854,1.7800064086914062
1213,0.47542965,0.50936854,1.8712522983551025
1214,0.4879536,0.50936854,1.946660041809082
1215,0.47835302,0.50936854,2.105738878250122
1216,0.49109232,0.50936854,1.8093922138214111
1217,0.47474074,0.50936854,1.8811540603637695
1218,0.4870236,0.50936854,2.0404133796691895
1219,0.48366183,0.50936854,2.16725754737854
1220,0.47965705,0.50936854,1.8846485614776611
1221,0.4810871,0.50936854,1.9168646335601807
1222,0.48989034,0.50936854,2.1735308170318604
1223,0.4723218,0.50936854,1.9646885395050049
1224,0.4915433,0.50936854,1.7091920375823975
1225,0.49147958,0.50936854,1.7990148067474365
1226,0.4919756,0.50936854,2.101660966873169
1227,0.4909783,0.50936854,2.0049147605895996
1228,0.47929472,0.50936854,2.2040791511535645
1229,0.4783578,0.50936854,2.0151352882385254
1230,0.49085706,0.50936854,2.0178329944610596
1231,0.49332672,0.50936854,2.091158628463745
1232,0.47915488,0.50936854,2.102811336517334
1233,0.49133724,0.5189149,1.9042999744415283
1234,0.4942919,0.5235888,2.006202220916748
1235,0.49642855,0.5235888,2.1526315212249756
1236,0.48581213,0.5235888,2.308912992477417
1237,0.49212575,0.5235888,1.955350399017334
1238,0.5043025,0.5235888,2.162910223007202
1239,0.48240894,0.5235888,2.1334989070892334
1240,0.4892102,0.5235888,2.1160807609558105
1241,0.4924873,0.5235888,1.9495620727539062
1242,0.49457306,0.5235888,2.100043535232544
1243,0.48509663,0.5235888,1.969855785369873
1244,0.48747337,0.5235888,2.0400071144104004
1245,0.48946148,0.5235888,1.8854568004608154
1246,0.4842329,0.5235888,2.084812641143799
1247,0.5001582,0.5235888,2.185473918914795
1248,0.4958716,0.5235888,2.2832727432250977
1249,0.4919384,0.5235888,2.137162923812866
1250,0.48486102,0.5235888,2.1245551109313965
1251,0.48343366,0.5235888,2.1473636627197266
1252,0.4964059,0.5235888,2.276850461959839
1253,0.48841536,0.5235888,1.8478686809539795
1254,0.48865718,0.5235888,1.977750301361084
1255,0.49310362,0.5235888,2.065934658050537
1256,0.49743068,0.5235888,2.1370937824249268
1257,0.5137283,0.56144714,1.894679307937622
1258,0.5155996,0.56144714,1.9627177715301514
1259,0.5248143,0.56144714,2.1528031826019287
1260,0.5208397,0.56144714,1.9839744567871094
1261,0.5099349,0.56144714,1.984100580215454
1262,0.5382986,0.56144714,2.1119027137756348
1263,0.5259989,0.56144714,5.149565696716309
1264,0.5265108,0.56144714,1.918409824371338
1265,0.5328828,0.56144714,1.8980252742767334
1266,0.5216296,0.56144714,2.1744985580444336
1267,0.52027905,0.56144714,2.1913113594055176
1268,0.51427114,0.56144714,1.9125287532806396
1269,0.5276729,0.56144714,1.9991133213043213
1270,0.5146533,0.56144714,2.1976006031036377
1271,0.5235027,0.56144714,2.2079904079437256
1272,0.5270699,0.56144714,1.9531257152557373
1273,0.5236466,0.56144714,1.8911678791046143
1274,0.503736,0.56144714,2.1019904613494873
1275,0.537074,0.56144714,2.0378129482269287
1276,0.5234139,0.56144714,1.7402985095977783
1277,0.5166719,0.56144714,1.7917704582214355
1278,0.5253591,0.56144714,2.1053054332733154
1279,0.5276321,0.56144714,1.9194624423980713
1280,0.52420187,0.56144714,2.068610191345215
1281,0.5134113,0.56144714,1.9736137390136719
1282,0.5177952,0.56144714,2.0229382514953613
1283,0.5200809,0.56144714,2.0584423542022705
1284,0.53475195,0.56144714,2.2429709434509277
1285,0.51846445,0.56144714,1.9263522624969482
1286,0.5037799,0.56144714,2.0503625869750977
1287,0.5242777,0.56144714,2.0386009216308594
1288,0.5512341,0.5915885,1.9164361953735352
1289,0.56935585,0.5915885,1.8106133937835693
1290,0.56256706,0.5915885,1.9100008010864258
1291,0.5532402,0.5915885,1.8637762069702148
1292,0.5537034,0.5915885,1.7459287643432617
1293,0.5569483,0.5915885,1.8432316780090332
1294,0.5500353,0.5915885,1.7052114009857178
1295,0.56220096,0.5915885,2.039119243621826
1296,0.55582,0.5915885,2.0330612659454346
1297,0.5448632,0.5915885,2.1795687675476074
1298,0.5592335,0.5915885,1.9410691261291504
1299,0.55594283,0.5915885,1.991255521774292
1300,0.5504457,0.5915885,2.1797187328338623
1301,0.5569861,0.5915885,2.220288038253784
1302,0.5648484,0.5915885,1.8893651962280273
1303,0.56074154,0.5915885,1.9357800483703613
1304,0.55709565,0.5915885,2.0657944679260254
1305,0.54846466,0.5915885,1.924565315246582
1306,0.564919,0.6067481,1.8756024837493896
1307,0.56811786,0.6067481,1.9282231330871582
1308,0.57320726,0.6067481,2.1687233448028564
1309,0.56461704,0.6067481,2.0149972438812256
1310,0.55860114,0.6067481,2.194885492324829
1311,0.5679726,0.6067481,2.110384464263916
1312,0.5681355,0.6067481,2.0332891941070557
1313,0.5748415,0.6067481,2.0626559257507324
1314,0.5767493,0.6067481,2.1874845027923584
1315,0.56899524,0.6067481,1.8754808902740479
1316,0.5766605,0.6067481,2.0190629959106445
1317,0.572041,0.6067481,1.940845251083374
1318,0.57528067,0.6067481,2.1723129749298096
1319,0.5745232,0.6067481,1.9167726039886475
1320,0.5761982,0.6067481,2.021547317504883
1321,0.56279314,0.6067481,2.0954370498657227
1322,0.568295,0.6067481,2.016528844833374
1323,0.5573976,0.6067481,1.9328901767730713
1324,0.5810533,0.6067481,2.0170576572418213
1325,0.57261014,0.6067481,2.214801073074341
1326,0.56501925,0.6067481,2.15364933013916
1327,0.574384,0.6067481,1.9938814640045166
1328,0.56483793,0.6067481,2.0616252422332764
1329,0.5751027,0.6067481,2.0291178226470947
1330,0.56788397,0.6067481,2.1315817832946777
1331,0.5680269,0.6067481,2.083681106567383
1332,0.561257,0.6067481,4.919713258743286
1333,0.5758109,0.6067481,2.043985605239868
1334,0.56341314,0.6067481,1.7603836059570312
1335,0.5695536,0.6067481,1.988865613937378
1336,0.5659267,0.6067481,2.106649875640869
1337,0.56852484,0.6067481,2.023094892501831
1338,0.56973153,0.6067481,2.036287307739258
1339,0.5648465,0.6067481,1.9330744743347168
1340,0.5733532,0.6067481,2.10384464263916
1341,0.574234,0.6067481,1.9172911643981934
1342,0.57411367,0.6067481,2.0351858139038086
1343,0.5667307,0.6067481,1.9768986701965332
1344,0.5737761,0.6067481,2.043011426925659
1345,0.56984156,0.6067481,2.0058562755584717
1346,0.56289303,0.6067481,2.09273362159729
1347,0.5692179,0.6067481,1.712449073791504
1348,0.56047654,0.6067481,1.8896732330322266
1349,0.5671598,0.6067481,2.0497727394104004
1350,0.5664681,0.6067481,2.0412516593933105
1351,0.55789775,0.6067481,1.8899054527282715
1352,0.5630189,0.6067481,1.8703112602233887
1353,0.5554795,0.6067481,2.0859687328338623
1354,0.56847364,0.6067481,2.0311267375946045
1355,0.5712191,0.6067481,1.8780441284179688
1356,0.56029767,0.6067481,2.080148935317993
1357,0.57100207,0.6067481,2.0264832973480225
1358,0.57239527,0.6067481,1.9812695980072021
1359,0.57093894,0.6067481,2.161599636077881
1360,0.5740216,0.6067481,1.9765398502349854
1361,0.56496537,0.6067481,1.957657814025879
1362,0.56665957,0.6067481,2.071209669113159
1363,0.5702456,0.6067481,2.291306734085083
1364,0.5792443,0.6067481,1.848710060119629
1365,0.5734407,0.6067481,1.9884190559387207
1366,0.55825084,0.6067481,2.0273120403289795
1367,0.5710337,0.6067481,1.9218268394470215
1368,0.56785476,0.6067481,1.8167097568511963
1369,0.5643712,0.6067481,2.11527156829834
1370,0.57209206,0.6067481,1.988304853439331
1371,0.5740088,0.6067481,1.991363525390625
1372,0.5707874,0.6067481,2.055546998977661
1373,0.5632826,0.6067481,2.015272617340088
1374,0.56598794,0.6067481,2.052180290222168
1375,0.5695378,0.6067481,2.0428154468536377
1376,0.5774864,0.6067481,2.0734169483184814
1377,0.5652275,0.6067481,1.9145009517669678
1378,0.5775875,0.6067481,2.0749521255493164
1379,0.5710182,0.6067481,2.166045665740967
1380,0.56248426,0.6067481,2.3294858932495117
1381,0.57158756,0.6067481,1.792283296585083
1382,0.5631219,0.6067481,2.1843864917755127
1383,0.5664457,0.6067481,2.777409076690674
1384,0.5743059,0.6067481,2.573678731918335
1385,0.5534086,0.6067481,2.492698907852173
1386,0.56454563,0.6067481,2.4878315925598145
1387,0.57123613,0.6067481,2.4036483764648438
1388,0.5590077,0.6067481,2.0105645656585693
1389,0.5590445,0.6067481,2.019273519515991
1390,0.56470484,0.6067481,2.506086826324463
1391,0.5653862,0.6067481,2.472579002380371
1392,0.5638757,0.6067481,2.545238971710205
1393,0.57553494,0.6067481,2.3889174461364746
1394,0.55937785,0.6067481,2.1310317516326904
1395,0.5720979,0.6067481,1.745150089263916
1396,0.56604826,0.6067481,2.3476736545562744
1397,0.5611656,0.6067481,2.2050962448120117
1398,0.5708625,0.6067481,2.4733946323394775
1399,0.5687876,0.6067481,2.697047233581543
1400,0.576673,0.6067481,2.670403003692627
1401,0.57583356,0.6067481,1.975404977798462
1402,0.5771189,0.6067481,1.8388333320617676
1403,0.56904185,0.6067481,2.70497727394104
1404,0.56289595,0.6067481,2.2529797554016113
1405,0.5583632,0.6067481,5.296968698501587
1406,0.571874,0.6067481,2.177938461303711
1407,0.57333374,0.6067481,2.05413818359375
1408,0.5628273,0.6067481,2.0189051628112793
1409,0.5600581,0.6067481,3.116605281829834
1410,0.55000126,0.6067481,2.5971434116363525
1411,0.56136763,0.6067481,2.7305004596710205
1412,0.56720877,0.6067481,2.5993480682373047
1413,0.5696259,0.6067481,2.179995536804199
1414,0.56419337,0.6067481,2.130016803741455
1415,0.5720447,0.6067481,2.1261298656463623
1416,0.56819814,0.6067481,2.9086828231811523
1417,0.5685321,0.6067481,2.364528179168701
1418,0.5601294,0.6067481,2.4073092937469482
1419,0.5599717,0.6067481,2.6305289268493652
1420,0.57767165,0.6067481,2.037656784057617
1421,0.5693943,0.6067481,1.9695208072662354
1422,0.5699368,0.6067481,2.395866870880127
1423,0.5582761,0.6067481,2.478806495666504
1424,0.56532407,0.6067481,2.7794878482818604
1425,0.5728413,0.6067481,3.0066447257995605
1426,0.5821014,0.6067481,2.6596789360046387
1427,0.5771315,0.6067481,1.991835594177246
1428,0.5747211,0.6067481,1.9359419345855713
1429,0.58215874,0.6067481,2.241358757019043
1430,0.56862986,0.6067481,2.6025373935699463
1431,0.5723735,0.6067481,2.7526960372924805
1432,0.57087076,0.6067481,2.324514150619507
1433,0.5683188,0.6067481,2.1634933948516846
1434,0.56998485,0.6067481,1.934959888458252
1435,0.57144934,0.6067481,2.1350584030151367
1436,0.5785508,0.6067481,2.6245265007019043
1437,0.57988787,0.6067481,2.580632209777832
1438,0.5660082,0.6067481,2.5586225986480713
1439,0.57086235,0.6067481,2.27585768699646
1440,0.5688226,0.6067481,2.441173553466797
1441,0.57560927,0.6067481,2.1519744396209717
1442,0.5738826,0.6067481,1.9607036113739014
1443,0.5623181,0.6067481,2.46036696434021
1444,0.5690734,0.6067481,2.30597186088562
1445,0.5720803,0.6067481,3.069246292114258
1446,0.56111205,0.6067481,2.524677276611328
1447,0.5670819,0.6067481,2.6155548095703125
1448,0.5572457,0.6067481,2.2581374645233154
1449,0.564894,0.6067481,1.8323850631713867
1450,0.56958354,0.6067481,2.3332955837249756
1451,0.56947744,0.6067481,2.4174787998199463
1452,0.56846595,0.6067481,2.8790600299835205
1453,0.56506586,0.6067481,2.359724760055542
1454,0.56325114,0.6067481,2.598440408706665
1455,0.56337416,0.6067481,2.053448438644409
1456,0.5801947,0.6067481,2.082092046737671
1457,0.5709584,0.6067481,2.6124227046966553
1458,0.5744904,0.6067481,2.7072043418884277
1459,0.5755817,0.6067481,2.841848373413086
1460,0.5707218,0.6067481,2.6064257621765137
1461,0.5646658,0.6067481,2.722865104675293
1462,0.57168055,0.6067481,1.9133951663970947
1463,0.5683447,0.6067481,2.053090810775757
1464,0.5578952,0.6067481,2.803645133972168
1465,0.5814184,0.6067481,2.515059471130371
1466,0.57349706,0.6067481,2.389317035675049
1467,0.5608523,0.6067481,2.581756353378296
1468,0.5657642,0.6067481,2.347184419631958
1469,0.564109,0.6067481,1.9081709384918213
1470,0.57048833,0.6067481,1.8849799633026123
1471,0.56830823,0.6108711,2.6866326332092285
1472,0.5686539,0.6108711,2.8072619438171387
1473,0.5609982,0.6067481,2.398979425430298
1474,0.57083726,0.6067481,5.246300220489502
1475,0.5710971,0.6108711,1.9247934818267822
1476,0.5712326,0.6108711,2.392552137374878
1477,0.57777256,0.6108711,2.5117270946502686
1478,0.5645597,0.6108711,2.4187233448028564
1479,0.5682415,0.6108711,2.7303073406219482
1480,0.5637393,0.6108711,2.5694618225097656
1481,0.56577724,0.6108711,2.2657535076141357
1482,0.57538426,0.6108711,1.9707765579223633
1483,0.5721961,0.6067481,2.050309419631958
1484,0.5669788,0.6108711,2.3681578636169434
1485,0.5774024,0.6108711,2.5358426570892334
1486,0.5645703,0.6108711,2.9122467041015625
1487,0.56337845,0.6108711,2.887059450149536
1488,0.560887,0.6067481,2.3897602558135986
1489,0.5775925,0.6108711,1.6883678436279297
1490,0.5724475,0.6108711,2.151111602783203
1491,0.5611757,0.6108711,2.421043634414673
1492,0.5726764,0.6108711,2.619689702987671
1493,0.56461143,0.6108711,2.784181833267212
1494,0.5702347,0.6108711,2.8910977840423584
1495,0.56696117,0.6108711,2.4265403747558594
1496,0.5667192,0.6108711,2.0180444717407227
1497,0.56137943,0.6108711,2.057314872741699
1498,0.5678375,0.6108711,2.6609103679656982
1499,0.5691024,0.6108711,2.782352924346924
