iteration,max_fitness,time
0.0,310.09567,0.0
1,369.59238,11.506010293960571
2,369.59238,3.412135362625122
3,994.11786,3.381725788116455
4,994.674,3.5551140308380127
5,997.3561,3.738513469696045
6,1016.58887,3.6740756034851074
7,1018.1014,3.6152989864349365
8,1018.1014,3.4621050357818604
9,1018.1014,3.6870551109313965
10,1018.1014,3.484276294708252
11,1018.6279,3.608712673187256
12,1018.6279,3.3402209281921387
13,1018.6279,3.4397623538970947
14,1018.6279,3.5455472469329834
15,1018.6279,3.551604747772217
16,1018.6279,3.4951162338256836
17,1018.6279,3.5594770908355713
18,1018.6279,3.4551405906677246
19,1018.6279,3.4246981143951416
20,1018.6279,3.406874895095825
21,1022.8504,3.7539074420928955
22,1022.8504,3.340432643890381
23,1022.8504,3.44512939453125
24,1022.8504,3.5185601711273193
25,1022.8504,3.636765956878662
26,1022.8504,3.346318006515503
27,1022.8504,3.4630424976348877
28,1022.8504,3.3993256092071533
29,1022.8504,3.491647243499756
30,1022.8504,3.3859989643096924
31,1022.8504,3.4765613079071045
32,1022.8504,3.605288028717041
33,1022.8504,3.497191905975342
34,1022.8504,3.4048736095428467
35,1022.8504,3.4522125720977783
36,1022.8504,3.504823923110962
37,1023.73694,3.599058151245117
38,1039.7992,3.5298566818237305
39,1039.7992,3.463534355163574
40,1042.2369,3.5084478855133057
41,1043.3772,3.3506968021392822
42,1045.9053,3.396064043045044
43,1047.1396,3.644693374633789
44,1047.1396,3.6305320262908936
45,1047.1396,3.5222954750061035
46,1047.1396,3.4377098083496094
47,1047.1396,3.485574245452881
48,1047.1396,3.4696593284606934
49,1047.1396,3.456613302230835
50,1047.1396,3.5198535919189453
51,1047.1396,3.5688037872314453
52,1050.1168,3.3886208534240723
53,1050.1168,3.670897960662842
54,1089.1145,3.590864896774292
55,1100.4005,3.7220072746276855
56,1140.4559,3.5824382305145264
57,1140.4559,3.8190481662750244
58,1140.4559,3.441009759902954
59,1140.4559,3.940983295440674
60,1140.4559,3.9068703651428223
61,1140.4559,4.097873687744141
62,1140.4559,4.496959447860718
63,1140.4559,4.125616550445557
64,1151.4874,4.327410459518433
65,1162.4819,4.3101232051849365
66,1173.1016,4.795753717422485
67,1173.1016,4.736956834793091
68,1173.1016,4.514645576477051
69,1174.9342,4.753402233123779
70,1174.9342,4.674238920211792
71,1174.9342,4.852675914764404
72,1174.9342,4.695964813232422
73,1184.3652,4.754009962081909
74,1184.3652,4.6535351276397705
75,1184.3652,4.60219407081604
76,1187.8274,4.694945573806763
77,1187.8274,4.755110502243042
78,1187.8274,4.534996509552002
79,1187.8274,4.760554313659668
80,1187.8274,4.593106031417847
81,1187.8274,4.739841938018799
82,1187.8274,4.651291131973267
83,1187.8274,4.621831893920898
84,1187.8274,4.658113956451416
85,1187.8274,4.66789698600769
86,1187.8274,4.565521955490112
87,1187.8274,4.504786491394043
88,1187.8274,4.589478254318237
89,1187.8274,4.61846137046814
90,1187.8274,4.754257440567017
91,1187.8274,4.731387138366699
92,1187.8274,4.7075583934783936
93,1187.8274,4.7088587284088135
94,1187.8274,4.782545566558838
95,1187.8274,4.674227476119995
96,1187.8274,4.795198678970337
97,1187.8274,4.660080671310425
98,1187.8274,4.787984371185303
99,1187.8274,4.7963690757751465
100,1187.8274,4.89574408531189
101,1187.8274,4.780911684036255
102,1187.8274,4.578189373016357
103,1187.8274,4.758901596069336
104,1187.8274,4.366384267807007
105,1187.8274,4.902395248413086
106,1187.8274,4.617797613143921
107,1187.8274,4.60027289390564
108,1187.8274,4.742642402648926
109,1187.8274,4.685510158538818
110,1187.8274,4.74776816368103
111,1187.8274,4.80004358291626
112,1187.8274,4.726818323135376
113,1187.8274,4.746170997619629
114,1187.8274,4.511912107467651
115,1187.8274,4.636029958724976
116,1187.8274,4.82945442199707
117,1187.8274,4.8096091747283936
118,1187.8274,4.824541330337524
119,1187.8274,4.631019115447998
120,1187.8274,4.7318949699401855
121,1187.8274,4.955168008804321
122,1187.8274,4.614917516708374
123,1187.8274,4.577584505081177
124,1187.8274,4.688541412353516
125,1187.8274,4.529613971710205
126,1187.8274,4.7703447341918945
127,1187.8274,4.745910167694092
128,1187.8274,4.778721809387207
129,1187.8274,4.51964259147644
130,1187.8274,4.831087350845337
131,1187.8274,4.732102155685425
132,1187.8274,4.675262689590454
133,1187.8274,4.729675531387329
134,1187.8274,4.596235990524292
135,1187.8274,4.9179723262786865
136,1187.8274,4.676950216293335
137,1187.8274,4.696275472640991
138,1187.8274,4.72538948059082
139,1187.8274,4.600834846496582
140,1187.8274,4.696789264678955
141,1187.8274,4.6495537757873535
142,1187.8274,4.628731966018677
143,1187.8274,4.641852617263794
144,1187.8274,4.616211891174316
145,1187.8274,4.841017961502075
146,1187.8274,4.803774833679199
147,1187.8274,4.690531969070435
148,1187.8274,4.463825464248657
149,1187.8274,4.822285890579224
150,1187.8274,4.550770998001099
151,1188.7665,4.704957723617554
152,1188.7665,4.791220664978027
153,1188.7665,4.7325499057769775
154,1188.7665,4.778416872024536
155,1188.7665,4.614855527877808
156,1188.7665,4.684631109237671
157,1188.7665,4.594872236251831
158,1188.7665,4.674988508224487
159,1188.7665,4.621534585952759
160,1188.7665,4.630306720733643
161,1188.7665,4.592661380767822
162,1188.7665,4.8273561000823975
163,1188.7665,4.741093635559082
164,1188.7665,4.653435707092285
165,1188.7665,4.720907926559448
166,1188.7665,4.636063814163208
167,1188.7665,4.7773473262786865
168,1188.7665,4.651774168014526
169,1188.7665,4.632401943206787
170,1188.7665,4.722788333892822
171,1188.7665,4.755564451217651
172,1188.7665,4.773503303527832
173,1188.7665,4.804204225540161
174,1188.7665,4.8117356300354
175,1188.7665,4.735859394073486
176,1188.7665,4.62711501121521
177,1188.7665,4.635254383087158
178,1188.7665,4.798412084579468
179,1188.7665,4.690447807312012
180,1188.7665,4.724613428115845
181,1188.7665,4.694840908050537
182,1188.7665,4.5918662548065186
183,1188.7665,4.6240150928497314
184,1188.7665,4.6767332553863525
185,1188.7665,4.7220635414123535
186,1188.7665,4.8850085735321045
187,1188.7665,4.696380138397217
188,1188.7665,4.660711050033569
189,1188.7665,4.702547311782837
190,1188.7665,4.7173378467559814
191,1188.7665,4.782973051071167
192,1188.7665,4.726253509521484
193,1188.7665,4.435851573944092
194,1188.7665,4.644717693328857
195,1188.7665,4.743728399276733
196,1188.7665,4.811655759811401
197,1188.7665,4.7204813957214355
198,1188.7665,4.735468864440918
199,1188.7665,4.61699652671814
200,1188.7665,4.383852958679199
201,1188.7665,4.520381689071655
202,1188.7665,4.7761290073394775
203,1188.7665,4.731552839279175
204,1188.7665,4.620918035507202
205,1188.7665,4.545962810516357
206,1191.5679,4.645934581756592
207,1191.5679,4.764279365539551
208,1191.5679,4.498577356338501
209,1191.5679,4.598098278045654
210,1191.5679,4.584328889846802
211,1191.5679,4.615840673446655
212,1191.5679,4.756152629852295
213,1191.5679,4.883424282073975
214,1191.5679,4.870036840438843
215,1191.5679,4.502632141113281
216,1191.5679,4.689438581466675
217,1191.5679,4.581437349319458
218,1191.5679,4.770901203155518
219,1191.5679,4.815540075302124
220,1191.5679,4.7972447872161865
221,1191.5679,4.671788454055786
222,1191.5679,4.64751672744751
223,1191.5679,4.589139223098755
224,1191.5679,4.682755708694458
225,1191.5679,4.597303628921509
226,1191.5679,4.755402565002441
227,1191.5679,4.782771348953247
228,1191.5679,4.94992208480835
229,1191.5679,4.700855016708374
230,1191.5679,4.610414743423462
231,1191.5679,4.637676954269409
232,1191.5679,4.67197060585022
233,1191.5679,4.567786455154419
234,1191.5679,4.538796901702881
235,1191.5679,4.96338677406311
236,1191.5679,4.69351601600647
237,1191.5679,4.500474452972412
238,1191.5679,4.7243266105651855
239,1191.5679,4.624969720840454
240,1191.5679,4.7928547859191895
241,1191.5679,4.479869365692139
242,1191.5679,4.85107684135437
243,1191.5679,4.747617244720459
244,1191.5679,4.5751519203186035
245,1191.5679,4.6531946659088135
246,1191.5679,4.705148935317993
247,1191.5679,4.721584796905518
248,1191.5679,4.576939821243286
249,1191.5679,4.789276361465454
250,1191.5679,4.491767406463623
251,1191.5679,4.595544099807739
252,1191.5679,4.577210903167725
253,1191.5679,4.740591049194336
254,1191.5679,4.509111404418945
255,1191.5679,4.760637998580933
256,1191.5679,4.703052759170532
257,1191.5679,4.672827959060669
258,1191.5679,4.876868963241577
259,1191.5679,4.661813735961914
260,1191.5679,4.722580432891846
261,1191.5679,4.617002725601196
262,1191.5679,4.6593828201293945
263,1191.5679,4.553957223892212
264,1191.5679,4.6244471073150635
265,1191.5679,4.738144636154175
266,1191.5679,4.768350124359131
267,1191.5679,4.550472259521484
268,1191.5679,4.7245306968688965
269,1191.5679,4.823906183242798
270,1191.5679,4.702979326248169
271,1191.5679,4.762878656387329
272,1191.5679,4.705789089202881
273,1191.5679,4.726419448852539
274,1191.5679,4.730612277984619
275,1191.5679,4.777141094207764
276,1191.5679,4.611622095108032
277,1191.5679,4.603655815124512
278,1191.5679,4.622058629989624
279,1191.5679,4.818568706512451
280,1191.5679,4.719282150268555
281,1191.5679,4.64142107963562
282,1191.5679,4.660439729690552
283,1191.5679,4.672260999679565
284,1191.5679,4.656625509262085
285,1191.5679,4.482416868209839
286,1191.5679,4.627342939376831
287,1191.5679,4.585616111755371
288,1191.5679,4.703157901763916
289,1191.5679,4.8661558628082275
290,1191.5679,4.744206666946411
291,1191.5679,4.606950283050537
292,1191.5679,4.822083950042725
293,1191.5679,4.636110305786133
294,1191.5679,4.593278646469116
295,1191.5679,4.703887462615967
296,1191.5679,4.6933183670043945
297,1191.5679,4.70181679725647
298,1191.5679,4.811243534088135
299,1191.5679,4.691269874572754
300,1191.5679,4.565619230270386
301,1191.5679,4.549709796905518
302,1191.5679,4.806509494781494
303,1191.5679,4.635528802871704
304,1191.5679,4.5178062915802
305,1191.5679,4.5111753940582275
306,1191.5679,4.787585020065308
307,1191.5679,4.8220555782318115
308,1191.5679,4.712432146072388
309,1191.5679,4.683144807815552
310,1191.5679,4.823119401931763
311,1191.5679,4.719609975814819
312,1191.5679,4.711452960968018
313,1191.5679,4.679551601409912
314,1191.5679,4.503148317337036
315,1191.5679,4.675793647766113
316,1191.5679,4.549344062805176
317,1191.5679,4.523499250411987
318,1191.5679,4.589042901992798
319,1191.5679,4.462804317474365
320,1191.5679,4.500345230102539
321,1191.5679,4.626641273498535
322,1191.5679,4.661621809005737
323,1191.5679,4.785897254943848
324,1191.5679,4.720257520675659
325,1191.5679,4.8716394901275635
326,1191.5679,4.782248020172119
327,1191.5679,4.684397459030151
328,1191.5679,4.605265378952026
329,1191.5679,4.7752604484558105
330,1191.5679,4.679197549819946
331,1191.5679,4.840416669845581
332,1191.5679,4.586473703384399
333,1191.5679,4.8488264083862305
334,1191.5679,4.34001350402832
335,1191.5679,4.491350173950195
336,1191.5679,4.558495283126831
337,1191.5679,4.693976402282715
338,1191.5679,4.706183195114136
339,1191.5679,4.7291131019592285
340,1191.5679,4.7046895027160645
341,1191.5679,4.548415899276733
342,1191.5679,4.784451484680176
343,1191.5679,4.846794605255127
344,1191.5679,4.784928798675537
345,1191.5679,4.649730443954468
346,1191.5679,4.830123662948608
347,1191.5679,4.5970587730407715
348,1191.5679,4.809568405151367
349,1191.5679,4.683151006698608
350,1191.5679,4.7950074672698975
351,1191.5679,4.770743370056152
352,1191.5679,4.609692096710205
353,1191.5679,4.388338565826416
354,1191.5679,4.656458616256714
355,1191.5679,4.550903797149658
356,1191.5679,4.851146459579468
357,1191.5679,4.610887289047241
358,1191.5679,4.6242897510528564
359,1191.5679,4.46427583694458
360,1191.5679,4.832664966583252
361,1191.5679,4.659613370895386
362,1191.5679,4.6468260288238525
363,1191.5679,4.728062152862549
364,1191.5679,4.64619517326355
365,1191.5679,4.724447727203369
366,1191.5679,4.535996198654175
367,1191.5679,4.527348279953003
368,1191.5679,4.506494998931885
369,1191.5679,4.663696527481079
370,1191.5679,4.524846076965332
371,1191.5679,4.680448055267334
372,1191.5679,4.562892913818359
373,1191.5679,4.704832553863525
374,1191.5679,4.743632078170776
375,1191.5679,4.675607442855835
376,1191.5679,4.797666788101196
377,1191.5679,4.6550469398498535
378,1191.5679,4.650611162185669
379,1191.5679,4.626403331756592
380,1191.5679,4.650338649749756
381,1191.5679,4.812888860702515
382,1191.5679,4.692238092422485
383,1191.5679,4.76164436340332
384,1191.5679,4.585424184799194
385,1191.5679,4.712533950805664
386,1191.5679,4.731137037277222
387,1191.5679,4.566856384277344
388,1191.5679,4.687538385391235
389,1191.5679,4.648544788360596
390,1191.5679,4.703017950057983
391,1191.5679,4.593072414398193
392,1191.5679,4.6960906982421875
393,1191.5679,4.576076030731201
394,1191.5679,4.796669244766235
395,1191.5679,4.748695135116577
396,1191.5679,4.813859701156616
397,1191.5679,4.702012777328491
398,1191.5679,4.556457042694092
399,1191.5679,4.778550148010254
400,1191.5679,4.700467824935913
401,1191.5679,4.538838148117065
402,1191.5679,4.6976704597473145
403,1191.5679,4.592803955078125
404,1191.5679,4.7927703857421875
405,1191.5679,4.740921497344971
406,1191.5679,4.508112668991089
407,1191.5679,4.566675424575806
408,1191.5679,4.773503303527832
409,1191.5679,4.643497467041016
410,1191.5679,4.571943521499634
411,1191.5679,4.684387922286987
412,1191.5679,4.848835468292236
413,1191.5679,4.730883359909058
414,1191.5679,4.718883037567139
415,1191.5679,4.7089409828186035
416,1191.5679,4.5503339767456055
417,1191.5679,4.768324851989746
418,1191.5679,4.675331354141235
419,1191.5679,4.8492043018341064
420,1191.5679,4.641491651535034
421,1191.5679,4.668268203735352
422,1191.5679,5.017683744430542
423,1191.5679,4.636829614639282
424,1191.5679,4.5709710121154785
425,1191.5679,4.548962116241455
426,1191.5679,4.75210428237915
427,1191.5679,4.787021636962891
428,1191.5679,4.647265195846558
429,1191.5679,4.5608069896698
430,1191.5679,4.747960329055786
431,1191.5679,4.6940107345581055
432,1191.5679,4.662991762161255
433,1191.5679,4.587168216705322
434,1191.5679,4.774923086166382
435,1191.5679,4.664119482040405
436,1191.5679,4.748232364654541
437,1191.5679,4.5584211349487305
438,1191.5679,4.814867973327637
439,1191.5679,4.330783128738403
440,1191.5679,4.832804203033447
441,1191.5679,4.548681020736694
442,1191.5679,4.578066110610962
443,1191.5679,4.6046178340911865
444,1191.5679,4.475754499435425
445,1191.5679,4.727967739105225
446,1191.5679,4.70082950592041
447,1191.5679,4.64492654800415
448,1191.5679,4.862017631530762
449,1191.5679,4.619831085205078
450,1191.5679,4.670545339584351
451,1191.5679,4.830352067947388
452,1191.5679,4.67815899848938
453,1191.5679,4.584269762039185
454,1191.5679,4.780565500259399
455,1191.5679,4.437199115753174
456,1191.5679,4.726990461349487
457,1191.5679,4.7180633544921875
458,1191.5679,4.636998414993286
459,1191.5679,4.662134408950806
460,1191.5679,4.802382707595825
461,1191.5679,4.6191418170928955
462,1191.5679,4.643660306930542
463,1191.5679,4.705654144287109
464,1191.5679,4.501477956771851
465,1191.5679,4.60784649848938
466,1191.5679,4.7178168296813965
467,1191.5679,4.61246657371521
468,1191.5679,4.653828859329224
469,1191.5679,4.595036506652832
470,1191.5679,4.659623146057129
471,1191.5679,4.6447694301605225
472,1191.5679,4.698418140411377
473,1191.5679,4.76212477684021
474,1191.5679,4.6350977420806885
475,1191.5679,4.352863550186157
476,1191.5679,4.539751052856445
477,1191.5679,4.576408624649048
478,1191.5679,4.703389883041382
479,1191.5679,4.831878423690796
480,1191.5679,4.517249584197998
481,1191.5679,4.6789710521698
482,1191.5679,4.70236349105835
483,1191.5679,4.71618914604187
484,1191.5679,4.797277927398682
485,1191.5679,4.790400981903076
486,1191.5679,4.420604705810547
487,1191.5679,4.6115007400512695
488,1191.5679,4.711406707763672
489,1191.5679,4.67364764213562
490,1191.5679,4.861012935638428
491,1191.5679,4.60839056968689
492,1191.5679,4.80910849571228
493,1191.5679,4.679009199142456
494,1191.5679,4.765537261962891
495,1191.5679,4.742607831954956
496,1191.5679,4.66519570350647
497,1191.5679,4.654128313064575
498,1191.5679,4.811235189437866
499,1191.5679,4.857494592666626
500,1191.5679,4.795312881469727
501,1191.5679,4.705084800720215
502,1191.5679,4.8645570278167725
503,1191.5679,4.6908957958221436
504,1191.5679,4.62937593460083
505,1191.5679,4.640240669250488
506,1191.5679,4.63582181930542
507,1191.5679,4.552554368972778
508,1191.5679,4.532755374908447
509,1191.5679,4.641403913497925
510,1191.5679,4.575701951980591
511,1191.5679,4.792536973953247
512,1191.5679,4.810824871063232
513,1191.5679,4.720290899276733
514,1191.5679,4.522076606750488
515,1191.5679,4.757072448730469
516,1191.5679,4.802350044250488
517,1191.5679,4.7439258098602295
518,1191.5679,4.7320716381073
519,1191.5679,4.539593458175659
520,1191.5679,4.643317222595215
521,1191.5679,4.702967166900635
522,1191.5679,4.645325183868408
523,1191.5679,4.67305064201355
524,1191.5679,4.632098197937012
525,1191.5679,4.75466251373291
526,1191.5679,4.4137890338897705
527,1191.5679,4.586995601654053
528,1191.5679,4.6315696239471436
529,1191.5679,4.789482593536377
530,1191.5679,4.667369842529297
531,1191.5679,4.688453435897827
532,1191.5679,4.593681335449219
533,1191.5679,4.6860339641571045
534,1191.5679,4.639305830001831
535,1191.5679,4.623981237411499
536,1191.5679,4.610637664794922
537,1191.5679,4.7589216232299805
538,1191.5679,4.531834363937378
539,1191.5679,4.553285360336304
540,1191.5679,4.798258066177368
541,1191.5679,4.6789467334747314
542,1191.5679,4.6560585498809814
543,1191.5679,4.649392366409302
544,1191.5679,4.712831497192383
545,1191.5679,4.604523181915283
546,1191.5679,4.610533714294434
547,1191.5679,4.5860841274261475
548,1191.5679,4.701037406921387
549,1191.5679,4.804773330688477
550,1191.5679,4.670603513717651
551,1191.5679,4.873716354370117
552,1191.5679,4.633794546127319
553,1191.5679,4.745457410812378
554,1191.5679,4.602524995803833
555,1191.5679,4.789418458938599
556,1191.5679,4.603052854537964
557,1191.5679,4.633545398712158
558,1191.5679,4.675101280212402
559,1191.5679,4.44700026512146
560,1191.5679,4.490723133087158
561,1191.5679,4.744007110595703
562,1191.5679,4.6262733936309814
563,1191.5679,4.55825662612915
564,1191.5679,4.632609605789185
565,1191.5679,4.739829063415527
566,1191.5679,4.597841262817383
567,1191.5679,4.729482173919678
568,1191.5679,4.557234525680542
569,1191.5679,4.668181896209717
570,1191.5679,4.562517404556274
571,1191.5679,4.6748316287994385
572,1191.5679,4.478577613830566
573,1191.5679,4.684069633483887
574,1191.5679,4.4541096687316895
575,1191.5679,4.785165309906006
576,1191.5679,4.748923301696777
577,1191.5679,4.5723700523376465
578,1191.5679,4.720653057098389
579,1191.5679,4.598439455032349
580,1191.5679,4.60493278503418
581,1191.5679,4.503483295440674
582,1191.5679,4.656800270080566
583,1191.5679,4.804593086242676
584,1191.5679,4.767353534698486
585,1191.5679,4.789000988006592
586,1191.5679,4.505044460296631
587,1191.5679,4.868208408355713
588,1191.5679,4.679025888442993
589,1191.5679,4.539301156997681
590,1191.5679,4.565771102905273
591,1191.5679,4.716753244400024
592,1191.5679,4.678262710571289
593,1191.5679,4.754612445831299
594,1191.5679,4.655109167098999
595,1191.5679,4.635006666183472
596,1191.5679,4.557067155838013
597,1191.5679,4.673027753829956
598,1191.5679,4.694469690322876
599,1191.5679,4.725796937942505
600,1191.5679,4.701103210449219
601,1191.5679,4.585484981536865
602,1191.5679,4.8509955406188965
603,1191.5679,4.716270685195923
604,1191.5679,4.829147100448608
605,1191.5679,4.547531843185425
606,1191.6864,4.613378286361694
607,1191.6864,4.368431329727173
608,1191.6864,4.66286039352417
609,1191.6864,4.575930833816528
610,1191.6864,4.715389966964722
611,1191.6864,4.618942737579346
612,1191.6864,4.660619735717773
613,1191.6864,4.671494960784912
614,1191.6864,4.666860103607178
615,1191.6864,4.778958797454834
616,1191.6864,4.731879472732544
617,1191.6864,4.8511645793914795
618,1191.6864,4.588304281234741
619,1191.6864,4.528093576431274
620,1191.6864,4.662249565124512
621,1191.6864,4.7626025676727295
622,1191.6864,4.709866285324097
623,1191.6864,4.746878147125244
624,1191.6864,4.663079738616943
625,1191.6864,4.784832000732422
626,1191.6864,4.681875228881836
627,1191.6864,4.749996662139893
628,1191.6864,4.650959491729736
629,1191.6864,4.5296642780303955
630,1191.6864,4.488072395324707
631,1191.6864,4.745186805725098
632,1191.6864,4.859100103378296
633,1191.6864,4.644205331802368
634,1191.6864,4.5224854946136475
635,1191.6864,4.663394927978516
636,1191.6864,4.634488344192505
637,1191.6864,4.576938152313232
638,1191.6864,4.761291027069092
639,1191.6864,4.792605638504028
640,1191.6864,4.734644412994385
641,1191.6864,4.606475591659546
642,1191.6864,4.482517719268799
643,1191.6864,4.893817901611328
644,1191.6864,4.58867883682251
645,1191.6864,4.520447731018066
646,1191.6864,4.474013328552246
647,1191.6864,4.6297688484191895
648,1191.6864,4.5756659507751465
649,1191.6864,4.863258123397827
650,1191.6864,4.7847654819488525
651,1191.6864,4.413912057876587
652,1191.6864,4.780124187469482
653,1191.6864,4.617761611938477
654,1191.6864,4.622277736663818
655,1191.6864,4.763533353805542
656,1191.6864,4.82148551940918
657,1191.6864,4.75617790222168
658,1191.6864,4.614415645599365
659,1191.6864,4.586686611175537
660,1191.6864,4.547915697097778
661,1191.6864,4.517083168029785
662,1191.6864,4.730797290802002
663,1191.6864,4.622499227523804
664,1191.6864,4.459064245223999
665,1191.6864,4.714232683181763
666,1191.6864,4.76461124420166
667,1191.6864,4.696597099304199
668,1191.6864,4.802802324295044
669,1191.6864,4.58110499382019
670,1191.6864,4.549848794937134
671,1191.6864,4.7050559520721436
672,1191.6864,4.692868232727051
673,1191.6864,4.629418134689331
674,1191.6864,4.760063409805298
675,1191.6864,4.69282078742981
676,1191.6864,4.8409459590911865
677,1191.6864,4.801642417907715
678,1191.6864,4.71049427986145
679,1191.6864,4.498753547668457
680,1191.6864,4.823421239852905
681,1191.6864,4.6579859256744385
682,1191.6864,4.598412036895752
683,1191.6864,4.718706369400024
684,1191.6864,4.575177907943726
685,1191.6864,4.438937187194824
686,1191.6864,4.781930208206177
687,1191.6864,4.720968961715698
688,1191.6864,4.737616539001465
689,1191.6864,4.81008505821228
690,1191.6864,4.678954601287842
691,1191.6864,4.7652411460876465
692,1191.6864,4.780226945877075
693,1191.6864,4.820313453674316
694,1191.6864,4.778392791748047
695,1191.6864,4.635194778442383
696,1191.6864,4.640522241592407
697,1191.6864,4.787705183029175
698,1191.6864,4.778554916381836
699,1191.6864,4.709747552871704
700,1191.6864,4.646826982498169
701,1191.6864,4.761851072311401
702,1191.6864,4.597643136978149
703,1191.6864,4.692821979522705
704,1191.6864,4.633887052536011
705,1191.6864,4.937277793884277
706,1191.6864,4.811549425125122
707,1191.6864,4.542655944824219
708,1191.6864,4.671457767486572
709,1191.6864,4.798638820648193
710,1191.6864,4.504307270050049
711,1191.6864,4.652202606201172
712,1191.6864,4.725252151489258
713,1191.6864,4.7168357372283936
714,1191.6864,4.6207544803619385
715,1191.6864,4.650285243988037
716,1191.6864,4.6590492725372314
717,1191.6864,4.887573719024658
718,1192.9586,4.775299549102783
719,1192.9586,4.667117595672607
720,1192.9586,4.538708448410034
721,1192.9586,4.664825439453125
722,1192.9586,4.66228175163269
723,1192.9586,4.594515085220337
724,1192.9586,4.5817131996154785
725,1192.9586,4.673604249954224
726,1192.9586,4.6574366092681885
727,1192.9586,4.537935018539429
728,1192.9586,4.584097862243652
729,1192.9586,4.674659252166748
730,1192.9586,4.785181045532227
731,1192.9586,4.832838773727417
732,1192.9586,4.778841495513916
733,1192.9586,4.704644203186035
734,1192.9586,4.727386474609375
735,1192.9586,4.727185487747192
736,1192.9586,4.43625545501709
737,1192.9586,4.631215572357178
738,1192.9586,4.7827467918396
739,1192.9586,4.565504550933838
740,1192.9586,4.529717445373535
741,1192.9586,4.775606393814087
742,1192.9586,4.7459938526153564
743,1192.9586,4.665139675140381
744,1192.9586,4.70329475402832
745,1192.9586,4.420602083206177
746,1192.9586,4.778301954269409
747,1192.9586,4.5946900844573975
748,1192.9586,4.321359872817993
749,1192.9586,4.724059104919434
750,1192.9586,4.677454710006714
751,1192.9586,4.646559953689575
752,1192.9586,4.705495357513428
753,1192.9586,4.636523485183716
754,1192.9586,4.666583061218262
755,1192.9586,4.5573999881744385
756,1192.9586,4.398716688156128
757,1192.9586,4.801255464553833
758,1192.9586,4.801055908203125
759,1192.9586,4.6774468421936035
760,1192.9586,4.7265942096710205
761,1192.9586,4.715196847915649
762,1192.9586,4.572183132171631
763,1192.9586,4.757040500640869
764,1192.9586,4.555070400238037
765,1192.9586,4.672504186630249
766,1192.9586,4.719200849533081
767,1192.9586,4.907315492630005
768,1192.9586,4.74283242225647
769,1192.9586,4.7277514934539795
770,1192.9586,4.875769376754761
771,1192.9586,4.675134181976318
772,1192.9586,4.8941075801849365
773,1192.9586,4.856504201889038
774,1192.9586,4.763507127761841
775,1192.9586,4.760255813598633
776,1192.9586,4.775842666625977
777,1192.9586,4.5745203495025635
778,1192.9586,4.794902801513672
779,1192.9586,4.671056509017944
780,1192.9586,4.722169637680054
781,1192.9586,4.491107702255249
782,1192.9586,4.6960227489471436
783,1192.9586,4.697641134262085
784,1192.9586,4.803506135940552
785,1192.9586,4.551085710525513
786,1192.9586,4.714505672454834
787,1192.9586,4.477804183959961
788,1192.9586,4.559534788131714
789,1192.9586,4.5666046142578125
790,1192.9586,4.801609992980957
791,1192.9586,4.616125583648682
792,1192.9586,4.772939920425415
793,1192.9586,4.791490077972412
794,1192.9586,4.705232381820679
795,1192.9586,4.605920791625977
796,1192.9586,4.523135423660278
797,1192.9586,4.7129034996032715
798,1192.9586,4.86344575881958
799,1192.9586,4.703685760498047
800,1192.9586,4.589036703109741
801,1192.9586,4.746325969696045
802,1192.9586,4.5861876010894775
803,1192.9586,4.7958502769470215
804,1192.9586,4.858480930328369
805,1192.9586,4.816447496414185
806,1192.9586,4.869749546051025
807,1192.9586,4.5913801193237305
808,1192.9586,4.79924464225769
809,1192.9586,4.626317977905273
810,1192.9586,4.57577919960022
811,1192.9586,4.758270740509033
812,1192.9586,4.788299083709717
813,1192.9586,4.59128737449646
814,1192.9586,4.519095420837402
815,1192.9586,4.774533748626709
816,1192.9586,4.657605886459351
817,1192.9586,4.552802562713623
818,1192.9586,4.617891311645508
819,1192.9586,4.726914405822754
820,1192.9586,4.667661190032959
821,1192.9586,4.517840385437012
822,1192.9586,4.697146415710449
823,1192.9586,4.607699871063232
824,1192.9586,4.761258363723755
825,1192.9586,4.766720771789551
826,1192.9586,4.6605212688446045
827,1192.9586,4.728362798690796
828,1192.9586,4.789089918136597
829,1192.9586,4.720829963684082
830,1192.9586,4.801634788513184
831,1192.9586,4.754640817642212
832,1192.9586,4.443267583847046
833,1192.9586,4.319917917251587
834,1192.9586,4.791483640670776
835,1192.9586,4.815258264541626
836,1192.9586,4.596735715866089
837,1192.9586,4.817944765090942
838,1192.9586,4.578883409500122
839,1192.9586,4.7237653732299805
840,1192.9586,4.786087274551392
841,1192.9586,4.640382289886475
842,1192.9586,4.762614488601685
843,1192.9586,4.639679670333862
844,1192.9586,4.34677529335022
845,1192.9586,4.674358606338501
846,1192.9586,4.594429016113281
847,1192.9586,4.653678894042969
848,1192.9586,4.533632755279541
849,1192.9586,4.975199222564697
850,1192.9586,4.484233856201172
851,1192.9586,4.552932024002075
852,1192.9586,4.63071608543396
853,1192.9586,4.6142284870147705
854,1192.9586,4.636424779891968
855,1192.9586,4.657087326049805
856,1192.9586,4.470262050628662
857,1192.9586,4.535426139831543
858,1192.9586,4.57653284072876
859,1192.9586,4.9141154289245605
860,1192.9586,4.774529695510864
861,1192.9586,4.46940541267395
862,1192.9586,4.732857704162598
863,1192.9586,4.694853782653809
864,1192.9586,4.652717590332031
865,1192.9586,4.617988348007202
866,1192.9586,4.634697198867798
867,1192.9586,4.671379804611206
868,1192.9586,4.552915811538696
869,1192.9586,4.60627555847168
870,1192.9586,4.644702911376953
871,1192.9586,4.592398643493652
872,1192.9586,4.755743741989136
873,1192.9586,4.868374586105347
874,1192.9586,4.608952522277832
875,1192.9586,4.708961009979248
876,1192.9586,4.78196120262146
877,1192.9586,4.598600149154663
878,1192.9586,4.740824937820435
879,1192.9586,4.511436700820923
880,1192.9586,4.65548038482666
881,1192.9586,4.6450676918029785
882,1192.9586,4.801176071166992
883,1192.9586,4.762397289276123
884,1192.9586,4.501365423202515
885,1192.9586,4.768874645233154
886,1192.9586,4.722936153411865
887,1192.9586,4.70522403717041
888,1192.9586,4.795651912689209
889,1192.9586,4.855194330215454
890,1192.9586,4.6563720703125
891,1192.9586,4.704602956771851
892,1192.9586,4.542428493499756
893,1192.9586,4.617081642150879
894,1192.9586,4.723975658416748
895,1192.9586,4.600585222244263
896,1192.9586,4.662788391113281
897,1192.9586,4.7072060108184814
898,1192.9586,4.758688449859619
899,1192.9586,4.7596447467803955
900,1192.9586,4.610325813293457
901,1192.9586,4.6545257568359375
902,1192.9586,4.680202484130859
903,1192.9586,4.519855737686157
904,1192.9586,4.819146394729614
905,1192.9586,4.806296110153198
906,1192.9586,4.728659152984619
907,1192.9586,4.634573221206665
908,1192.9586,4.543093681335449
909,1192.9586,4.7938196659088135
910,1192.9586,4.654109239578247
911,1192.9586,4.417514324188232
912,1192.9586,4.761216163635254
913,1192.9586,4.852151870727539
914,1192.9586,4.7355077266693115
915,1192.9586,4.577746868133545
916,1192.9586,4.6583640575408936
917,1192.9586,4.571962118148804
918,1192.9586,4.8063507080078125
919,1192.9586,4.650790452957153
920,1192.9586,4.8219521045684814
921,1192.9586,4.6318395137786865
922,1192.9586,4.606597661972046
923,1192.9586,4.85788369178772
924,1192.9586,4.588205814361572
925,1192.9586,4.876371622085571
926,1192.9586,4.5772340297698975
927,1192.9586,4.570499897003174
928,1192.9586,4.513116121292114
929,1192.9586,4.630924701690674
930,1192.9586,4.517752408981323
931,1192.9586,4.4876110553741455
932,1192.9586,4.716029644012451
933,1192.9586,4.699660539627075
934,1192.9586,4.617130517959595
935,1192.9586,4.728497743606567
936,1192.9586,4.714545965194702
937,1192.9586,4.689814567565918
938,1192.9586,4.64370584487915
939,1192.9586,4.904170274734497
940,1192.9586,4.513370037078857
941,1192.9586,4.473217964172363
942,1192.9586,4.714040040969849
943,1192.9586,4.641882658004761
944,1192.9586,4.647459030151367
945,1192.9586,4.969153165817261
946,1192.9586,4.8562095165252686
947,1192.9586,4.529310703277588
948,1192.9586,4.607789754867554
949,1192.9586,4.7940497398376465
950,1192.9586,4.841647148132324
951,1192.9586,4.446388244628906
952,1192.9586,4.903548955917358
953,1192.9586,4.877496242523193
954,1192.9586,4.758694171905518
955,1192.9586,4.83979868888855
956,1192.9586,4.782274007797241
957,1192.9586,4.9075095653533936
958,1192.9586,4.603762149810791
959,1192.9586,4.744908809661865
960,1192.9586,4.66574501991272
961,1192.9586,4.553634166717529
962,1192.9586,4.9260852336883545
963,1192.9586,4.727350950241089
964,1192.9586,4.749917268753052
965,1192.9586,4.404087543487549
966,1192.9586,4.84149694442749
967,1192.9586,4.634730100631714
968,1192.9586,4.581871747970581
969,1192.9586,4.6741602420806885
970,1192.9586,4.68049168586731
971,1192.9586,4.526413679122925
972,1192.9586,4.582175016403198
973,1192.9586,4.613776683807373
974,1192.9586,4.555604457855225
975,1192.9586,4.748695135116577
976,1192.9586,4.684280157089233
977,1192.9586,4.66566014289856
978,1192.9586,4.751395225524902
979,1192.9586,4.503595590591431
980,1192.9586,4.532162427902222
981,1192.9586,4.710253000259399
982,1192.9586,4.7520129680633545
983,1192.9586,4.4704272747039795
984,1192.9586,4.76223611831665
985,1192.9586,4.59357213973999
986,1192.9586,4.524325370788574
987,1192.9586,4.7637107372283936
988,1192.9586,4.398181438446045
989,1192.9586,4.669135093688965
990,1192.9586,4.5814173221588135
991,1192.9586,4.628768444061279
992,1192.9586,4.6738433837890625
993,1192.9586,4.668800354003906
994,1192.9586,4.727599143981934
995,1192.9586,4.8197784423828125
996,1192.9586,4.736663579940796
997,1192.9586,4.697168350219727
998,1192.9586,4.552622318267822
999,1192.9586,4.507204055786133
1000,1192.9586,4.625459909439087
1001,1192.9586,4.427148103713989
1002,1192.9586,4.800317049026489
1003,1192.9586,4.598191976547241
1004,1192.9586,4.610649585723877
1005,1192.9586,4.672874927520752
1006,1192.9586,4.654752969741821
1007,1192.9586,4.835563898086548
1008,1192.9586,4.704352855682373
1009,1192.9586,4.720384359359741
1010,1192.9586,4.5350501537323
1011,1192.9586,4.8519580364227295
1012,1192.9586,4.751283884048462
1013,1192.9586,4.650404214859009
1014,1192.9586,4.697075128555298
1015,1192.9586,4.770872116088867
1016,1192.9586,4.752560377120972
1017,1192.9586,4.785237073898315
1018,1192.9586,4.706406116485596
1019,1192.9586,4.713205337524414
1020,1192.9586,4.685609579086304
1021,1192.9586,4.7561962604522705
1022,1192.9586,4.702965974807739
1023,1192.9586,4.721426248550415
1024,1192.9586,4.564021348953247
1025,1192.9586,4.669504642486572
1026,1192.9586,4.630786180496216
1027,1192.9586,4.861924409866333
1028,1192.9586,4.618322134017944
1029,1192.9586,4.6746087074279785
1030,1192.9586,4.61198616027832
1031,1192.9586,4.5608885288238525
1032,1192.9586,4.414299726486206
1033,1192.9586,4.627955913543701
1034,1192.9586,4.738332509994507
1035,1192.9586,4.418246269226074
1036,1192.9586,4.70986008644104
1037,1192.9586,4.683616876602173
1038,1192.9586,4.891153812408447
1039,1192.9586,4.608611583709717
1040,1192.9586,4.671822547912598
1041,1192.9586,4.4778478145599365
1042,1192.9586,4.77072811126709
1043,1192.9586,4.7694251537323
1044,1192.9586,4.520204782485962
1045,1192.9586,4.754742622375488
1046,1192.9586,4.690913915634155
1047,1192.9586,4.768856763839722
1048,1192.9586,4.7626378536224365
1049,1192.9586,4.587490558624268
1050,1192.9586,4.486801624298096
1051,1192.9586,4.579160928726196
1052,1192.9586,4.587151288986206
1053,1192.9586,4.62975287437439
1054,1192.9586,4.493261814117432
1055,1192.9586,4.715038061141968
1056,1192.9586,4.679147243499756
1057,1192.9586,4.794074058532715
1058,1192.9586,4.446186780929565
1059,1192.9586,4.730397701263428
1060,1192.9586,4.524611473083496
1061,1192.9586,4.658176898956299
1062,1192.9586,4.708035707473755
1063,1192.9586,4.93081521987915
1064,1192.9586,4.745479106903076
1065,1192.9586,4.645958423614502
1066,1192.9586,4.591115713119507
1067,1192.9586,4.829415321350098
1068,1192.9586,4.635849237442017
1069,1192.9586,4.711633682250977
1070,1192.9586,4.509865760803223
1071,1192.9586,4.730859041213989
1072,1192.9586,4.760941743850708
1073,1192.9586,4.5771644115448
1074,1192.9586,4.793401718139648
1075,1192.9586,4.417286396026611
1076,1192.9586,4.624226808547974
1077,1192.9586,4.782048940658569
1078,1192.9586,4.761642694473267
1079,1192.9586,4.6871607303619385
1080,1192.9586,4.79834771156311
1081,1192.9586,4.610235691070557
1082,1192.9586,4.594672679901123
1083,1192.9586,4.778380870819092
1084,1192.9586,4.618821382522583
1085,1192.9586,4.703452110290527
1086,1192.9586,4.838819742202759
1087,1192.9586,4.701538324356079
1088,1192.9586,4.8720703125
1089,1192.9586,4.518571376800537
1090,1192.9586,4.694603204727173
1091,1192.9586,4.637752532958984
1092,1192.9586,4.697126150131226
1093,1192.9586,4.659306764602661
1094,1192.9586,4.635123252868652
1095,1192.9586,4.696560859680176
1096,1192.9586,4.7451653480529785
1097,1192.9586,4.653870582580566
1098,1192.9586,4.636361122131348
1099,1192.9586,4.412160158157349
1100,1192.9586,4.736562728881836
1101,1192.9586,4.699262619018555
1102,1192.9586,4.57286810874939
1103,1192.9586,4.811429977416992
1104,1192.9586,4.75553560256958
1105,1192.9586,4.618140697479248
1106,1192.9586,4.660180330276489
1107,1192.9586,4.731549978256226
1108,1192.9586,4.854192733764648
1109,1192.9586,4.728268146514893
1110,1192.9586,4.580833911895752
1111,1192.9586,4.655040979385376
1112,1192.9586,4.565533399581909
1113,1192.9586,4.628330707550049
1114,1192.9586,4.8143134117126465
1115,1192.9586,4.83283543586731
1116,1192.9586,4.521388053894043
1117,1192.9586,4.65108060836792
1118,1192.9586,4.683968544006348
1119,1192.9586,4.841608285903931
1120,1192.9586,4.792390584945679
1121,1192.9586,4.667357444763184
1122,1192.9586,4.635641574859619
1123,1192.9586,4.605973243713379
1124,1192.9586,4.726592540740967
1125,1192.9586,4.791501522064209
1126,1192.9586,4.545152187347412
1127,1192.9586,4.687878370285034
1128,1192.9586,4.487292051315308
1129,1192.9586,4.407413005828857
1130,1192.9586,4.651540279388428
1131,1192.9586,4.666948080062866
1132,1192.9586,4.686439275741577
1133,1192.9586,4.723388671875
1134,1192.9586,4.640756130218506
1135,1192.9586,4.755492210388184
1136,1192.9586,4.733144521713257
1137,1192.9586,4.640605688095093
1138,1192.9586,4.791285037994385
1139,1192.9586,4.671304702758789
1140,1192.9586,4.613469362258911
1141,1192.9586,4.68160605430603
1142,1192.9586,4.55939793586731
1143,1192.9586,4.8432910442352295
1144,1192.9586,4.749134063720703
1145,1192.9586,4.758898019790649
1146,1192.9586,4.639396905899048
1147,1192.9586,4.863724946975708
1148,1192.9586,4.522799253463745
1149,1192.9586,4.662580966949463
1150,1192.9586,4.562851667404175
1151,1192.9586,4.673220634460449
1152,1192.9586,4.731520175933838
1153,1192.9586,4.676923513412476
1154,1192.9586,4.67091178894043
1155,1192.9586,4.861791372299194
1156,1192.9586,4.63759708404541
1157,1192.9586,4.691879034042358
1158,1192.9586,4.747797250747681
1159,1192.9586,4.763164520263672
1160,1192.9586,4.691441297531128
1161,1192.9586,4.672070264816284
1162,1192.9586,4.703097105026245
1163,1192.9586,4.64122462272644
1164,1192.9586,4.655849456787109
1165,1192.9586,4.647704362869263
1166,1192.9586,4.772758483886719
1167,1192.9586,4.917323112487793
1168,1192.9586,4.514663219451904
1169,1192.9586,4.703958749771118
1170,1192.9586,4.611794471740723
1171,1192.9586,4.736014127731323
1172,1192.9586,4.565294504165649
1173,1192.9586,4.684354066848755
1174,1192.9586,4.637437582015991
1175,1192.9586,4.5374743938446045
1176,1192.9586,4.862419605255127
1177,1192.9586,4.818838357925415
1178,1192.9586,4.827327013015747
1179,1192.9586,4.784887313842773
1180,1192.9586,4.853271007537842
1181,1192.9586,4.6422271728515625
1182,1192.9586,4.709034442901611
1183,1192.9586,4.747972011566162
1184,1192.9586,4.594931125640869
1185,1192.9586,4.718745470046997
1186,1192.9586,4.65205192565918
1187,1192.9586,4.753596305847168
1188,1192.9586,4.698949813842773
1189,1192.9586,4.753034830093384
1190,1192.9586,4.457227945327759
1191,1192.9586,4.739477634429932
1192,1192.9586,4.65312385559082
1193,1192.9586,4.826563119888306
1194,1192.9586,4.633154630661011
1195,1192.9586,4.8716349601745605
1196,1192.9586,4.616091966629028
1197,1192.9586,4.625766038894653
1198,1192.9586,4.621267318725586
1199,1192.9586,4.633528232574463
1200,1192.9586,4.652857303619385
1201,1192.9586,4.625686407089233
1202,1192.9586,4.730611801147461
1203,1192.9586,4.787943601608276
1204,1192.9586,4.804096221923828
1205,1192.9586,4.759791135787964
1206,1192.9586,4.6771697998046875
1207,1192.9586,4.814873933792114
1208,1192.9586,4.725445747375488
1209,1192.9586,4.805340051651001
1210,1192.9586,4.5922863483428955
1211,1192.9586,4.62821888923645
1212,1192.9586,4.68635106086731
1213,1192.9586,4.647639274597168
1214,1192.9586,4.742636680603027
1215,1192.9586,4.4465391635894775
1216,1192.9586,4.839945554733276
1217,1192.9586,4.634645700454712
1218,1192.9586,4.558988332748413
1219,1192.9586,4.632362604141235
1220,1192.9586,4.741880416870117
1221,1192.9586,4.64772367477417
1222,1192.9586,4.798126220703125
1223,1192.9586,4.6539976596832275
1224,1192.9586,4.633657217025757
1225,1192.9586,4.75772762298584
1226,1192.9586,4.581357002258301
1227,1192.9586,4.493436098098755
1228,1192.9586,4.725767135620117
1229,1192.9586,4.818314552307129
1230,1192.9586,4.888012886047363
1231,1192.9586,4.51928448677063
1232,1192.9586,4.7257256507873535
1233,1192.9586,4.757678747177124
1234,1192.9586,4.747348785400391
1235,1192.9586,4.6756696701049805
1236,1192.9586,4.612530708312988
1237,1192.9586,4.745123624801636
1238,1192.9586,4.791734933853149
1239,1192.9586,4.801934242248535
1240,1192.9586,4.738853931427002
1241,1192.9586,4.551799535751343
1242,1192.9586,4.810357570648193
1243,1192.9586,4.673799514770508
1244,1192.9586,4.703648567199707
1245,1192.9586,4.776790618896484
1246,1192.9586,4.64618444442749
1247,1192.9586,4.617440223693848
1248,1192.9586,4.668914556503296
1249,1192.9586,4.730753421783447
1250,1192.9586,4.687074899673462
1251,1192.9586,4.877400636672974
1252,1192.9586,4.772905588150024
1253,1192.9586,4.728067398071289
1254,1192.9586,4.938788414001465
1255,1192.9586,4.755600452423096
1256,1192.9586,4.610405921936035
1257,1192.9586,4.644715785980225
1258,1192.9586,4.394563674926758
1259,1192.9586,4.529249429702759
1260,1192.9586,4.862818956375122
1261,1192.9586,4.658733367919922
1262,1192.9586,4.613326787948608
1263,1192.9586,4.427600860595703
1264,1192.9586,4.5503644943237305
1265,1192.9586,4.835715293884277
1266,1192.9586,4.444332599639893
1267,1192.9586,4.684605121612549
1268,1192.9586,4.45408034324646
1269,1192.9586,4.827006816864014
1270,1192.9586,4.781960964202881
1271,1192.9586,4.617212533950806
1272,1192.9586,4.60862135887146
1273,1192.9586,4.766113042831421
1274,1192.9586,4.8275628089904785
1275,1192.9586,4.753152370452881
1276,1192.9586,4.721094369888306
1277,1192.9586,4.5101542472839355
1278,1192.9586,4.593353033065796
1279,1192.9586,4.704594612121582
1280,1192.9586,4.610605716705322
1281,1192.9586,4.784513473510742
1282,1192.9586,4.65081262588501
1283,1192.9586,4.472604274749756
1284,1192.9586,4.535675525665283
1285,1192.9586,4.463412761688232
1286,1192.9586,4.6570117473602295
1287,1192.9586,4.7315354347229
1288,1192.9586,4.648609161376953
1289,1192.9586,4.772742748260498
1290,1192.9586,4.742039918899536
1291,1192.9586,4.752296209335327
1292,1192.9586,4.708777189254761
1293,1192.9586,4.701987028121948
1294,1192.9586,4.602693557739258
1295,1192.9586,4.6366002559661865
1296,1192.9586,4.840484142303467
1297,1192.9586,4.539184331893921
1298,1192.9586,4.362393379211426
1299,1192.9586,4.693380832672119
1300,1192.9586,4.592534065246582
1301,1192.9586,4.679542303085327
1302,1192.9586,4.876535654067993
1303,1192.9586,4.660303831100464
1304,1192.9586,4.446481943130493
1305,1192.9586,4.555414915084839
1306,1192.9586,4.741298198699951
1307,1192.9586,4.525347709655762
1308,1192.9586,4.76373291015625
1309,1192.9586,4.698977947235107
1310,1192.9586,4.5581231117248535
1311,1192.9586,4.725958347320557
1312,1192.9586,4.651026248931885
1313,1192.9586,4.649216651916504
1314,1192.9586,4.83331298828125
1315,1192.9586,4.552029609680176
1316,1192.9586,4.794719457626343
1317,1192.9586,4.617610454559326
1318,1192.9586,4.7307960987091064
1319,1192.9586,4.782485008239746
1320,1192.9586,4.608904123306274
1321,1192.9586,4.563213586807251
1322,1192.9586,4.682527303695679
1323,1192.9586,4.636032819747925
1324,1192.9586,4.591355800628662
1325,1192.9586,4.776374578475952
1326,1192.9586,4.611784219741821
1327,1192.9586,4.6064887046813965
1328,1192.9586,4.619469881057739
1329,1192.9586,4.8428614139556885
1330,1192.9586,4.676334619522095
1331,1192.9586,4.744863510131836
1332,1192.9586,4.5597193241119385
1333,1192.9586,4.742315053939819
1334,1192.9586,4.499706983566284
1335,1192.9586,4.657598257064819
1336,1192.9586,4.540623426437378
1337,1192.9586,4.5497894287109375
1338,1192.9586,4.665088176727295
1339,1192.9586,4.783035516738892
1340,1192.9586,4.733770847320557
1341,1192.9586,4.739449501037598
1342,1192.9586,4.708233833312988
1343,1192.9586,4.6954615116119385
1344,1192.9586,5.008865594863892
1345,1192.9586,4.609290599822998
1346,1192.9586,4.6740007400512695
1347,1192.9586,4.848574161529541
1348,1192.9586,4.7272789478302
1349,1192.9586,4.57304048538208
1350,1192.9586,4.665708780288696
1351,1192.9586,4.735300302505493
1352,1192.9586,4.82159161567688
1353,1192.9586,4.693848371505737
1354,1192.9586,4.687830686569214
1355,1192.9586,4.326524019241333
1356,1192.9586,4.850659370422363
1357,1192.9586,4.829076051712036
1358,1192.9586,4.719680309295654
1359,1192.9586,4.741234540939331
1360,1192.9586,4.685568332672119
1361,1192.9586,4.720871686935425
1362,1192.9586,4.5683934688568115
1363,1192.9586,4.6754539012908936
1364,1192.9586,4.613259792327881
1365,1192.9586,4.661255359649658
1366,1192.9586,4.7738401889801025
1367,1192.9586,4.564894437789917
1368,1192.9586,4.771005153656006
1369,1192.9586,4.798903942108154
1370,1192.9586,4.822129249572754
1371,1192.9586,4.584583759307861
1372,1192.9586,4.674078464508057
1373,1192.9586,4.568682670593262
1374,1192.9586,4.80457615852356
1375,1192.9586,4.653717756271362
1376,1192.9586,4.6720871925354
1377,1192.9586,4.702585220336914
1378,1192.9586,4.634348392486572
1379,1192.9586,4.661420822143555
1380,1192.9586,4.809626817703247
1381,1192.9586,4.636603116989136
1382,1192.9586,4.711806535720825
1383,1192.9586,4.568549156188965
1384,1192.9586,4.80694055557251
1385,1192.9586,4.547028064727783
1386,1192.9586,4.702901840209961
1387,1192.9586,4.607407093048096
1388,1192.9586,4.530582666397095
1389,1192.9586,4.83502721786499
1390,1192.9586,4.812015771865845
1391,1192.9586,4.643508434295654
1392,1192.9586,4.751964807510376
1393,1192.9586,4.823774814605713
1394,1192.9586,4.553130149841309
1395,1192.9586,4.695915222167969
1396,1192.9586,4.675317764282227
1397,1192.9586,4.435961723327637
1398,1192.9586,4.686800718307495
1399,1192.9586,4.80440616607666
1400,1192.9586,4.734407663345337
1401,1192.9586,4.884639263153076
1402,1192.9586,4.785738945007324
1403,1192.9586,4.700063705444336
1404,1192.9586,4.5690672397613525
1405,1192.9586,4.7191832065582275
1406,1192.9586,4.629311561584473
1407,1192.9586,4.680957078933716
1408,1192.9586,4.585853338241577
1409,1192.9586,4.570579528808594
1410,1192.9586,4.657263994216919
1411,1192.9586,4.414810657501221
1412,1192.9586,4.6480536460876465
1413,1192.9586,4.780334711074829
1414,1192.9586,4.458984851837158
1415,1192.9586,4.565629959106445
1416,1192.9586,4.779544830322266
1417,1192.9586,4.737095355987549
1418,1192.9586,4.543292760848999
1419,1192.9586,4.652609348297119
1420,1192.9586,4.604212284088135
1421,1192.9586,4.513112545013428
1422,1192.9586,4.7492356300354
1423,1192.9586,4.690601348876953
1424,1192.9586,4.568994522094727
1425,1192.9586,4.574977874755859
1426,1192.9586,4.683484077453613
1427,1192.9586,4.746645450592041
1428,1192.9586,4.660969257354736
1429,1192.9586,4.662602663040161
1430,1192.9586,4.568730115890503
1431,1192.9586,4.417663335800171
1432,1192.9586,4.804049491882324
1433,1192.9586,4.6601808071136475
1434,1192.9586,4.757811784744263
1435,1192.9586,4.779436111450195
1436,1192.9586,4.768064022064209
1437,1192.9586,4.745856285095215
1438,1192.9586,4.68965220451355
1439,1192.9586,4.58171272277832
1440,1192.9586,4.510191917419434
1441,1192.9586,4.648367166519165
1442,1192.9586,4.663710355758667
1443,1192.9586,4.77699613571167
1444,1192.9586,4.4283366203308105
1445,1192.9586,4.732632875442505
1446,1192.9586,4.465488910675049
1447,1192.9586,4.655528545379639
1448,1192.9586,4.533323526382446
1449,1192.9586,4.730904817581177
1450,1192.9586,4.553981065750122
1451,1192.9586,4.538682699203491
1452,1192.9586,4.8643882274627686
1453,1192.9586,4.760090112686157
1454,1192.9586,4.779391050338745
1455,1192.9586,4.808667182922363
1456,1192.9586,4.735840559005737
1457,1192.9586,4.6064252853393555
1458,1192.9586,4.7889087200164795
1459,1192.9586,4.82874870300293
1460,1192.9586,4.781667470932007
1461,1192.9586,4.723766565322876
1462,1192.9586,4.565181732177734
1463,1192.9586,4.709286451339722
1464,1192.9586,4.69179368019104
1465,1192.9586,4.729017734527588
1466,1192.9586,4.686717987060547
1467,1192.9586,4.475924968719482
1468,1192.9586,4.657448768615723
1469,1192.9586,4.715444803237915
1470,1192.9586,4.679970026016235
1471,1192.9586,4.7259111404418945
1472,1192.9586,4.508606672286987
1473,1192.9586,4.847447156906128
1474,1192.9586,4.77892279624939
1475,1192.9586,4.561241626739502
1476,1192.9586,4.628822088241577
1477,1192.9586,4.676949739456177
1478,1192.9586,4.752998113632202
1479,1192.9586,4.780659914016724
1480,1192.9586,4.579871892929077
1481,1192.9586,4.733651161193848
1482,1192.9586,4.7202441692352295
1483,1192.9586,4.607342004776001
1484,1192.9586,4.698364019393921
1485,1192.9586,4.65743350982666
1486,1192.9586,4.748154878616333
1487,1192.9586,4.519101142883301
1488,1192.9586,4.64202094078064
1489,1192.9586,4.739656686782837
1490,1192.9586,4.607682228088379
1491,1192.9586,4.660962343215942
1492,1192.9586,4.629271507263184
1493,1192.9586,4.445272922515869
1494,1192.9586,4.791119813919067
1495,1192.9586,4.422167062759399
1496,1192.9586,4.402956485748291
1497,1192.9586,4.462412595748901
1498,1192.9586,4.794849634170532
1499,1192.9586,4.533136367797852
1500,1192.9586,4.789762020111084
1501,1192.9586,4.831510543823242
1502,1192.9586,4.663776636123657
1503,1192.9586,4.4263715744018555
1504,1192.9586,4.601637363433838
1505,1192.9586,4.303719997406006
1506,1192.9586,4.679201602935791
1507,1192.9586,4.6191723346710205
1508,1192.9586,4.804400682449341
1509,1192.9586,4.621777057647705
1510,1192.9586,4.720910310745239
1511,1192.9586,4.659274578094482
1512,1192.9586,4.826600551605225
1513,1192.9586,4.559975624084473
1514,1192.9586,4.550361394882202
1515,1192.9586,4.550065994262695
1516,1192.9586,4.574908494949341
1517,1192.9586,4.637995719909668
1518,1192.9586,4.638648748397827
1519,1192.9586,4.806050539016724
1520,1192.9586,4.708982944488525
1521,1192.9586,4.521210193634033
1522,1192.9586,4.728411436080933
1523,1192.9586,4.767705202102661
1524,1192.9586,4.660722494125366
1525,1192.9586,4.82929801940918
1526,1192.9586,4.771174669265747
1527,1192.9586,4.834214925765991
1528,1192.9586,4.804070949554443
1529,1192.9586,4.781463384628296
1530,1192.9586,4.7103271484375
1531,1192.9586,4.779713869094849
1532,1192.9586,4.586801767349243
1533,1192.9586,4.694305658340454
1534,1192.9586,4.905277252197266
1535,1192.9586,4.7646708488464355
1536,1192.9586,4.706715106964111
1537,1192.9586,4.612329959869385
1538,1192.9586,4.5702149868011475
1539,1192.9586,4.596185922622681
1540,1192.9586,4.589215993881226
1541,1192.9586,4.6752190589904785
1542,1192.9586,4.709529161453247
1543,1192.9586,4.879485368728638
1544,1192.9586,4.695437431335449
1545,1192.9586,4.514826774597168
1546,1192.9586,4.705799579620361
1547,1192.9586,4.77616024017334
1548,1192.9586,4.901726007461548
1549,1192.9586,4.494605779647827
1550,1192.9586,4.604424238204956
1551,1192.9586,4.678966999053955
1552,1192.9586,4.70488166809082
1553,1192.9586,4.485748052597046
1554,1192.9586,4.755300283432007
1555,1192.9586,4.720736265182495
1556,1192.9586,4.659427165985107
1557,1192.9586,4.665761947631836
1558,1192.9586,4.66242241859436
1559,1192.9586,4.6672117710113525
1560,1192.9586,4.760505437850952
1561,1192.9586,4.668428659439087
1562,1192.9586,4.5892627239227295
1563,1192.9586,4.846413612365723
1564,1192.9586,4.663978576660156
1565,1192.9586,4.754531383514404
1566,1192.9586,4.382913112640381
1567,1192.9586,4.833163022994995
1568,1192.9586,4.709522724151611
1569,1192.9586,4.689284801483154
1570,1192.9586,4.581545114517212
1571,1192.9586,4.463102579116821
1572,1192.9586,4.749788284301758
1573,1192.9586,4.649754285812378
1574,1192.9586,4.714332580566406
1575,1192.9586,4.712944507598877
1576,1192.9586,4.563718795776367
1577,1192.9586,4.6105828285217285
1578,1192.9586,4.578319311141968
1579,1192.9586,4.6517558097839355
1580,1192.9586,4.425791025161743
1581,1192.9586,4.716951370239258
1582,1192.9586,4.734410285949707
1583,1192.9586,4.71826434135437
1584,1192.9586,4.806556463241577
1585,1192.9586,4.676877498626709
1586,1192.9586,4.742673873901367
1587,1192.9586,4.735419988632202
1588,1192.9586,4.64371132850647
1589,1192.9586,4.778826475143433
1590,1192.9586,4.550109148025513
1591,1192.9586,4.720004558563232
1592,1192.9586,4.612276792526245
1593,1192.9586,4.615972518920898
1594,1192.9586,4.696773052215576
1595,1192.9586,4.607604503631592
1596,1192.9586,4.7300567626953125
1597,1192.9586,4.7934792041778564
1598,1192.9586,4.615094184875488
1599,1192.9586,4.719174146652222
1600,1192.9586,4.777307987213135
1601,1192.9586,4.923322677612305
1602,1192.9586,4.406871557235718
1603,1192.9586,4.540370464324951
1604,1192.9586,4.551151514053345
1605,1192.9586,4.482104539871216
1606,1192.9586,4.729557514190674
1607,1192.9586,4.824916362762451
1608,1192.9586,4.658210039138794
1609,1192.9586,4.804170608520508
1610,1192.9586,4.568229913711548
1611,1192.9586,4.751780033111572
1612,1192.9586,4.712173223495483
1613,1192.9586,4.669575452804565
1614,1192.9586,4.534165143966675
1615,1192.9586,4.627765655517578
1616,1192.9586,4.55556321144104
1617,1192.9586,4.6985695362091064
1618,1192.9586,4.608804941177368
1619,1192.9586,4.579920530319214
1620,1192.9586,4.6959686279296875
1621,1192.9586,4.782314300537109
1622,1192.9586,4.812654495239258
1623,1192.9586,4.777305364608765
1624,1192.9586,4.717363595962524
1625,1192.9586,4.786121368408203
1626,1192.9586,4.697423219680786
1627,1192.9586,4.56523871421814
1628,1192.9586,4.639640808105469
1629,1192.9586,4.617468595504761
1630,1192.9586,4.717020750045776
1631,1192.9586,4.640141487121582
1632,1192.9586,4.802581071853638
1633,1192.9586,4.5939247608184814
1634,1192.9586,4.569915294647217
1635,1192.9586,4.759997844696045
1636,1192.9586,4.6801557540893555
1637,1192.9586,4.758342742919922
1638,1192.9586,4.637563467025757
1639,1192.9586,4.780415058135986
1640,1192.9586,4.581855773925781
1641,1192.9586,4.66260027885437
1642,1192.9586,4.748980522155762
1643,1192.9586,4.577149868011475
1644,1192.9586,4.6487603187561035
1645,1192.9586,4.711658477783203
1646,1192.9586,4.880464315414429
1647,1192.9586,4.739759683609009
1648,1192.9586,4.88862943649292
1649,1192.9586,4.848519563674927
1650,1192.9586,4.610882520675659
1651,1192.9586,4.757207155227661
1652,1192.9586,4.760903835296631
1653,1192.9586,4.450092315673828
1654,1192.9586,4.708473205566406
1655,1192.9586,4.55816125869751
1656,1192.9586,4.472047567367554
1657,1192.9586,4.765315771102905
1658,1192.9586,4.775864839553833
1659,1192.9586,4.884695529937744
1660,1192.9586,4.785432577133179
1661,1192.9586,4.758225440979004
1662,1192.9586,4.679074048995972
1663,1194.281,4.529740571975708
1664,1194.281,4.709471940994263
1665,1194.281,4.754666090011597
1666,1194.281,4.558374881744385
1667,1194.281,4.810719966888428
1668,1194.281,4.652767181396484
1669,1194.281,4.59870171546936
1670,1194.281,4.6645238399505615
1671,1194.281,4.637094020843506
1672,1194.281,4.560170888900757
1673,1194.281,4.538007736206055
1674,1194.281,4.917067289352417
1675,1194.281,4.818572998046875
1676,1194.281,4.740537405014038
1677,1194.281,4.566944122314453
1678,1194.281,4.733473062515259
1679,1194.281,4.708997488021851
1680,1194.281,4.633303642272949
1681,1194.281,4.650628328323364
1682,1194.281,4.697813034057617
1683,1194.281,4.8129143714904785
1684,1194.281,4.73894476890564
1685,1194.281,4.414901494979858
1686,1194.281,4.470427513122559
1687,1194.281,4.5238354206085205
1688,1194.281,4.694294452667236
1689,1194.281,4.5877885818481445
1690,1194.281,4.503731727600098
1691,1194.281,4.820971965789795
1692,1194.281,4.6052539348602295
1693,1194.281,4.871611595153809
1694,1194.281,4.585046291351318
1695,1194.281,4.865589141845703
1696,1194.281,4.711341142654419
1697,1194.281,4.545095205307007
1698,1194.281,4.8072052001953125
1699,1194.281,4.595080375671387
1700,1194.281,4.56256365776062
1701,1194.281,4.593278169631958
1702,1194.281,4.624390602111816
1703,1194.281,4.6755712032318115
1704,1194.281,4.724049806594849
1705,1194.281,4.7771971225738525
1706,1194.281,4.550878047943115
1707,1194.281,4.615293979644775
1708,1194.281,4.6193132400512695
1709,1194.281,4.6929919719696045
1710,1194.281,4.665943384170532
1711,1194.281,4.594032526016235
1712,1194.281,4.556902885437012
1713,1194.281,4.850883960723877
1714,1194.281,4.8059186935424805
1715,1194.281,4.700337171554565
1716,1194.281,4.7865965366363525
1717,1194.281,4.642421007156372
1718,1194.281,4.640463829040527
1719,1194.281,4.692887306213379
1720,1194.281,4.588610649108887
1721,1194.281,4.756777048110962
1722,1194.281,4.7806947231292725
1723,1194.281,4.676635265350342
1724,1194.281,4.842915296554565
1725,1194.281,4.8532609939575195
1726,1194.281,4.6575000286102295
1727,1194.281,4.782458305358887
1728,1194.281,4.776323318481445
1729,1194.281,4.82483983039856
1730,1194.281,4.588189125061035
1731,1194.281,4.57021951675415
1732,1194.281,4.72607684135437
1733,1194.281,4.579366445541382
1734,1194.281,4.558115243911743
1735,1194.281,4.866193056106567
1736,1194.281,4.700009346008301
1737,1194.281,4.7099573612213135
1738,1194.281,4.711576461791992
1739,1194.281,4.573728799819946
1740,1194.281,4.737560510635376
1741,1194.281,4.530435562133789
1742,1194.281,4.704111099243164
1743,1194.281,4.676587343215942
1744,1194.281,4.763062477111816
1745,1194.281,4.6833131313323975
1746,1194.281,4.763611316680908
1747,1194.281,4.709817886352539
1748,1194.281,4.700906753540039
1749,1194.281,4.714929819107056
1750,1194.281,4.453687429428101
1751,1194.281,4.563261270523071
1752,1194.281,4.51760196685791
1753,1194.281,4.596358060836792
1754,1194.281,4.668823957443237
1755,1194.281,4.509422302246094
1756,1194.281,4.766214609146118
1757,1194.281,4.687832355499268
1758,1194.281,4.928985118865967
1759,1194.281,4.715955018997192
1760,1194.281,4.763727426528931
1761,1194.281,4.709810733795166
1762,1194.281,4.882998704910278
1763,1194.281,4.648512840270996
1764,1194.281,4.557240962982178
1765,1194.281,4.676562070846558
1766,1194.281,4.674821138381958
1767,1194.281,4.557779788970947
1768,1194.281,4.655927658081055
1769,1194.281,4.620168924331665
1770,1194.281,4.643629789352417
1771,1194.281,4.592799186706543
1772,1194.281,4.722127437591553
1773,1194.281,4.859301805496216
1774,1194.281,4.376480340957642
1775,1194.281,4.66031813621521
1776,1194.281,4.524714231491089
1777,1194.281,4.58450174331665
1778,1194.281,4.6689910888671875
1779,1194.281,4.681823968887329
1780,1194.281,4.705756902694702
1781,1194.281,4.7047412395477295
1782,1194.281,4.593530893325806
1783,1194.281,4.6230244636535645
1784,1194.281,4.801427364349365
1785,1194.281,4.733030080795288
1786,1194.281,4.895159482955933
1787,1194.281,4.770196437835693
1788,1194.281,4.554112672805786
1789,1194.281,4.79932427406311
1790,1194.281,4.7490553855896
1791,1194.281,4.844138145446777
1792,1194.281,4.6746580600738525
1793,1194.281,4.635595321655273
1794,1194.281,4.555872917175293
1795,1194.281,4.805065631866455
1796,1194.281,4.5505211353302
1797,1194.281,4.466217756271362
1798,1194.281,4.7018187046051025
1799,1194.281,4.598933458328247
1800,1194.281,4.755949974060059
1801,1194.281,4.659857273101807
1802,1194.281,4.80108904838562
1803,1194.281,4.774825572967529
1804,1194.281,4.769230127334595
1805,1194.281,4.641923666000366
1806,1194.281,4.801283836364746
1807,1194.281,4.640258550643921
1808,1194.281,4.3672192096710205
1809,1194.281,4.785460472106934
1810,1194.281,4.789005756378174
1811,1194.281,4.867002487182617
1812,1194.281,4.7819366455078125
1813,1194.281,4.741638422012329
1814,1194.281,4.764413595199585
1815,1194.281,4.716383218765259
1816,1194.281,4.704152822494507
1817,1194.281,4.519211053848267
1818,1194.281,4.690901041030884
1819,1194.281,4.820191144943237
1820,1194.281,4.647636651992798
1821,1194.281,4.717285871505737
1822,1194.281,4.608424663543701
1823,1194.281,4.747718572616577
1824,1194.281,4.696955919265747
1825,1194.281,4.588801383972168
1826,1194.281,4.807368040084839
1827,1194.281,4.789820671081543
1828,1194.281,4.84172511100769
1829,1194.281,4.735732555389404
1830,1194.281,4.7166831493377686
1831,1194.281,4.6876380443573
1832,1194.281,4.816274404525757
1833,1194.281,4.76500391960144
1834,1194.281,4.758620977401733
1835,1194.281,4.855300664901733
1836,1194.281,4.904780387878418
1837,1194.281,4.677400350570679
1838,1194.281,4.6933043003082275
1839,1194.281,4.648487091064453
1840,1194.281,4.765738010406494
1841,1194.281,4.46231746673584
1842,1194.281,4.736221075057983
1843,1194.281,4.558343887329102
1844,1194.281,4.629933595657349
1845,1194.281,4.773121118545532
1846,1194.281,4.603765964508057
1847,1194.281,4.705593824386597
1848,1194.281,4.904279708862305
1849,1194.281,4.593315601348877
1850,1194.281,4.810822248458862
1851,1194.281,4.730993032455444
1852,1194.281,4.596850872039795
1853,1194.281,4.797882318496704
1854,1194.281,4.775536060333252
1855,1194.281,4.824457406997681
1856,1194.281,4.6383280754089355
1857,1194.281,4.671115398406982
1858,1194.281,4.644704818725586
1859,1194.281,4.717462778091431
1860,1194.281,4.504556655883789
1861,1194.281,4.7936108112335205
1862,1194.281,4.783909320831299
1863,1194.281,4.83024787902832
1864,1194.281,4.852867364883423
1865,1194.281,4.764439105987549
1866,1194.281,4.627953767776489
1867,1194.281,4.727134704589844
1868,1194.281,4.771425008773804
1869,1194.281,4.541022777557373
1870,1194.281,4.686098337173462
1871,1194.281,4.7292890548706055
1872,1194.281,4.608268737792969
1873,1194.281,4.81476616859436
1874,1194.281,4.788387298583984
1875,1194.281,4.671327114105225
1876,1194.281,4.692800760269165
1877,1194.281,4.736880779266357
1878,1194.281,4.674283981323242
1879,1194.281,4.7254979610443115
1880,1194.281,4.560230493545532
1881,1194.281,4.786673069000244
1882,1194.281,4.737020492553711
1883,1194.281,4.564761161804199
1884,1194.281,4.640840768814087
1885,1194.281,4.711960077285767
1886,1194.281,4.685478925704956
1887,1194.281,4.7463109493255615
1888,1194.281,4.585594892501831
1889,1194.281,4.7628912925720215
1890,1194.281,4.586163520812988
1891,1194.281,4.5668768882751465
1892,1194.281,4.544712781906128
1893,1194.281,4.772040367126465
1894,1194.281,4.844035387039185
1895,1194.281,4.819726467132568
1896,1194.281,4.744502544403076
1897,1194.281,4.520785570144653
1898,1194.281,4.884105443954468
1899,1194.281,4.587158918380737
1900,1194.281,4.734432220458984
1901,1194.281,4.677735090255737
1902,1194.281,4.794329643249512
1903,1194.281,4.629095077514648
1904,1194.281,4.667555809020996
1905,1194.281,4.589235544204712
1906,1194.281,4.538760185241699
1907,1194.281,4.6141743659973145
1908,1194.281,4.769308090209961
1909,1194.281,4.809204578399658
1910,1194.281,4.72576117515564
1911,1194.281,4.678336143493652
1912,1194.281,4.779617071151733
1913,1194.281,4.779730796813965
1914,1194.281,4.708618640899658
1915,1194.281,4.814092397689819
1916,1194.281,4.638949155807495
1917,1194.281,4.843098878860474
1918,1194.281,4.632677793502808
1919,1194.281,4.801433563232422
1920,1194.281,4.828845739364624
1921,1194.281,4.69901180267334
1922,1194.281,4.573000192642212
1923,1194.281,4.708529949188232
1924,1194.281,4.6118505001068115
1925,1194.281,4.5096282958984375
1926,1194.281,4.441178798675537
1927,1194.281,4.421846151351929
1928,1194.281,4.772941589355469
1929,1194.281,4.674548149108887
1930,1194.281,4.816485166549683
1931,1194.281,4.498698949813843
1932,1194.281,4.604839324951172
1933,1194.281,4.526030540466309
1934,1194.281,4.623318195343018
1935,1194.281,4.804421663284302
1936,1194.281,4.845565557479858
1937,1194.281,4.701793432235718
1938,1194.281,4.472682237625122
1939,1194.281,4.725052833557129
1940,1194.281,4.644348621368408
1941,1194.281,4.716039419174194
1942,1194.281,4.531299114227295
1943,1194.281,4.682119607925415
1944,1194.281,4.67728328704834
1945,1194.281,4.786064863204956
1946,1194.281,4.671162843704224
1947,1194.281,4.678235769271851
1948,1194.281,4.863978624343872
1949,1194.281,4.760107755661011
1950,1194.281,4.851562261581421
1951,1194.281,4.593909740447998
1952,1194.281,4.532917022705078
1953,1194.281,4.620307445526123
1954,1194.281,4.577136993408203
1955,1194.281,4.793932676315308
1956,1194.281,4.683432340621948
1957,1194.281,4.726374626159668
1958,1194.281,4.780100107192993
1959,1194.281,4.759332895278931
1960,1194.281,4.5730226039886475
1961,1194.281,4.756449460983276
1962,1194.281,4.9132773876190186
1963,1194.281,4.7852702140808105
1964,1194.281,4.553287029266357
1965,1194.281,4.550168037414551
1966,1194.281,4.688518285751343
1967,1194.281,4.71338677406311
1968,1194.281,4.616477012634277
1969,1194.281,4.769424200057983
1970,1194.281,4.677609205245972
1971,1194.281,4.504941463470459
1972,1194.281,4.27576208114624
1973,1194.281,4.611178636550903
1974,1194.281,4.8001158237457275
1975,1194.281,4.636967658996582
1976,1194.281,4.87530517578125
1977,1194.281,4.637462615966797
1978,1194.281,4.665509223937988
1979,1194.281,4.829038143157959
1980,1194.281,4.61947226524353
1981,1194.281,4.52188777923584
1982,1194.281,4.675922632217407
1983,1194.281,4.370106220245361
1984,1194.281,4.630105972290039
1985,1194.281,4.750148296356201
1986,1194.281,4.7506489753723145
1987,1194.281,4.796632766723633
1988,1194.281,4.714086294174194
1989,1194.281,4.690324306488037
1990,1194.281,4.6341941356658936
1991,1194.281,4.527040004730225
1992,1194.281,4.623173952102661
1993,1194.281,4.746618986129761
1994,1194.281,4.466588258743286
1995,1194.281,4.743499517440796
1996,1194.281,4.423244476318359
1997,1194.281,4.459759712219238
1998,1194.281,4.692642688751221
1999,1194.281,4.901197910308838
2000,1194.281,4.693980932235718
2001,1194.281,4.765748739242554
2002,1194.281,4.6517486572265625
2003,1194.281,4.509821891784668
2004,1194.281,4.804128646850586
2005,1194.281,4.691708564758301
2006,1194.281,4.53857684135437
2007,1194.281,4.751355409622192
2008,1194.281,4.689214706420898
2009,1194.281,4.828859567642212
2010,1194.281,4.494906663894653
2011,1194.281,4.630615472793579
2012,1194.281,4.663638353347778
2013,1194.281,4.70529317855835
2014,1194.281,4.522794485092163
2015,1194.281,4.590081691741943
2016,1194.281,4.6912641525268555
2017,1194.281,4.760117292404175
2018,1194.281,4.521611452102661
2019,1194.281,4.625731945037842
2020,1194.281,4.57991361618042
2021,1194.281,4.735409259796143
2022,1194.281,4.697306156158447
2023,1194.281,4.734546422958374
2024,1194.281,4.555600643157959
2025,1194.281,4.794506072998047
2026,1194.281,4.556914329528809
2027,1194.281,4.567788124084473
2028,1194.281,4.515670537948608
2029,1194.281,4.7847349643707275
2030,1194.281,4.754822254180908
2031,1194.281,4.565811395645142
2032,1194.281,4.6983184814453125
2033,1194.281,4.666930198669434
2034,1194.281,4.670490741729736
2035,1194.281,4.805185079574585
2036,1194.281,4.805020332336426
2037,1194.281,4.740236759185791
2038,1194.281,4.520259141921997
2039,1194.281,4.632064580917358
2040,1194.281,4.547186613082886
2041,1194.281,4.891324043273926
2042,1194.281,4.791980981826782
2043,1194.281,4.798432111740112
2044,1194.281,4.7641754150390625
2045,1194.281,4.771258592605591
2046,1194.281,4.734783887863159
2047,1194.281,4.918281555175781
2048,1194.281,4.517217636108398
2049,1194.281,4.565502882003784
2050,1194.281,4.678354263305664
2051,1194.281,4.684839487075806
2052,1194.281,4.544440984725952
2053,1194.281,4.748010873794556
2054,1194.281,4.720325469970703
2055,1194.281,4.740459203720093
2056,1194.281,4.583454847335815
2057,1194.281,4.627820730209351
2058,1194.281,4.629383563995361
2059,1194.281,4.735543251037598
2060,1194.281,4.5934460163116455
2061,1194.281,4.71286153793335
2062,1194.281,4.792821407318115
2063,1194.281,4.6264259815216064
2064,1194.281,4.608717918395996
2065,1194.281,4.730220794677734
2066,1194.281,4.691745758056641
2067,1194.281,4.454979181289673
2068,1194.281,4.853877544403076
2069,1194.281,4.610832214355469
2070,1194.281,4.606440544128418
2071,1194.281,4.731239318847656
2072,1194.281,4.703400373458862
2073,1194.281,4.750651121139526
2074,1194.281,4.781081438064575
2075,1194.281,4.521802186965942
2076,1194.281,4.751363277435303
2077,1194.281,4.737534523010254
2078,1194.281,4.556609392166138
2079,1194.281,4.661214351654053
2080,1194.281,4.7075276374816895
2081,1194.281,4.726123094558716
2082,1194.281,4.573803901672363
2083,1194.281,4.690635681152344
2084,1194.281,4.545630216598511
2085,1194.281,4.632933616638184
2086,1194.281,4.633505821228027
2087,1194.281,4.633113384246826
2088,1194.281,4.749841690063477
2089,1194.281,4.643334627151489
2090,1194.281,4.745268821716309
2091,1194.281,4.57734489440918
2092,1194.281,4.684832334518433
2093,1194.281,4.900401592254639
2094,1194.281,4.679702281951904
2095,1194.281,4.692843437194824
2096,1194.281,4.759977340698242
2097,1194.281,4.869460821151733
2098,1194.281,4.636582136154175
2099,1194.281,4.690659284591675
2100,1194.281,4.65456485748291
2101,1194.281,4.704041957855225
2102,1194.281,4.863741874694824
2103,1194.281,4.4886860847473145
2104,1194.281,4.762070894241333
2105,1194.281,4.586151361465454
2106,1194.281,4.689717531204224
2107,1194.281,4.694778203964233
2108,1194.281,4.594171047210693
2109,1194.281,4.663255453109741
2110,1194.281,4.530618906021118
2111,1194.281,4.482428312301636
2112,1194.281,4.45640754699707
2113,1194.281,4.682473659515381
2114,1194.281,4.769942283630371
2115,1194.281,4.591425180435181
2116,1194.281,4.768341302871704
2117,1194.281,4.808947324752808
2118,1194.281,4.7026426792144775
2119,1194.281,4.598754644393921
2120,1194.281,4.77717137336731
2121,1194.281,4.72678017616272
2122,1194.281,4.738062381744385
2123,1194.281,4.736376523971558
2124,1194.281,4.742399454116821
2125,1194.281,4.827951669692993
2126,1194.281,4.618918180465698
2127,1194.281,4.682893514633179
2128,1194.281,4.657557487487793
2129,1194.281,4.6517603397369385
2130,1194.281,4.609946250915527
2131,1194.281,4.6536338329315186
2132,1194.281,4.804711580276489
2133,1194.281,4.813996076583862
2134,1194.281,4.8658435344696045
2135,1194.281,4.673332214355469
2136,1194.281,4.659726619720459
2137,1194.281,4.488238334655762
2138,1194.281,4.811756372451782
2139,1194.281,4.651014566421509
2140,1194.281,4.61885142326355
2141,1194.281,4.62221360206604
2142,1194.281,4.90313720703125
2143,1194.281,4.5838682651519775
2144,1194.281,4.67221999168396
2145,1194.281,4.675939559936523
2146,1194.281,4.567031383514404
2147,1194.281,4.779980897903442
2148,1194.281,4.816547632217407
2149,1194.281,4.55089807510376
2150,1194.281,4.501718997955322
2151,1194.281,4.664239883422852
2152,1194.281,4.693479061126709
2153,1194.281,4.525758504867554
2154,1194.281,4.687021732330322
2155,1194.281,4.586203336715698
2156,1194.281,4.494486570358276
2157,1194.281,4.596634387969971
2158,1194.281,4.749565601348877
2159,1194.281,4.715779781341553
2160,1194.281,4.805264472961426
2161,1194.281,4.528655290603638
2162,1194.281,4.648130893707275
2163,1194.281,4.726773023605347
2164,1194.281,4.780982732772827
2165,1194.281,4.787492990493774
2166,1194.281,4.444172620773315
2167,1194.281,4.675090789794922
2168,1194.281,4.460221529006958
2169,1194.281,4.5993733406066895
2170,1194.281,4.633310079574585
2171,1194.281,4.722880125045776
2172,1194.281,4.574113607406616
2173,1194.281,4.485516309738159
2174,1194.281,4.8233935832977295
2175,1194.281,4.714505672454834
2176,1194.281,4.735249042510986
2177,1194.281,4.545993804931641
2178,1194.281,4.6711132526397705
2179,1194.281,4.493573427200317
2180,1194.281,4.627544403076172
2181,1194.281,4.660505056381226
2182,1194.281,4.689976930618286
2183,1194.281,4.624050140380859
2184,1194.281,4.682417154312134
2185,1194.281,4.689542770385742
2186,1194.281,4.772966384887695
2187,1194.281,4.80544900894165
2188,1194.281,4.619297742843628
2189,1194.281,4.647956609725952
2190,1194.281,4.759150266647339
2191,1194.281,4.78922963142395
2192,1194.281,4.521974325180054
2193,1194.281,4.681272029876709
2194,1194.281,4.841065406799316
2195,1194.281,4.781781911849976
2196,1194.281,4.590993165969849
2197,1194.281,4.875739336013794
2198,1194.281,4.743565082550049
2199,1194.281,4.661768198013306
2200,1194.281,4.637038946151733
2201,1194.281,4.688663482666016
2202,1194.281,4.70587944984436
2203,1194.281,4.715004920959473
2204,1194.281,4.491945505142212
2205,1194.281,4.577060699462891
2206,1194.281,4.547235727310181
2207,1194.281,4.662573575973511
2208,1194.281,4.655031442642212
2209,1194.281,4.8420820236206055
2210,1194.281,4.602439641952515
2211,1194.281,4.7181596755981445
2212,1194.281,4.519715785980225
2213,1194.281,4.633016347885132
2214,1194.281,4.445433139801025
2215,1194.281,4.62803316116333
2216,1194.281,4.70251202583313
2217,1194.281,4.521637916564941
2218,1194.281,4.575047969818115
2219,1194.281,4.490493297576904
2220,1194.281,4.727652549743652
2221,1194.281,4.4417901039123535
2222,1194.281,4.871457099914551
2223,1194.281,4.583385944366455
2224,1194.281,4.70734167098999
2225,1194.281,4.735397577285767
2226,1194.281,4.734746932983398
2227,1194.281,4.682107925415039
2228,1194.281,4.666006326675415
2229,1194.281,4.590103387832642
2230,1194.281,4.729844331741333
2231,1194.281,4.895234107971191
2232,1194.281,4.630831480026245
2233,1194.281,4.658929824829102
2234,1194.281,4.458709716796875
2235,1194.281,4.5716400146484375
2236,1194.281,4.80639123916626
2237,1194.281,4.500003099441528
2238,1194.281,4.60830283164978
2239,1194.281,4.651514768600464
2240,1194.281,4.656850099563599
2241,1194.281,4.697305917739868
2242,1194.281,4.705056428909302
2243,1194.281,4.640391826629639
2244,1194.281,4.674040079116821
2245,1194.281,4.544244050979614
2246,1194.281,4.697969198226929
2247,1194.281,4.773493528366089
2248,1194.281,4.6609086990356445
2249,1194.281,4.599124908447266
2250,1194.281,4.603235721588135
2251,1194.281,4.698176383972168
2252,1194.281,4.578624486923218
2253,1194.281,4.633047103881836
2254,1194.281,4.593627691268921
2255,1194.281,4.678336143493652
2256,1194.281,4.5548317432403564
2257,1194.281,4.761121511459351
2258,1194.281,4.7988622188568115
2259,1194.281,4.700732946395874
2260,1194.281,4.651935577392578
2261,1194.281,4.815232753753662
2262,1194.281,4.6920411586761475
2263,1194.281,4.712815046310425
2264,1194.281,4.749131679534912
2265,1194.281,4.804931879043579
2266,1194.281,4.747720241546631
2267,1194.281,4.672609090805054
2268,1194.281,4.7099220752716064
2269,1194.281,4.732593297958374
2270,1194.281,4.693530559539795
2271,1194.281,4.767394542694092
2272,1194.281,4.800265550613403
2273,1194.281,4.924777269363403
2274,1194.281,4.644863843917847
2275,1194.281,4.687021255493164
2276,1194.281,4.777388572692871
2277,1194.281,4.713008403778076
2278,1194.281,4.781498670578003
2279,1194.281,4.8606626987457275
2280,1194.281,4.65765380859375
2281,1194.281,4.660466432571411
2282,1194.281,4.7112717628479
2283,1194.281,4.730252265930176
2284,1194.281,4.668426036834717
2285,1194.281,4.6370861530303955
2286,1194.281,4.88177227973938
2287,1194.281,4.79151463508606
2288,1194.281,4.569459915161133
2289,1194.281,4.847166538238525
2290,1194.281,4.73184609413147
2291,1194.281,4.809780836105347
2292,1194.281,4.797600030899048
2293,1194.281,4.654628038406372
2294,1194.281,4.508497953414917
2295,1194.281,4.706569194793701
2296,1194.281,4.74177098274231
2297,1194.281,4.702182292938232
2298,1194.281,4.664164066314697
2299,1194.281,4.441522836685181
2300,1194.281,4.6187355518341064
2301,1194.281,4.7230424880981445
2302,1194.281,4.658768177032471
2303,1194.281,4.556442975997925
2304,1194.281,4.6211998462677
2305,1194.281,4.631878137588501
2306,1194.281,4.575239658355713
2307,1194.281,4.640190362930298
2308,1194.281,4.77271842956543
2309,1194.281,4.553216457366943
2310,1194.281,4.541974306106567
2311,1194.281,4.685240983963013
2312,1194.281,4.651916742324829
2313,1194.281,4.8944618701934814
2314,1194.281,4.7888829708099365
2315,1194.281,4.830136299133301
2316,1194.281,4.5394463539123535
2317,1194.281,4.678511381149292
2318,1194.281,4.453701019287109
2319,1194.281,4.758958339691162
2320,1194.281,4.685909271240234
2321,1194.281,4.555853366851807
2322,1194.281,4.720645189285278
2323,1194.281,4.6751463413238525
2324,1194.281,4.621077060699463
2325,1194.281,4.599493741989136
2326,1194.281,4.659443616867065
2327,1194.281,4.668052434921265
2328,1194.281,4.7049477100372314
2329,1194.281,4.728464603424072
2330,1194.281,4.825360298156738
2331,1194.281,4.737157821655273
2332,1194.281,4.612308025360107
2333,1194.281,4.508564233779907
2334,1194.281,4.715958118438721
2335,1194.281,4.52031946182251
2336,1194.281,4.765970230102539
2337,1194.281,4.594789981842041
2338,1194.281,4.7817487716674805
2339,1194.281,4.684902667999268
2340,1194.281,4.582689523696899
2341,1194.281,4.673245668411255
2342,1194.281,4.788837671279907
2343,1194.281,4.643744468688965
2344,1194.281,4.690662622451782
2345,1194.281,4.678897857666016
2346,1194.281,4.7333245277404785
2347,1194.281,4.6954779624938965
2348,1194.281,4.510826110839844
2349,1194.281,4.630696773529053
2350,1194.281,4.8688225746154785
2351,1194.281,4.568195819854736
2352,1194.281,4.69441294670105
2353,1194.281,4.82838249206543
2354,1194.281,4.758607625961304
2355,1194.281,4.549512147903442
2356,1194.281,4.693258285522461
2357,1194.281,4.7809062004089355
2358,1194.281,4.911404132843018
2359,1194.281,4.598203659057617
2360,1194.281,4.626191139221191
2361,1194.281,4.533885717391968
2362,1194.281,4.606426477432251
2363,1194.281,4.450972318649292
2364,1194.281,4.578448534011841
2365,1194.281,4.585503816604614
2366,1194.281,4.38910698890686
2367,1194.281,4.722082853317261
2368,1194.281,4.856256484985352
2369,1194.281,4.701371669769287
2370,1194.281,4.688412427902222
2371,1194.281,4.710571050643921
2372,1194.281,4.634079694747925
2373,1194.281,4.6300153732299805
2374,1194.281,4.725576639175415
2375,1194.281,4.726440906524658
2376,1194.281,4.824592590332031
2377,1194.281,4.717243909835815
2378,1194.281,4.666937589645386
2379,1194.281,4.704885959625244
2380,1194.281,4.603456497192383
2381,1194.281,4.8100059032440186
2382,1194.281,4.612801790237427
2383,1194.281,4.460960865020752
2384,1194.281,4.615070343017578
2385,1194.281,4.57487416267395
2386,1194.281,4.612337350845337
2387,1194.281,4.671592950820923
2388,1194.281,4.478039503097534
2389,1194.281,4.771411895751953
2390,1194.281,4.6161723136901855
2391,1194.281,4.54706597328186
2392,1194.281,4.584036350250244
2393,1194.281,4.709517955780029
2394,1194.281,4.448563814163208
2395,1194.281,4.713810443878174
2396,1194.281,4.609085559844971
2397,1194.281,4.749953985214233
2398,1194.281,4.84008526802063
2399,1194.281,4.565499782562256
2400,1194.281,4.624932527542114
2401,1194.281,4.742454528808594
2402,1194.281,4.925203800201416
2403,1194.281,4.754080295562744
2404,1194.281,4.784588813781738
2405,1194.281,4.8071722984313965
2406,1194.281,4.730642080307007
2407,1194.281,4.670141935348511
2408,1194.281,4.717588901519775
2409,1194.281,4.731510400772095
2410,1194.281,4.630772590637207
2411,1194.281,4.544817686080933
2412,1194.281,4.695149183273315
2413,1194.281,4.6253626346588135
2414,1194.281,4.67240047454834
2415,1194.281,4.599332571029663
2416,1194.281,4.700110673904419
2417,1194.281,4.606282711029053
2418,1194.281,4.6974687576293945
2419,1194.281,4.508588552474976
2420,1194.281,4.608320713043213
2421,1194.281,4.661322832107544
2422,1194.281,4.820033550262451
2423,1194.281,4.9102888107299805
2424,1194.281,4.734029531478882
2425,1194.281,4.750192165374756
2426,1194.281,4.684218883514404
2427,1194.281,4.7958173751831055
2428,1194.281,4.621464490890503
2429,1194.281,4.6103456020355225
2430,1194.281,4.83789324760437
2431,1194.281,4.878507852554321
2432,1194.281,4.855187892913818
2433,1194.281,4.776993751525879
2434,1194.281,4.836058616638184
2435,1194.281,4.708994388580322
2436,1194.281,4.691587448120117
2437,1194.281,4.777591705322266
2438,1194.281,4.674706697463989
2439,1194.281,4.770569562911987
2440,1194.281,4.723728895187378
2441,1194.281,4.707611799240112
2442,1194.281,4.833550691604614
2443,1194.281,4.740962982177734
2444,1194.281,4.653254508972168
2445,1194.281,4.355830669403076
2446,1194.281,4.52743124961853
2447,1194.281,4.903735637664795
2448,1194.281,4.677958011627197
2449,1194.281,4.592445135116577
2450,1194.281,5.013925075531006
2451,1194.281,4.579339504241943
2452,1194.281,4.57934308052063
2453,1194.281,4.789652109146118
2454,1194.281,4.553612470626831
2455,1194.281,4.891378879547119
2456,1194.281,4.564775466918945
2457,1194.281,4.728062152862549
2458,1194.281,4.638492584228516
2459,1194.281,4.8685102462768555
2460,1194.281,4.7676098346710205
2461,1194.281,4.607001781463623
2462,1194.281,4.627819299697876
2463,1194.281,4.482826232910156
2464,1194.281,4.7136194705963135
2465,1194.281,4.582069635391235
2466,1194.281,4.56146502494812
2467,1194.281,4.789506673812866
2468,1194.281,4.605881214141846
2469,1194.281,4.516797304153442
2470,1194.281,4.7819085121154785
2471,1194.281,4.681615352630615
2472,1194.281,4.727245092391968
2473,1194.281,4.724298715591431
2474,1194.281,4.683295488357544
2475,1194.281,4.820160388946533
2476,1194.281,4.678083896636963
2477,1194.281,4.738356113433838
2478,1194.281,4.854929685592651
2479,1194.281,4.651147127151489
2480,1194.281,4.657331466674805
2481,1194.281,4.655180931091309
2482,1194.281,4.818673133850098
2483,1194.281,4.852506160736084
2484,1194.281,4.891718626022339
2485,1194.281,4.6865394115448
2486,1194.281,4.730945587158203
2487,1194.281,4.518522500991821
2488,1194.281,4.736865282058716
2489,1194.281,4.794543743133545
2490,1194.281,4.6983559131622314
2491,1194.281,4.709718704223633
2492,1194.281,4.391796350479126
2493,1194.281,4.858742952346802
2494,1194.281,4.543761968612671
2495,1194.281,4.8128342628479
2496,1194.281,4.367290019989014
2497,1194.281,4.712085485458374
2498,1194.281,4.609635353088379
2499,1194.281,4.670549392700195
2500,1194.281,4.404978513717651
2501,1194.281,4.62860107421875
2502,1194.281,4.699512958526611
2503,1194.281,4.652546405792236
2504,1194.281,4.607803583145142
2505,1194.281,4.741990804672241
2506,1194.281,4.584644556045532
2507,1194.281,4.719128847122192
2508,1194.281,4.653148412704468
2509,1194.281,4.614839792251587
2510,1194.281,4.774611473083496
2511,1194.281,4.928895950317383
2512,1194.281,4.565677881240845
2513,1194.281,4.732414245605469
2514,1194.281,4.715020418167114
2515,1194.281,4.683501243591309
2516,1194.281,4.397063732147217
2517,1194.281,4.723246812820435
2518,1194.281,4.646588087081909
2519,1194.281,4.73321008682251
2520,1194.281,4.638574600219727
2521,1194.281,4.776976585388184
2522,1194.281,4.627407550811768
2523,1194.281,4.589602947235107
2524,1194.281,4.717329978942871
2525,1194.281,5.002085208892822
2526,1194.281,4.721314430236816
2527,1194.281,4.846742153167725
2528,1194.281,4.7886130809783936
2529,1194.281,4.651167631149292
2530,1194.281,4.6729209423065186
2531,1194.281,4.720673084259033
2532,1194.281,4.670457601547241
2533,1194.281,4.699676513671875
2534,1194.281,4.6914074420928955
2535,1194.281,4.660069704055786
2536,1194.281,4.665117263793945
2537,1194.281,4.589641094207764
2538,1194.281,4.6906023025512695
2539,1194.281,4.642607688903809
2540,1194.281,4.369323015213013
2541,1194.281,4.651262998580933
2542,1194.281,4.687424898147583
2543,1194.281,4.717992067337036
2544,1194.281,4.626361846923828
2545,1194.281,4.6655592918396
2546,1194.281,4.667057275772095
2547,1194.281,4.797034502029419
2548,1194.281,4.723572731018066
2549,1194.281,4.660876035690308
2550,1194.281,4.710913181304932
2551,1194.281,4.6448729038238525
2552,1194.281,4.782127857208252
2553,1194.281,4.556584119796753
2554,1194.281,4.535397529602051
2555,1194.281,4.611021280288696
2556,1194.281,4.656559228897095
2557,1194.281,4.5803282260894775
2558,1194.281,4.548107385635376
2559,1194.281,4.752722501754761
2560,1194.281,4.643498420715332
2561,1194.281,4.9508209228515625
2562,1194.281,4.720961570739746
2563,1194.281,4.606024742126465
2564,1194.281,4.536474943161011
2565,1194.281,4.79539680480957
2566,1194.281,4.697797536849976
2567,1194.281,4.778811931610107
2568,1194.281,4.827780246734619
2569,1194.281,4.8432936668396
2570,1194.281,4.927917718887329
2571,1194.281,4.883805751800537
2572,1194.281,4.5297629833221436
2573,1194.281,4.584252834320068
2574,1194.281,4.6042139530181885
2575,1194.281,4.488792657852173
2576,1194.281,4.669955730438232
2577,1194.281,4.627193212509155
2578,1194.281,4.534351825714111
2579,1194.281,4.721628904342651
2580,1194.281,4.61687707901001
2581,1194.281,4.712765216827393
2582,1194.281,4.48327112197876
2583,1194.281,4.799675703048706
2584,1194.281,4.662318229675293
2585,1194.281,4.742248773574829
2586,1194.281,4.756319284439087
2587,1194.281,4.630313396453857
2588,1194.281,4.7337729930877686
2589,1194.281,4.5206029415130615
2590,1194.281,4.475671291351318
2591,1194.281,4.766603231430054
2592,1194.281,4.617382049560547
2593,1194.281,4.819001197814941
2594,1194.281,4.6058759689331055
2595,1194.281,4.713843584060669
2596,1194.281,4.744155645370483
2597,1194.281,4.903689622879028
2598,1194.281,4.604994535446167
2599,1194.281,4.878813982009888
2600,1194.281,4.642627954483032
2601,1194.281,4.835018634796143
2602,1194.281,4.683387994766235
2603,1194.281,4.617852449417114
2604,1194.281,4.473961114883423
2605,1194.281,4.80877947807312
2606,1194.281,4.748870849609375
2607,1194.281,4.533979892730713
2608,1194.281,4.654813528060913
2609,1194.281,4.699443578720093
2610,1194.281,4.697390794754028
2611,1194.281,4.624727249145508
2612,1194.281,4.608944892883301
2613,1194.281,4.734295129776001
2614,1194.281,4.671015739440918
2615,1194.281,4.775862693786621
2616,1194.281,4.55381965637207
2617,1194.281,4.766180753707886
2618,1194.281,4.40922474861145
2619,1194.281,4.318251371383667
2620,1194.281,4.660674810409546
2621,1194.281,4.6365885734558105
2622,1194.281,4.48149561882019
2623,1194.281,4.294849395751953
2624,1194.281,4.509378433227539
2625,1194.281,4.59027886390686
2626,1194.281,4.646190881729126
2627,1194.281,4.484441518783569
2628,1194.281,4.301476716995239
2629,1194.281,4.518331289291382
2630,1194.281,4.164689779281616
2631,1194.281,4.573159217834473
2632,1194.281,4.1892476081848145
2633,1194.281,4.323864459991455
2634,1194.281,4.4882495403289795
2635,1194.281,4.555847406387329
2636,1194.281,4.240826845169067
2637,1194.281,4.059653043746948
2638,1194.281,4.305036544799805
2639,1194.281,4.218031406402588
2640,1194.281,4.472684383392334
2641,1194.281,4.40531587600708
2642,1194.281,4.236874580383301
2643,1194.281,3.9618852138519287
2644,1194.281,4.28971004486084
2645,1194.281,3.928838014602661
2646,1194.281,4.2173542976379395
2647,1194.281,4.140962600708008
2648,1194.281,4.06368088722229
2649,1194.281,3.966240406036377
2650,1194.281,4.216216087341309
2651,1194.281,4.418037176132202
2652,1194.281,3.780364751815796
2653,1194.281,4.254918336868286
2654,1194.281,4.11601185798645
2655,1194.281,4.326878309249878
2656,1194.281,4.114784240722656
2657,1194.281,4.225808143615723
2658,1194.281,4.029107332229614
2659,1194.281,4.03734278678894
2660,1194.281,3.976858139038086
2661,1194.281,3.938305139541626
2662,1194.281,4.148000955581665
2663,1194.281,3.9762609004974365
2664,1194.281,4.095642328262329
2665,1194.281,4.102001190185547
2666,1194.281,3.6654653549194336
2667,1194.281,3.9762203693389893
2668,1194.281,3.996492862701416
2669,1194.281,3.805015802383423
2670,1194.281,4.038402318954468
2671,1194.281,4.136573791503906
2672,1194.281,4.134048938751221
2673,1194.281,3.993725538253784
2674,1194.281,3.9725089073181152
2675,1194.281,4.3979878425598145
2676,1194.281,4.254147052764893
2677,1194.281,4.261970043182373
2678,1194.281,4.226739883422852
2679,1194.281,4.010195255279541
2680,1194.281,4.109882354736328
2681,1194.281,4.092723846435547
2682,1194.281,4.269991159439087
2683,1194.281,4.184406518936157
2684,1194.281,4.021033525466919
2685,1194.281,4.02010440826416
2686,1194.281,4.1460206508636475
2687,1194.281,4.093610525131226
2688,1194.281,4.2985100746154785
2689,1194.281,4.120626211166382
2690,1194.281,3.9627175331115723
2691,1194.281,4.02301287651062
2692,1194.281,4.004565000534058
2693,1194.281,4.216872692108154
2694,1194.281,4.113615036010742
2695,1194.281,4.0011889934539795
2696,1194.281,4.049135446548462
2697,1194.281,4.311524391174316
2698,1194.281,4.096644878387451
2699,1194.281,4.030057191848755
2700,1194.281,4.282577991485596
2701,1194.281,4.0057692527771
2702,1194.281,4.194043397903442
2703,1194.281,3.9150564670562744
2704,1194.281,3.8855085372924805
2705,1194.281,3.948202133178711
2706,1194.281,3.9211692810058594
2707,1194.281,3.841949224472046
2708,1194.281,4.040149927139282
2709,1194.281,4.246463298797607
2710,1194.281,4.214922666549683
2711,1194.281,3.9976727962493896
2712,1194.281,4.105174779891968
2713,1194.281,4.448998212814331
2714,1194.281,3.933262348175049
2715,1194.281,4.12509298324585
2716,1194.281,4.015271425247192
2717,1194.281,4.238034009933472
2718,1194.281,3.843585252761841
2719,1194.281,4.32906436920166
2720,1194.281,4.109763860702515
2721,1194.281,3.9399797916412354
2722,1194.281,4.207489490509033
2723,1194.281,3.999734878540039
2724,1194.281,3.9272055625915527
2725,1194.281,4.224090814590454
2726,1194.281,4.228281736373901
2727,1194.281,4.190589666366577
2728,1194.281,4.172142505645752
2729,1194.281,4.157405376434326
2730,1194.281,4.255470514297485
2731,1194.281,4.0512895584106445
2732,1194.281,3.9804837703704834
2733,1194.281,4.279784917831421
2734,1194.281,4.233322858810425
2735,1194.281,3.8964016437530518
2736,1194.281,4.097273111343384
2737,1194.281,3.9906487464904785
2738,1194.281,4.2813920974731445
2739,1194.281,4.231937646865845
2740,1194.281,4.074568271636963
2741,1194.281,4.372262716293335
2742,1194.281,3.820065498352051
2743,1194.281,4.505131959915161
2744,1194.281,3.998002052307129
2745,1194.281,4.429263353347778
2746,1194.281,4.075591087341309
2747,1194.281,4.121961832046509
2748,1194.281,4.0621442794799805
2749,1194.281,4.071474552154541
2750,1194.281,3.991203784942627
2751,1194.281,4.1073081493377686
2752,1194.281,4.155232667922974
2753,1194.281,3.961026668548584
2754,1194.281,4.135355710983276
2755,1194.281,4.247634410858154
2756,1194.281,3.8723227977752686
2757,1194.281,4.17982816696167
2758,1194.281,4.068053483963013
2759,1194.281,4.172827482223511
2760,1194.281,4.192439317703247
2761,1194.281,4.061598062515259
2762,1194.281,3.8482682704925537
2763,1194.281,4.074704170227051
2764,1194.281,3.9628171920776367
2765,1194.281,4.20007848739624
2766,1194.281,3.9825007915496826
2767,1194.281,4.3564677238464355
2768,1194.281,4.2072367668151855
2769,1194.281,4.0199198722839355
2770,1194.281,4.090733051300049
2771,1194.281,4.076714515686035
2772,1194.281,3.8921613693237305
2773,1194.281,3.829077959060669
2774,1194.281,4.095864534378052
2775,1194.281,3.8787477016448975
2776,1194.281,4.055408239364624
2777,1194.281,3.7173542976379395
2778,1194.281,4.056369304656982
2779,1194.281,3.8735404014587402
2780,1194.281,4.095752954483032
2781,1194.281,4.234557151794434
2782,1194.281,4.117953062057495
2783,1194.281,4.262397527694702
2784,1194.281,4.239816188812256
2785,1194.281,3.9061734676361084
2786,1194.281,4.07359766960144
2787,1194.281,4.0965235233306885
2788,1194.281,3.9015448093414307
2789,1194.281,3.8061716556549072
2790,1194.281,3.9865427017211914
2791,1194.281,4.051925182342529
2792,1194.281,3.836552381515503
2793,1194.281,4.0850231647491455
2794,1194.281,3.939332962036133
2795,1194.281,3.829515218734741
2796,1194.281,3.8562700748443604
2797,1194.281,4.303977727890015
2798,1194.281,3.9631519317626953
2799,1194.281,4.22324275970459
2800,1194.281,3.8660471439361572
2801,1194.281,4.121259450912476
2802,1194.281,4.195770502090454
2803,1194.281,4.138628244400024
2804,1194.281,4.489685297012329
2805,1194.281,4.01543927192688
2806,1194.281,4.106674909591675
2807,1194.281,3.866535186767578
2808,1194.281,4.321858644485474
2809,1194.281,4.099870443344116
2810,1194.281,3.89342999458313
2811,1194.281,4.153789758682251
2812,1194.281,4.191135883331299
2813,1194.281,3.9672179222106934
2814,1194.281,4.169657945632935
2815,1194.281,4.258666753768921
2816,1194.281,4.11107611656189
2817,1194.281,4.004669427871704
2818,1194.281,4.296091556549072
2819,1194.281,3.9928431510925293
2820,1194.281,4.21597695350647
2821,1194.281,4.012043476104736
2822,1194.281,4.269766569137573
2823,1194.281,4.18047022819519
2824,1194.281,3.9945178031921387
2825,1194.281,4.113946437835693
2826,1194.281,4.07149863243103
2827,1194.281,4.034113883972168
2828,1194.281,3.774432897567749
2829,1194.281,4.268354654312134
2830,1194.281,3.972080707550049
2831,1194.281,4.103786945343018
2832,1194.281,4.198033809661865
2833,1194.281,4.162797212600708
2834,1194.281,4.42602276802063
2835,1194.281,3.8805668354034424
2836,1194.281,4.019652843475342
2837,1194.281,4.204838752746582
2838,1194.281,4.0259764194488525
2839,1194.281,4.009610176086426
2840,1194.281,4.070033550262451
2841,1194.281,4.2051451206207275
2842,1194.281,3.906895399093628
2843,1194.281,3.822460174560547
2844,1194.281,4.306984186172485
2845,1194.281,3.9131577014923096
2846,1194.281,4.090579271316528
2847,1194.281,4.049314737319946
2848,1194.281,4.09111762046814
2849,1194.281,3.891833543777466
2850,1194.281,4.213314056396484
2851,1194.281,4.149672508239746
2852,1194.281,3.917605400085449
2853,1194.281,3.7930374145507812
2854,1194.281,4.289156675338745
2855,1194.281,4.213066577911377
2856,1194.281,3.849025011062622
2857,1194.281,4.062180280685425
2858,1194.281,4.010890007019043
2859,1194.281,4.414032936096191
2860,1194.281,4.1799421310424805
2861,1194.281,4.01148247718811
2862,1194.281,4.127943992614746
2863,1194.281,4.116591453552246
2864,1194.281,4.268326759338379
2865,1194.281,4.133541584014893
2866,1194.281,4.117929697036743
2867,1194.281,3.9828898906707764
2868,1194.281,3.9324066638946533
2869,1194.281,3.8964269161224365
2870,1194.281,3.986992120742798
2871,1194.281,3.8760435581207275
2872,1194.281,4.0976808071136475
2873,1194.281,4.339401721954346
2874,1194.281,4.339980363845825
2875,1194.281,4.153324604034424
2876,1194.281,4.079409837722778
2877,1194.281,4.015834808349609
2878,1194.281,3.8042967319488525
2879,1194.281,4.509137392044067
2880,1194.281,4.141721248626709
2881,1194.281,4.2588746547698975
2882,1194.281,3.806511640548706
2883,1194.281,4.27135705947876
2884,1194.281,4.082000017166138
2885,1194.281,3.9199509620666504
2886,1194.281,4.057739019393921
2887,1194.281,4.020182132720947
2888,1194.281,3.811796188354492
2889,1194.281,3.8019449710845947
2890,1194.281,3.6826963424682617
2891,1194.281,4.048820972442627
2892,1194.281,4.491290092468262
2893,1194.281,4.313190460205078
2894,1194.281,4.089566707611084
2895,1194.281,4.208118200302124
2896,1194.281,3.9738593101501465
2897,1194.281,3.899409532546997
2898,1194.281,4.087386846542358
2899,1194.281,4.095717430114746
2900,1194.281,3.727200508117676
2901,1194.281,4.351217269897461
2902,1194.281,3.7635672092437744
2903,1194.281,3.8103904724121094
2904,1194.281,4.073913097381592
2905,1194.281,4.092648983001709
2906,1194.281,3.9335291385650635
2907,1194.281,4.3153393268585205
2908,1194.281,4.455004453659058
2909,1194.281,4.160458087921143
2910,1194.281,4.11836051940918
2911,1194.281,3.9828219413757324
2912,1194.281,4.0543413162231445
2913,1194.281,3.9702107906341553
2914,1194.281,4.109663724899292
2915,1194.281,4.1574883460998535
2916,1194.281,4.369709491729736
2917,1194.281,4.056009769439697
2918,1194.281,4.139379262924194
2919,1194.281,4.052720546722412
2920,1194.281,4.021504640579224
2921,1194.281,4.205365180969238
2922,1194.281,4.267012357711792
2923,1194.281,4.364281415939331
2924,1194.281,4.240939378738403
2925,1194.281,4.1980297565460205
2926,1194.281,4.381204605102539
2927,1194.281,4.0244622230529785
2928,1194.281,3.9089598655700684
2929,1194.281,4.223455429077148
2930,1194.281,3.977642774581909
2931,1194.281,3.973766565322876
2932,1194.281,4.2193357944488525
2933,1194.281,4.227484703063965
2934,1194.281,4.158946752548218
2935,1194.281,4.169766664505005
2936,1194.281,4.142852783203125
2937,1194.281,4.199116230010986
2938,1194.281,4.16242790222168
2939,1194.281,4.020797252655029
2940,1194.281,4.083860874176025
2941,1194.281,4.00205659866333
2942,1194.281,4.214726448059082
2943,1194.281,4.161697626113892
2944,1194.281,4.187428712844849
2945,1194.281,4.1393749713897705
2946,1194.281,4.122188568115234
2947,1194.281,4.12104606628418
2948,1194.281,4.246093273162842
2949,1194.281,3.9511656761169434
2950,1194.281,4.4304518699646
2951,1194.281,4.150294780731201
2952,1194.281,3.997354745864868
2953,1194.281,4.171335935592651
2954,1194.281,3.9571309089660645
2955,1194.281,4.226037979125977
2956,1194.281,4.062244653701782
2957,1194.281,3.9800453186035156
2958,1194.281,4.429269552230835
2959,1194.281,4.263568162918091
2960,1194.281,4.165621995925903
2961,1194.281,4.210558891296387
2962,1194.281,4.143447399139404
2963,1194.281,3.922414541244507
2964,1194.281,4.124680757522583
2965,1194.281,3.9957447052001953
2966,1194.281,4.002184152603149
2967,1194.281,3.921746253967285
2968,1194.281,4.02086877822876
2969,1194.281,4.177077054977417
2970,1194.281,4.126253128051758
2971,1194.281,3.8746378421783447
2972,1194.281,3.9190242290496826
2973,1194.281,4.069992542266846
2974,1194.281,4.119974851608276
2975,1194.281,3.7944283485412598
2976,1194.281,4.129272222518921
2977,1194.281,4.265254020690918
2978,1194.281,4.12712287902832
2979,1194.281,4.231494426727295
2980,1194.281,4.062309741973877
2981,1194.281,4.274127006530762
2982,1194.281,4.411332368850708
2983,1194.281,4.144056558609009
2984,1194.281,3.8884196281433105
2985,1194.281,3.9246225357055664
2986,1194.281,4.29282546043396
2987,1194.281,3.9609224796295166
2988,1194.281,4.148272275924683
2989,1194.281,3.783573865890503
2990,1194.281,4.279160022735596
2991,1194.281,4.057265758514404
2992,1194.281,3.8867597579956055
2993,1194.281,4.149394750595093
2994,1194.281,3.6077663898468018
2995,1194.281,4.037775278091431
2996,1194.281,3.728508472442627
2997,1194.281,3.734942674636841
2998,1194.281,3.5117433071136475
2999,1194.281,4.016280889511108
