iteration,max_fitness,time,rrmse_0,rrmse_1,rrmse_2,rrmse_3,rrmse_4,rrmse_5,rrmse_6,rrmse_7
0,0.0334087,0.0,1.534756,199.63026,1.6008413,0.3700065,1.2908317,10.627773,1.174127,2.2508454
1,0.048959255,9.376217365264893,1.7486067,169.55583,1.822817,1.2232639,0.28664124,8.739642,1.6604662,1.1646807
2,0.033939183,9.456489562988281,1.7486067,169.55583,1.822817,1.2232639,0.28664124,8.739642,1.6604662,1.1646807
3,0.04482144,9.32598352432251,1.534756,199.63026,1.6008413,0.3700065,1.2908317,10.627773,1.174127,2.2508454
4,0.02990067,9.46453857421875,1.7494591,167.1252,1.8235214,1.2226734,0.28684887,8.751057,1.6604946,1.1652244
5,0.033391714,9.470881700515747,1.7458049,169.57132,1.8199869,1.2218553,0.28641027,8.739197,1.6601754,1.1645877
6,0.03208697,9.427910566329956,1.535504,196.76851,1.6014599,0.3698279,1.2917668,10.641654,1.174147,2.2518961
7,0.04500985,9.3762686252594,1.7500231,169.59953,1.8245738,1.2235234,0.28705382,8.744845,1.6601944,1.1652852
8,0.03263712,9.313791990280151,1.7486295,169.5337,1.8232728,1.222756,0.28675583,8.750578,1.6605198,1.1647187
9,0.038594723,9.385451078414917,1.7501584,169.70291,1.8246325,1.2235231,0.28704387,8.751099,1.6601847,1.1653352
10,0.04090029,9.36028504371643,1.7473963,169.74203,1.8218541,1.2225128,0.2865679,8.749764,1.6605284,1.1644493
11,0.04895699,9.303929805755615,1.7494684,169.6733,1.8240781,1.223304,0.28685004,8.750873,1.6599424,1.1650394
12,0.037579834,9.249760150909424,1.7480314,165.18645,1.822205,1.2219375,0.28654462,8.751079,1.6597854,1.1640998
13,0.034608543,9.518963098526001,1.7443439,169.73651,1.8186817,1.2182033,0.28666493,8.748943,1.6583182,1.1652592
14,0.038103938,9.238380908966064,1.7475878,169.72925,1.8221159,1.2213006,0.28690436,8.75091,1.6603067,1.1649784
15,0.033506155,9.440816164016724,1.7479764,166.56296,1.8224573,1.2217917,0.28678015,8.749181,1.6603909,1.1651781
16,0.039971113,9.44678282737732,1.7450222,169.76286,1.819107,1.2217644,0.2862552,8.74777,1.6605225,1.1626034
17,0.042109907,10.818832397460938,1.74943,169.72662,1.8239728,1.2231438,0.28687298,8.751088,1.6602215,1.1649011
18,0.044391513,9.54108476638794,1.7501742,169.71367,1.8246099,1.2235239,0.28706628,8.749378,1.6583747,1.1651095
19,0.036084414,9.24922776222229,1.7501053,169.68672,1.8245031,1.2235225,0.28686672,8.7507,1.6602795,1.1645707
20,0.02953893,9.510201215744019,1.7477938,169.72179,1.8223062,1.2224303,0.28667217,8.750979,1.659904,1.1643308
21,0.03634101,9.607564926147461,1.7482923,169.61891,1.8234566,1.2233384,0.286709,8.750836,1.6603377,1.1653028
22,0.03343457,9.422637224197388,1.7482834,169.69444,1.8228422,1.2225944,0.2869595,8.749671,1.6602914,1.1653192
23,0.03486699,9.338555812835693,1.7499824,169.72046,1.8244172,1.2235147,0.28689504,8.749939,1.6598848,1.1644607
24,0.032600105,9.489108800888062,1.7494973,169.77231,1.8240175,1.2216877,0.2870573,8.745582,1.6572818,1.1653162
25,0.03006792,9.668245077133179,1.7484363,169.77089,1.8231243,1.2225053,0.28693077,8.750282,1.6596285,1.1651654
26,0.03607744,9.300794839859009,1.7501314,169.69545,1.8245119,1.2235012,0.28702503,8.74309,1.659881,1.1648635
27,0.03374058,9.448697328567505,1.749995,169.70279,1.8242311,1.223375,0.2868319,8.750921,1.6605262,1.1640888
28,0.042370677,9.465600728988647,1.7485126,169.77661,1.8234097,1.2229952,0.2867935,8.750945,1.660505,1.1650925
29,0.050801635,9.43822193145752,1.74994,169.6629,1.8242013,1.2234381,0.28706655,8.7418,1.6581945,1.1651304
30,0.036281347,9.238373279571533,1.7458804,166.9005,1.8202547,1.222959,0.28526157,8.749674,1.6605228,1.1608058
31,0.029665232,9.38223147392273,1.7496225,169.77708,1.8241847,1.2235098,0.28682947,8.74733,1.6605272,1.1647998
32,0.032572687,9.430140733718872,1.7498437,166.1861,1.8242333,1.2232391,0.28705356,8.751048,1.6599959,1.1653317
33,0.040911496,9.67518663406372,1.7500832,169.77487,1.8246121,1.2234926,0.2870476,8.750627,1.6597595,1.1652755
34,0.0424338,9.402540445327759,1.7490487,166.55463,1.8235526,1.2232834,0.28669465,8.750133,1.6603616,1.16383
35,0.048795044,9.439486265182495,1.7456777,169.65668,1.8199402,1.2225882,0.28647825,8.7336645,1.660274,1.1650964
36,0.043953955,9.402419328689575,1.7481374,169.71982,1.8223333,1.223333,0.28628144,8.738513,1.6584486,1.164077
37,0.042022288,9.512864828109741,1.749668,169.76535,1.8240705,1.2234454,0.28668988,8.750981,1.6605275,1.1647817
38,0.042428553,11.04416275024414,1.7487516,169.76186,1.8231086,1.2235138,0.28615594,8.748816,1.6593271,1.1628786
39,0.037864923,9.056613206863403,1.748915,169.7392,1.8234538,1.2233245,0.28671205,8.746167,1.6605178,1.1652101
40,0.035537124,9.431279420852661,1.7483649,169.66426,1.8231227,1.2233386,0.28679168,8.7502,1.660514,1.1638979
41,0.029650688,9.362408876419067,1.7480512,169.77493,1.8230933,1.2227082,0.2869622,8.750841,1.6604735,1.1652366
42,0.044934034,9.56023097038269,1.7500017,169.55872,1.8245422,1.2234834,0.2870159,8.746881,1.6595712,1.1649661
43,0.03574586,9.334186315536499,1.7480439,169.76807,1.8222162,1.2233429,0.28591233,8.749849,1.6605282,1.1604795
44,0.029452682,9.445332765579224,1.7501118,169.7667,1.8246219,1.2235129,0.2870667,8.746937,1.6605241,1.1652097
45,0.036260426,9.488214492797852,1.7482857,169.5508,1.8232608,1.2234763,0.28659353,8.745152,1.6603689,1.1651875
46,0.0449847,9.493735551834106,1.7501675,169.77176,1.8246286,1.2232739,0.2870548,8.747903,1.660446,1.1648132
47,0.033999324,9.515785932540894,1.7467785,169.76988,1.820965,1.2217226,0.28640777,8.749818,1.6599598,1.1632035
48,0.040259182,9.608253717422485,1.7443011,169.48828,1.8189462,1.2202733,0.28647476,8.743554,1.6595662,1.1648594
49,0.038885534,9.513439178466797,1.7500367,169.70651,1.8242843,1.2232039,0.28704724,8.75037,1.6584857,1.1652229
50,0.036972344,9.37079906463623,1.7457092,169.58972,1.8200037,1.2212925,0.28658506,8.746316,1.6604054,1.165022
51,0.044282436,9.467641592025757,1.7450739,169.75542,1.8199209,1.2223984,0.2859033,8.746648,1.6605209,1.1637018
52,0.038772345,9.509437084197998,1.7501256,169.75528,1.8246197,1.2234997,0.2870331,8.75021,1.6605228,1.1651502
53,0.042390585,9.332213878631592,1.750147,169.6733,1.82459,1.2232271,0.2870408,8.7508745,1.6604936,1.1652415
54,0.048639655,9.569899797439575,1.747416,169.57011,1.8228517,1.2229398,0.28668705,8.750539,1.6593342,1.1645291
55,0.021381915,9.40690803527832,1.7501564,169.7545,1.8244935,1.2235086,0.28695822,8.748943,1.6603994,1.1650099
56,0.043928623,9.43216061592102,1.7441602,169.77388,1.8181294,1.2200361,0.2861997,8.747823,1.6594875,1.1643903
57,0.028281748,9.528330087661743,1.7469567,169.71568,1.8209131,1.2215412,0.28661686,8.750332,1.6599113,1.1648239
58,0.047559083,9.291934251785278,1.7476727,169.66896,1.8227011,1.2222654,0.2868985,8.749992,1.6605147,1.165145
59,0.038701296,9.333760499954224,1.7499205,169.57866,1.8243587,1.2232687,0.28706497,8.750818,1.6600512,1.1653222
60,0.039995193,11.150611400604248,1.7498448,169.49905,1.8244503,1.2232575,0.2870664,8.750168,1.6596562,1.1646254
61,0.038574457,9.076908588409424,1.7500601,169.68137,1.8245742,1.2233984,0.28702882,8.743953,1.6605273,1.1645837
62,0.03531736,9.38101863861084,1.7498261,167.28444,1.8243148,1.2235013,0.28699192,8.738072,1.6600308,1.1646059
63,0.036326647,9.38258695602417,1.7500494,169.61945,1.8246088,1.223132,0.28706077,8.748487,1.6603248,1.1651689
64,0.040427804,9.504939556121826,1.7487715,169.7619,1.8234078,1.2211435,0.28699622,8.748216,1.6598065,1.165066
65,0.023421109,9.63298487663269,1.746191,169.6337,1.8202521,1.221144,0.28606662,8.750825,1.6587446,1.1631876
66,0.033907294,9.302510738372803,1.7469872,165.69818,1.8217151,1.2203243,0.28691283,8.750903,1.6599666,1.1649467
67,0.03561902,9.47132158279419,1.7499478,169.77882,1.824428,1.2235178,0.287025,8.7478895,1.6604948,1.1653035
68,0.025914371,9.253742218017578,1.7479631,169.73611,1.8206854,1.2212262,0.2865623,8.74746,1.6590635,1.1641247
69,0.03858906,9.298181772232056,1.7501729,169.52136,1.8246268,1.2235188,0.2870392,8.750894,1.6603558,1.1653337
70,0.046152472,9.582265615463257,1.7462171,169.74796,1.8208076,1.2227919,0.285984,8.748982,1.6604363,1.1638362
71,0.029158652,9.426323413848877,1.749427,169.76616,1.8240994,1.2230902,0.2870665,8.747203,1.6600572,1.1653227
72,0.038631737,9.368260622024536,1.7501607,169.6795,1.824621,1.2234577,0.28706348,8.749216,1.6594514,1.1648507
73,0.04446304,9.754073143005371,1.7491851,169.7788,1.8227746,1.2233769,0.28626528,8.751042,1.6601768,1.1645093
74,0.03586471,9.316914796829224,1.7446153,169.45668,1.8192948,1.2219521,0.28615066,8.747181,1.6605004,1.1635314
75,0.032450378,9.495909214019775,1.7482814,166.42143,1.8229767,1.2234797,0.28620118,8.751037,1.6600375,1.1618757
76,0.038016975,9.513431310653687,1.7467571,169.47025,1.8207643,1.222063,0.28658506,8.72739,1.6604885,1.1643789
77,0.041867375,9.506723165512085,1.7482345,169.63014,1.8227613,1.2227077,0.28676718,8.749639,1.6594261,1.1646405
78,0.032788098,9.320110559463501,1.74965,169.77264,1.8240844,1.2230991,0.28704914,8.747223,1.6605242,1.1651729
79,0.039500356,9.506210565567017,1.7494212,169.6697,1.8241351,1.2235085,0.28674847,8.751087,1.6598946,1.164815
80,0.032548785,9.541922092437744,1.745816,166.22107,1.8207679,1.2213919,0.28661248,8.748677,1.6587698,1.1647273
81,0.03873539,9.446426630020142,1.749133,169.72687,1.824158,1.223518,0.28677598,8.744956,1.6596622,1.1648624
82,0.035192907,9.430083751678467,1.7490628,169.6629,1.8233296,1.222232,0.28697407,8.750376,1.6603158,1.1652817
83,0.030915797,11.062264442443848,1.749305,169.77876,1.8230237,1.221353,0.2870662,8.74526,1.6584654,1.1652347
84,0.042751312,9.50381875038147,1.7498524,169.41745,1.824551,1.222868,0.28702378,8.750454,1.6604149,1.1649612
85,0.039102137,9.379781484603882,1.7492138,169.77277,1.8234357,1.2234704,0.28650492,8.75094,1.6597371,1.1639822
86,0.024460435,9.429866552352905,1.7499847,169.72423,1.8242762,1.2224003,0.28701973,8.746414,1.6601472,1.1651933
87,0.036950767,9.394313335418701,1.750127,169.59029,1.824578,1.2227721,0.28706,8.746484,1.6604835,1.1651256
88,0.037482202,9.513389348983765,1.7501326,167.27095,1.8245704,1.2235241,0.28693593,8.740904,1.6600232,1.1648729
89,0.036279857,9.378356456756592,1.7501608,169.61945,1.8246214,1.22277,0.2870412,8.750493,1.6605273,1.1652445
90,0.04052651,9.468656301498413,1.7484926,169.56688,1.8227682,1.2232713,0.28663522,8.735606,1.6602361,1.1652269
91,0.037252903,9.422687530517578,1.7454658,169.33372,1.821326,1.2207484,0.28691056,8.740621,1.6596088,1.1652659
92,0.034943163,9.595853090286255,1.7461951,166.27481,1.8206822,1.2229928,0.2859808,8.745276,1.660493,1.1626239
93,0.025613666,9.294154167175293,1.7500287,169.75969,1.8242711,1.223403,0.28693563,8.745342,1.660286,1.1650032
94,0.02617699,9.615375995635986,1.7489731,166.10446,1.8234582,1.2234739,0.2863085,8.742353,1.6605244,1.1620736
95,0.03378254,9.393827199935913,1.7472147,169.70158,1.8216348,1.2232276,0.28606924,8.751089,1.6605185,1.1640934
96,0.041686594,9.516022205352783,1.7422209,169.67902,1.8156399,1.2210321,0.28519416,8.743687,1.6601534,1.1614524
97,0.030960083,9.631935834884644,1.7500191,169.77644,1.8245621,1.2234844,0.2870518,8.739547,1.6603844,1.1652378
98,0.034108102,9.65991735458374,1.7468147,169.77739,1.8219342,1.2224135,0.28669292,8.751097,1.6605111,1.1650727
99,0.041224778,9.428374767303467,1.7500981,169.52449,1.8245361,1.2235241,0.28700978,8.750191,1.6594045,1.1642823
100,0.04059434,9.597004413604736,1.7500408,166.55003,1.8245625,1.2234508,0.28688598,8.749837,1.658811,1.1649163
101,0.042109013,9.473352432250977,1.750176,169.48282,1.8245826,1.2223688,0.2868143,8.751019,1.6578788,1.1644468
102,0.038789093,9.609694480895996,1.7499663,169.75919,1.8244433,1.2235081,0.28705603,8.744011,1.6604147,1.1652638
103,0.04126519,9.231305122375488,1.7464395,167.2078,1.8212113,1.2199838,0.28688663,8.746457,1.6590605,1.164049
104,0.027548969,9.538991928100586,1.7501472,169.72293,1.8245378,1.2235092,0.28706232,8.748252,1.6605223,1.1653353
105,0.036896825,9.435124397277832,1.7494806,169.6891,1.8238119,1.2229733,0.28694615,8.750971,1.6599979,1.165335
106,0.03669989,11.137196063995361,1.748032,169.77855,1.8219253,1.2229011,0.28623942,8.748102,1.6604435,1.1637249
107,0.033602834,9.457480907440186,1.7492186,169.67316,1.823649,1.2234427,0.28673843,8.750342,1.6604514,1.1646309
108,0.03684783,9.680189609527588,1.7490033,169.56345,1.8237824,1.2234182,0.28685167,8.749295,1.6605003,1.164703
109,0.038847327,9.516973495483398,1.7482038,169.77844,1.8221071,1.2219313,0.28667605,8.750858,1.6595075,1.1649519
110,0.04383129,9.390496730804443,1.7479887,169.73633,1.8226557,1.221538,0.2868308,8.751086,1.6603411,1.165116
111,0.045499682,9.586090803146362,1.7484834,169.44589,1.823194,1.2233875,0.28687298,8.741514,1.6602291,1.1653229
112,0.033557177,9.740955591201782,1.7472981,166.72908,1.822212,1.2232858,0.28600472,8.750672,1.6605239,1.1631905
113,0.04036033,9.710487365722656,1.7499033,169.61412,1.8242979,1.2235003,0.28704947,8.750065,1.658475,1.1651497
114,0.032536805,9.524845361709595,1.7498828,169.77826,1.8243222,1.2232257,0.28695324,8.739101,1.660438,1.1647243
115,0.04066789,9.771190881729126,1.7492709,166.33049,1.8237756,1.2226374,0.2870239,8.751078,1.6604942,1.1653241
116,0.043649614,9.54909086227417,1.7497896,169.73915,1.8240448,1.2235075,0.28634146,8.750982,1.6598035,1.1633315
117,0.026285648,9.44806694984436,1.7489096,169.69736,1.8225676,1.2222824,0.2870349,8.740229,1.6579072,1.1651807
118,0.036422014,9.532158613204956,1.7501323,166.9877,1.8246136,1.2234182,0.28703743,8.751079,1.6597577,1.1651002
119,0.03575033,9.40620732307434,1.7500359,169.75246,1.8243915,1.2235209,0.28676647,8.748808,1.660528,1.1643431
120,0.04469484,9.304675817489624,1.7500914,169.54126,1.8246083,1.2233251,0.28691527,8.750866,1.6575607,1.1649789
121,0.038511038,9.510634183883667,1.7471597,169.72351,1.8224988,1.2221311,0.28674853,8.75033,1.6605252,1.1641747
122,0.041297615,9.401828527450562,1.7496927,169.77855,1.824019,1.2234896,0.28684583,8.75109,1.6604674,1.1649041
123,0.029998899,9.46191930770874,1.7491428,169.7605,1.8236957,1.2224711,0.28705508,8.750886,1.6595968,1.1652778
124,0.031189144,9.615252017974854,1.7496467,166.69499,1.8239514,1.2223451,0.28705734,8.750986,1.6594596,1.1653101
125,0.037651062,9.422042608261108,1.7479727,166.13333,1.8229654,1.2217851,0.28699204,8.750956,1.6603976,1.1653355
126,0.0395633,9.465195178985596,1.7452334,169.63885,1.8200139,1.2215283,0.2864547,8.748809,1.6604681,1.1646881
127,0.018997073,9.576175689697266,1.7500931,169.77042,1.8246286,1.2235212,0.2870539,8.75096,1.6596746,1.1653235
128,0.035084546,9.482470512390137,1.7501687,169.77748,1.8246129,1.2235037,0.2870655,8.750755,1.6605276,1.1652142
129,0.03635317,11.310927152633667,1.7465572,169.2583,1.8209975,1.2220271,0.28650776,8.740455,1.6600885,1.1647469
130,0.04724902,9.093788623809814,1.7447629,169.37065,1.8210019,1.2225444,0.2865977,8.735114,1.6600797,1.1650233
131,0.036440253,9.583101987838745,1.7460461,169.64832,1.8198782,1.22172,0.28614256,8.750371,1.6602125,1.1626692
132,0.042072415,9.401793479919434,1.7495142,169.70955,1.8240597,1.2228962,0.28702042,8.750632,1.6604453,1.1651973
133,0.040445864,9.614444017410278,1.7487907,169.73785,1.8231703,1.2225307,0.28688967,8.750671,1.6599408,1.1652912
134,0.032848716,9.276306629180908,1.7492872,169.68333,1.8235049,1.2224729,0.28704238,8.74922,1.6604483,1.1652491
135,0.03143108,9.603615999221802,1.7460425,169.6191,1.8206408,1.2220235,0.28634804,8.74948,1.660438,1.1641917
136,0.025496662,9.58231258392334,1.7477027,169.6916,1.8227136,1.2223724,0.28687596,8.750088,1.6603891,1.1651254
137,0.043605387,9.553382158279419,1.7492678,169.68896,1.8239205,1.2233258,0.2868882,8.750771,1.6600525,1.1648949
138,0.033863842,9.792544841766357,1.7472019,169.56384,1.822201,1.2223364,0.28674027,8.748735,1.6605226,1.1649611
139,0.033379972,9.297313451766968,1.7495972,169.75548,1.8242254,1.2229055,0.28704438,8.751099,1.6603123,1.1653143
140,0.024692237,9.389035701751709,1.7464665,169.70973,1.8202131,1.2214493,0.28640896,8.750589,1.6595147,1.1641737
141,0.03003323,9.459295511245728,1.7499782,166.56142,1.8245049,1.2234415,0.2869462,8.7504015,1.6605197,1.1648426
142,0.03411001,9.337313413619995,1.7493626,169.77394,1.8239347,1.2235241,0.28668645,8.750938,1.6605233,1.1632113
143,0.031703472,9.45555305480957,1.7457412,169.77583,1.8193188,1.2213347,0.28646284,8.745245,1.6600547,1.1635362
144,0.032114804,9.400024652481079,1.7478366,169.77881,1.8226323,1.2205594,0.28696543,8.750778,1.6601366,1.1653321
145,0.031332612,9.295212268829346,1.7447513,165.8238,1.8185862,1.2210451,0.2859705,8.744739,1.6578906,1.1613461
146,0.03244078,9.445047378540039,1.7454501,169.6098,1.819927,1.2214106,0.28641725,8.746304,1.6590296,1.1645365
147,0.03744638,9.477867126464844,1.7499505,169.66663,1.8245183,1.2232975,0.287064,8.749353,1.6603311,1.1652954
148,0.02782172,9.433682918548584,1.7488258,169.71486,1.8234255,1.2226756,0.28690353,8.749308,1.6579986,1.1648653
149,0.035823405,9.373817443847656,1.748589,169.47992,1.8236783,1.2225285,0.28703955,8.750168,1.6605197,1.1653116
150,0.03928882,9.441101551055908,1.7501462,169.65186,1.8245323,1.2234089,0.28693688,8.745674,1.6602697,1.16445
151,0.032996416,9.465718746185303,1.7499151,169.62346,1.82418,1.2229735,0.2870655,8.750752,1.6596794,1.1653339
152,0.037713587,9.408836126327515,1.7478547,169.77496,1.8224503,1.2230365,0.28647172,8.750991,1.6605278,1.1640193
153,0.041594625,11.139181137084961,1.7499659,169.75847,1.8245158,1.2234789,0.2870196,8.7510195,1.6596397,1.1649272
154,0.042437494,9.12621545791626,1.7463332,169.74902,1.8202002,1.2207736,0.28633332,8.750845,1.6599634,1.1643232
155,0.038469255,9.389370441436768,1.7497796,166.06894,1.8238811,1.2234379,0.2867033,8.747498,1.660512,1.1633766
156,0.042441845,9.553463697433472,1.7463547,169.62083,1.8196187,1.2223294,0.28592354,8.739308,1.6602829,1.1638473
157,0.0351398,9.419177770614624,1.749248,167.09741,1.8234166,1.2220783,0.28706604,8.749908,1.6590043,1.1652889
158,0.031648815,9.380091428756714,1.7472898,169.40656,1.8221529,1.2217602,0.2868982,8.7474165,1.6603029,1.1653355
159,0.035423636,9.60729718208313,1.7493429,169.55933,1.8240672,1.223257,0.28693035,8.750785,1.6605242,1.1649988
160,0.037197113,9.483288049697876,1.7491657,166.7931,1.8237377,1.2231057,0.2868583,8.745327,1.6605273,1.1653233
161,0.041297615,9.241817474365234,1.7501141,169.69545,1.8246312,1.2232646,0.28697935,8.749254,1.6595398,1.1645142
162,0.03764534,9.659373044967651,1.7488338,169.6806,1.8230059,1.2217472,0.28692052,8.750338,1.6605272,1.1652801
163,0.037285507,9.654587745666504,1.7407191,169.73651,1.8137028,1.2204012,0.2850849,8.736543,1.6589477,1.1596745
164,0.031285644,9.68650507926941,1.7501727,169.76236,1.8246315,1.2234565,0.28691572,8.743028,1.6595161,1.164967
165,0.04602486,9.249086141586304,1.7482541,169.36136,1.8232982,1.2230661,0.28693506,8.749593,1.6605172,1.1652989
166,0.030065954,9.428456544876099,1.737263,169.29034,1.8118426,1.2162606,0.2863449,8.727968,1.6559409,1.164957
167,0.030714095,9.440147161483765,1.7489587,169.3445,1.8234665,1.2231455,0.28681636,8.750326,1.6604197,1.1646098
168,0.047235906,9.570213079452515,1.7485585,169.49063,1.8234861,1.2232,0.28671145,8.750618,1.6600887,1.1653354
169,0.03072393,9.431859254837036,1.7461625,166.08028,1.8213583,1.2186118,0.28704795,8.750601,1.6579045,1.1650715
170,0.035579443,9.324973344802856,1.7492247,169.72356,1.8233411,1.2224368,0.2869671,8.750675,1.6589942,1.1652046
171,0.055768907,9.53309679031372,1.749406,169.5508,1.8238935,1.2235028,0.2866026,8.746541,1.6580681,1.163971
172,0.041151285,9.429707050323486,1.7472508,169.77557,1.8219974,1.2217976,0.28685445,8.751005,1.6604933,1.1651595
173,0.03729236,9.463994979858398,1.7491162,169.54008,1.8239369,1.2234374,0.28679755,8.746111,1.6605272,1.1646391
174,0.036139667,9.470396757125854,1.7463003,169.77864,1.8202833,1.2227657,0.28589952,8.739907,1.6602732,1.16152
175,0.035516024,9.489343166351318,1.7488359,169.62845,1.8233054,1.2228513,0.28692406,8.750961,1.6605116,1.1652802
176,0.047569335,9.56080937385559,1.7494954,169.67259,1.8239808,1.2232982,0.2869414,8.751035,1.6590661,1.1632317
177,0.03855592,9.354485034942627,1.7439382,169.70023,1.8186564,1.2208885,0.28642973,8.740553,1.6602535,1.1650217
178,0.020843983,10.923209190368652,1.7496746,169.77881,1.8240258,1.223038,0.2870411,8.749301,1.6605003,1.1649674
179,0.031568408,9.418890714645386,1.7494434,169.76825,1.8235383,1.2231659,0.28702646,8.734615,1.6599718,1.1652992
180,0.03862828,9.373071908950806,1.7501475,169.70769,1.8245742,1.2235094,0.28688756,8.750883,1.6601301,1.1646463
181,0.039360642,9.434708595275879,1.749678,169.74944,1.8240365,1.2235236,0.2864608,8.747995,1.6603856,1.1617006
182,0.044360638,9.669439554214478,1.7479023,169.23532,1.8231151,1.223211,0.28672272,8.744157,1.6598558,1.1649498
183,0.04394746,9.590194463729858,1.7500032,167.71095,1.8245509,1.2232118,0.28677619,8.749908,1.6582979,1.1650122
184,0.034567535,9.432029962539673,1.7496272,169.77882,1.8240381,1.222951,0.28696647,8.75093,1.6601108,1.164977
185,0.036103487,9.506865739822388,1.7494072,169.20886,1.8242755,1.2233546,0.2869464,8.751098,1.6598674,1.1653208
186,0.04528153,9.355416774749756,1.7500141,169.5713,1.824594,1.223453,0.28702807,8.748885,1.6591487,1.1653255
187,0.03839308,9.514330387115479,1.7485185,169.76262,1.8234516,1.2234092,0.28675604,8.749134,1.6603986,1.1650473
188,0.037671924,9.539476871490479,1.7459649,169.77701,1.8198082,1.2221326,0.2861059,8.747572,1.6605221,1.1620438
189,0.03901148,9.732319116592407,1.7501729,166.73053,1.8246291,1.223521,0.28690824,8.74143,1.6595529,1.1646633
190,0.048159122,9.594321250915527,1.7455587,169.77847,1.8188695,1.2229052,0.28523585,8.746382,1.6594087,1.1623952
191,0.028681934,9.81171727180481,1.7482849,169.7509,1.8224702,1.2225198,0.28660846,8.751098,1.6588265,1.164163
192,0.031162143,9.347317934036255,1.7495067,166.30621,1.8241305,1.2227665,0.2870326,8.750179,1.6605194,1.1653352
193,0.04001409,9.487197160720825,1.7501755,169.69774,1.8246282,1.223266,0.28696418,8.750469,1.6583939,1.165317
194,0.04151815,9.474323034286499,1.742253,169.56487,1.8159846,1.2213149,0.28561231,8.741402,1.6604469,1.1619613
195,0.03536898,9.584287405014038,1.7499491,169.768,1.8244237,1.2233278,0.2870221,8.747274,1.6602844,1.1651946
196,0.0344491,9.352271556854248,1.7484175,169.59822,1.8228549,1.2208871,0.28703937,8.748456,1.6602441,1.1648699
197,0.044831395,9.415618419647217,1.7444652,167.02235,1.8196218,1.2226167,0.28589067,8.742688,1.6605098,1.1645188
198,0.034101307,9.337212800979614,1.7495373,169.76817,1.8240398,1.2231673,0.2870604,8.74928,1.6604322,1.165209
199,0.03101939,9.56214427947998,1.7460034,169.53632,1.8212088,1.2232736,0.28587028,8.749204,1.6604428,1.1602442
200,0.045336485,9.499297380447388,1.7485803,169.65883,1.822738,1.2231396,0.286639,8.748247,1.6587932,1.1641533
201,0.045321226,9.484375476837158,1.7500849,169.75429,1.8245198,1.2235215,0.28706667,8.742424,1.6597154,1.1652931
202,0.032676935,11.368115425109863,1.747682,169.74507,1.8224049,1.2215885,0.28681538,8.7491865,1.658789,1.1648375
203,0.04085654,9.199418306350708,1.7486249,169.62956,1.8226395,1.2223543,0.2866228,8.748582,1.6596838,1.164407
204,0.043237567,9.168299674987793,1.7458507,169.76538,1.8200469,1.2210282,0.28650612,8.751076,1.6604447,1.1634401
205,0.038847446,9.557612657546997,1.749975,169.72586,1.8244463,1.2235037,0.28698155,8.74865,1.6605245,1.1649297
206,0.028829038,9.737777471542358,1.7500561,169.69379,1.8245696,1.2235235,0.28701195,8.749413,1.6602219,1.1649544
207,0.03503871,9.256491661071777,1.7500113,169.74503,1.8244873,1.2235047,0.28688288,8.751012,1.6604491,1.164267
208,0.03585553,9.432592391967773,1.7497252,169.55437,1.8243109,1.2229682,0.2870661,8.750491,1.6604942,1.1653222
209,0.04111111,9.494460582733154,1.7471635,169.6058,1.8228755,1.2225637,0.2868959,8.7503195,1.6605098,1.1653132
210,0.039750338,9.412176847457886,1.7499379,169.64308,1.8244463,1.2235059,0.28698197,8.751094,1.6603322,1.1653203
211,0.037540376,9.50160813331604,1.7500597,169.7611,1.8244789,1.223212,0.28702915,8.750702,1.6596227,1.1648957
212,0.029719949,9.623271226882935,1.7469534,169.7787,1.8210608,1.2205778,0.28676084,8.748255,1.6576483,1.1643806
213,0.023060739,9.439465999603271,1.7466396,169.77797,1.8212779,1.2219222,0.28672755,8.750645,1.6600621,1.1652685
214,0.041615844,9.403983116149902,1.7463628,169.70497,1.8203552,1.2212017,0.2864499,8.750807,1.6602416,1.1639795
215,0.050779104,9.539532899856567,1.7467291,169.72656,1.8218406,1.222961,0.2863921,8.746874,1.6605265,1.1647005
216,0.04808855,9.735171794891357,1.7468925,169.70279,1.8214228,1.2229564,0.28601038,8.749109,1.6604012,1.1622523
217,0.025224388,9.33227825164795,1.7465367,169.72862,1.8206191,1.2209574,0.28670433,8.748731,1.6578605,1.1638463
218,0.033838928,9.404443502426147,1.7493088,169.7739,1.8236619,1.2233763,0.28682825,8.751025,1.6599194,1.1640813
219,0.03387004,9.485801935195923,1.7497978,169.74077,1.8244578,1.2230426,0.28706658,8.750572,1.6603287,1.1650698
220,0.040052176,9.42707109451294,1.7494917,169.35738,1.8240594,1.2234724,0.28677785,8.749166,1.6603279,1.1646053
221,0.032541573,9.334117650985718,1.7485983,165.59819,1.8233671,1.2234751,0.28652713,8.751047,1.6604774,1.1636161
222,0.029620528,9.46641755104065,1.7467796,169.76154,1.8211758,1.2219743,0.2868998,8.737507,1.6604059,1.1651406
223,0.048019648,9.400970458984375,1.7491864,169.4972,1.8237951,1.2228854,0.28692162,8.747608,1.6603172,1.1649708
224,0.03914064,9.583714485168457,1.7501096,169.6916,1.8246201,1.2234342,0.28703353,8.750547,1.6598738,1.1652937
225,0.03860092,9.769249677658081,1.7496485,169.74841,1.8239872,1.2234418,0.28648394,8.75109,1.6604398,1.1624125
226,0.04073912,9.521113872528076,1.7472614,169.55333,1.8217647,1.2229877,0.28658587,8.74864,1.6599759,1.1640629
227,0.03807515,9.365469932556152,1.7495769,169.64998,1.8243043,1.2233182,0.28686398,8.750099,1.6601578,1.1647463
228,0.03982234,11.374006271362305,1.7500148,169.77873,1.8243668,1.2235192,0.28660727,8.748985,1.6604617,1.1624389
229,0.031621933,9.398859977722168,1.7498521,169.50438,1.8245466,1.223421,0.28706607,8.750859,1.6604986,1.1651827
230,0.044726253,9.325675249099731,1.7466633,166.90338,1.8210101,1.2211417,0.28682736,8.750625,1.6605066,1.1653324
231,0.030612528,9.40642762184143,1.7500806,169.68356,1.8244858,1.2235042,0.28684765,8.738135,1.6602067,1.1647819
232,0.040472507,9.626472234725952,1.7494302,169.66618,1.8241214,1.2234843,0.2869044,8.750368,1.6601849,1.1653123
233,0.026468754,9.708162307739258,1.7476487,169.43156,1.822685,1.2227726,0.28671423,8.740419,1.6598283,1.1649889
234,0.032571137,9.52208685874939,1.7501062,169.69554,1.824486,1.2235181,0.2869578,8.750958,1.6604966,1.1652805
235,0.030970812,9.596815824508667,1.7495745,169.73529,1.8235153,1.2229421,0.28701136,8.7465725,1.6604503,1.1647223
236,0.031906903,9.464886903762817,1.7499534,169.76256,1.8243322,1.2231599,0.28706092,8.751044,1.6605282,1.1650578
237,0.03741485,9.513485670089722,1.7455949,169.74535,1.8199886,1.2206367,0.28663576,8.7504425,1.6598023,1.1646433
238,0.04562962,9.473129510879517,1.7498654,169.76364,1.8241637,1.2222506,0.28702724,8.749302,1.6571047,1.1652635
239,0.03892225,9.436585664749146,1.7499728,169.44917,1.8246175,1.2235088,0.2870655,8.751099,1.6598251,1.1651864
240,0.04461813,9.42337679862976,1.7479955,169.77477,1.8227241,1.2228993,0.28663078,8.750903,1.6604769,1.1635761
241,0.039210856,9.489099025726318,1.7483972,169.69322,1.8229576,1.2232299,0.28658357,8.751085,1.6602999,1.1635137
242,0.03769684,9.478507041931152,1.7492266,169.25829,1.8236659,1.2230072,0.28694034,8.749959,1.6604328,1.1651677
243,0.049539924,9.504280090332031,1.7468088,169.77357,1.821551,1.2235212,0.285551,8.744282,1.6595613,1.1597549
244,0.028874516,9.538261890411377,1.7471106,169.69867,1.8218277,1.2227659,0.2865073,8.751004,1.6596247,1.1651088
245,0.03953296,9.410503149032593,1.7496113,169.73167,1.8241656,1.2229711,0.2870547,8.75093,1.6597185,1.1653236
246,0.042955518,9.534027576446533,1.7493439,169.51102,1.8240757,1.2233524,0.286793,8.750734,1.6598778,1.1652775
247,0.03212416,9.511521100997925,1.7489319,169.757,1.8237559,1.2228928,0.2869537,8.751053,1.6602463,1.1650529
248,0.036602676,9.376608610153198,1.750166,169.75548,1.8246331,1.223505,0.2870046,8.737479,1.6600496,1.1652516
249,0.03135693,9.565897464752197,1.7486088,169.33519,1.8238916,1.2231627,0.28696504,8.751061,1.6605282,1.1653125
250,0.034890413,9.427360773086548,1.7498533,169.70857,1.8240603,1.2232991,0.28671375,8.738461,1.6605119,1.164066
251,0.03940481,9.245019674301147,1.7497201,169.68431,1.824203,1.2233464,0.2869581,8.75038,1.6603267,1.1644303
252,0.031822324,9.468499898910522,1.7482783,169.77873,1.8231632,1.2224044,0.28691843,8.750346,1.6600516,1.1652902
253,0.04590535,9.323919773101807,1.742092,169.3982,1.8170803,1.2210925,0.2857777,8.733783,1.6604055,1.1633129
254,0.038787246,11.525517225265503,1.74602,169.77866,1.8191803,1.2218088,0.28597343,8.750712,1.6601337,1.1625891
255,0.036327243,9.504751205444336,1.7473837,169.47221,1.8224815,1.2231011,0.2866181,8.744642,1.660484,1.164235
256,0.036677957,9.655391454696655,1.7476207,163.4012,1.8224155,1.2230841,0.28645942,8.748082,1.6595813,1.1641392
257,0.02873981,9.46039867401123,1.747072,169.67172,1.8220861,1.2217453,0.2868849,8.750623,1.6579609,1.1651487
258,0.035825014,9.53384804725647,1.7457485,169.28542,1.8213102,1.222495,0.28641158,8.743523,1.6603448,1.1645083
259,0.042182446,9.685342788696289,1.7501705,169.6947,1.824613,1.2235194,0.2870596,8.7453985,1.6600753,1.1653353
260,0.04537487,9.551133394241333,1.7461566,169.27428,1.8214117,1.2222832,0.28657088,8.743022,1.6605022,1.1649432
261,0.03746718,9.564759016036987,1.7472011,169.68335,1.8214933,1.2229404,0.2863375,8.7404785,1.6604869,1.1634499
262,0.039761066,9.423240661621094,1.7478594,169.21379,1.8227899,1.2233479,0.28651425,8.748786,1.6581867,1.1638035
263,0.036438882,9.52607274055481,1.7416707,169.76616,1.8170767,1.220689,0.28570667,8.751076,1.6596335,1.1628231
264,0.046410978,9.322648525238037,1.7501718,169.69392,1.8245556,1.2235185,0.2870653,8.748927,1.6599686,1.1653162
265,0.032728255,9.516303777694702,1.7492629,169.75558,1.8236573,1.2233262,0.2867392,8.751027,1.6605284,1.1644516
266,0.041857123,9.581506967544556,1.7490185,169.36081,1.8239689,1.2235241,0.2867614,8.750746,1.6597182,1.1650435
267,0.03264582,9.387846946716309,1.7455885,169.77875,1.8186545,1.2219727,0.28552654,8.747218,1.6601101,1.1630057
268,0.043869734,9.439468145370483,1.741632,169.50989,1.8162192,1.222146,0.28530103,8.730215,1.6600139,1.1634858
269,0.030693471,9.6696195602417,1.7501762,169.77518,1.8246021,1.2235228,0.2870641,8.74559,1.6604031,1.1652446
270,0.03267294,9.598317623138428,1.7482331,169.77823,1.8227143,1.2221069,0.28680816,8.750326,1.6603409,1.1646233
271,0.04361683,9.346903324127197,1.7499621,169.77841,1.8241996,1.2231238,0.2869967,8.750899,1.6597248,1.1653073
272,0.03596282,9.425936222076416,1.7501637,165.45996,1.8246226,1.2231226,0.28695872,8.751087,1.6587127,1.1651368
273,0.047142744,9.714203357696533,1.7496248,169.70279,1.8241205,1.2234578,0.2868371,8.74971,1.6602604,1.165076
274,0.03807491,9.371825456619263,1.748845,169.69252,1.8233315,1.2232494,0.2866386,8.750565,1.6604525,1.1644925
275,0.038992047,9.40467095375061,1.7473671,169.63014,1.8222579,1.2222049,0.28670093,8.751099,1.6604465,1.1652542
276,0.029333174,9.47558069229126,1.7495818,169.74603,1.8239521,1.222899,0.28679666,8.7430725,1.6594203,1.1641058
277,0.047614336,9.471757411956787,1.7464132,169.77878,1.82065,1.2213826,0.28628725,8.748437,1.6598556,1.1635509
278,0.039789915,9.296975374221802,1.7449663,169.62897,1.8197124,1.2221793,0.286215,8.748633,1.6604941,1.1625266
279,0.046097815,9.26459813117981,1.7496405,169.75145,1.8241997,1.2235048,0.28666413,8.749125,1.6601217,1.1645061
280,0.036931217,11.386678218841553,1.7466812,166.59618,1.8200978,1.222375,0.28625482,8.7507515,1.6605221,1.1643996
281,0.0347203,9.26106572151184,1.7495872,169.77231,1.8239068,1.2233231,0.28700152,8.746947,1.6605281,1.1649034
282,0.037892222,9.50999927520752,1.7498437,169.77611,1.8241951,1.2233734,0.28662968,8.747048,1.6603564,1.1630816
283,0.041246176,9.478576421737671,1.7501729,169.74846,1.8246323,1.2234689,0.28694823,8.739479,1.6603498,1.1647773
284,0.030555189,9.461567878723145,1.749618,169.7607,1.8241873,1.2230172,0.28699732,8.747786,1.659872,1.165217
285,0.03931302,9.462680101394653,1.7480398,169.671,1.8235567,1.2235184,0.28652546,8.750224,1.6603663,1.164759
286,0.032171726,9.53397011756897,1.7496074,166.18056,1.8243253,1.223414,0.2869959,8.749669,1.660449,1.1648401
287,0.04007584,9.305122375488281,1.7488139,169.77376,1.8232042,1.2234207,0.28631157,8.751006,1.6592978,1.1620846
288,0.030186594,9.387566328048706,1.7501665,169.77155,1.8246138,1.2233645,0.2870535,8.74014,1.6605059,1.1653253
289,0.042091012,9.541130304336548,1.7501348,169.72897,1.8246307,1.2228615,0.28698835,8.744757,1.6579698,1.1653131
290,0.038610816,9.516886234283447,1.7466766,169.60526,1.8216747,1.222547,0.28634176,8.748669,1.6600975,1.1638201
291,0.041220427,9.268414974212646,1.746481,169.71895,1.8209245,1.2230428,0.2861518,8.7496395,1.6602705,1.1630028
292,0.04388374,9.276864290237427,1.7466768,169.43309,1.8219703,1.2229807,0.28646687,8.739065,1.6605284,1.1644573
293,0.039931178,9.30860710144043,1.7493473,169.7718,1.8235444,1.2232175,0.28677297,8.751066,1.6601284,1.1649408
294,0.026382387,9.399940252304077,1.7485329,169.63249,1.8226498,1.2233742,0.2864551,8.749477,1.6604621,1.1640896
295,0.029594481,9.432382822036743,1.7453338,169.72534,1.8207632,1.2198781,0.2868798,8.750806,1.6562756,1.1652739
296,0.028241634,9.453736543655396,1.7494624,169.7768,1.824123,1.2230393,0.28704378,8.751084,1.6592929,1.1652644
297,0.054006636,9.359306335449219,1.7492412,165.42097,1.8236511,1.223375,0.28680524,8.751092,1.6599777,1.16458
298,0.03469038,9.336393594741821,1.7444705,169.59029,1.8191518,1.2212646,0.2864859,8.742001,1.6603248,1.1647065
299,0.038728356,9.429147243499756,1.7485609,169.74817,1.8230951,1.2231779,0.2866467,8.750288,1.6604853,1.1650401
300,0.036510408,9.410741090774536,1.7493051,169.52692,1.823735,1.2233334,0.28677925,8.747792,1.6605204,1.1640254
301,0.04592675,9.366122484207153,1.744592,167.1169,1.819736,1.2227672,0.285662,8.746249,1.6601211,1.1624143
302,0.030347466,9.548946857452393,1.7496834,169.00261,1.8239186,1.2231063,0.28695503,8.745007,1.6603097,1.1652145
303,0.03255099,9.38974928855896,1.747303,169.65326,1.8220332,1.2219566,0.28678954,8.748059,1.6602995,1.1643919
304,0.024225533,9.414917945861816,1.7480544,169.75926,1.8214658,1.2223392,0.28650957,8.75079,1.6598159,1.1629715
305,0.03373438,9.51326584815979,1.7485851,169.76256,1.8228123,1.2225758,0.2867432,8.751095,1.6605039,1.1649693
306,0.04598528,9.241837501525879,1.7497381,169.77806,1.8240023,1.2235241,0.28645474,8.750995,1.6588408,1.1625022
307,0.03775388,11.210625886917114,1.7459989,169.77617,1.8205664,1.2221674,0.28648686,8.745514,1.6602945,1.1642842
308,0.04283309,9.315044641494751,1.747719,169.43181,1.8221022,1.221839,0.28686735,8.750704,1.6605194,1.164937
309,0.026676893,9.423278331756592,1.7473538,169.69762,1.822212,1.2219492,0.28697973,8.750857,1.6587209,1.1649774
310,0.038134336,9.345082521438599,1.7499646,169.76086,1.824079,1.2231197,0.28704184,8.750717,1.6605014,1.1650784
311,0.04333687,9.545024871826172,1.7496587,169.68538,1.8240722,1.2235069,0.2867741,8.746569,1.6582687,1.1641538
312,0.040261626,9.282368898391724,1.7480944,169.77815,1.821463,1.2215593,0.2865916,8.745537,1.6605145,1.1645128
313,0.035996854,9.35479211807251,1.7494881,167.19136,1.8243234,1.2221749,0.28703013,8.749024,1.6601733,1.1649812
314,0.021284878,9.676209211349487,1.7500745,169.6337,1.8245953,1.223363,0.28704318,8.748827,1.6605111,1.1652975
315,0.036394477,9.35403060913086,1.7494563,169.46054,1.8236809,1.222946,0.2868643,8.74898,1.6599913,1.1644092
316,0.0421378,9.365025043487549,1.7501745,169.77304,1.8246155,1.2234633,0.28694734,8.750964,1.6583627,1.1651106
317,0.033789694,9.337122201919556,1.7489518,166.09958,1.8233773,1.2235125,0.28632033,8.746967,1.6603355,1.1629996
318,0.032862186,9.489213466644287,1.7492845,169.77835,1.8239511,1.2229612,0.2869047,8.748289,1.6605052,1.1650089
319,0.033204734,9.30205225944519,1.7496477,169.7261,1.8242116,1.2233057,0.2869348,8.742485,1.660524,1.1643317
320,0.027684629,9.50847864151001,1.7490069,169.72667,1.8230827,1.2234974,0.28599477,8.749494,1.6602848,1.1608291
321,0.03825891,9.421286344528198,1.7490375,169.7665,1.823727,1.223375,0.2866633,8.748287,1.6605045,1.1650232
322,0.04928875,9.412660598754883,1.7448399,165.7302,1.8197434,1.2227852,0.2857172,8.7445,1.6602653,1.1633072
323,0.03172171,9.570489406585693,1.7496897,165.26431,1.8239329,1.2229259,0.28705877,8.75,1.6593393,1.1651639
324,0.031023145,9.441463947296143,1.7481134,169.67691,1.8228004,1.2231797,0.28662175,8.7508545,1.6603632,1.1646756
325,0.03932005,9.42500901222229,1.7501504,169.77528,1.824633,1.2233546,0.28700048,8.749804,1.6603532,1.1653246
326,0.04324305,9.41502571105957,1.7501518,169.60359,1.8246322,1.2233546,0.28705662,8.748604,1.6604586,1.163947
327,0.04334706,9.48366379737854,1.747543,169.72534,1.8221785,1.2228928,0.28626892,8.750496,1.6605096,1.1626492
328,0.026562274,9.238409042358398,1.7484298,169.62015,1.8232107,1.2221566,0.28701815,8.750963,1.6583412,1.1652896
329,0.035479844,9.232303380966187,1.7461002,169.21608,1.8214363,1.2233697,0.28648323,8.735649,1.6601632,1.1650628
330,0.034856856,9.440825939178467,1.7479839,169.75629,1.8225534,1.2227833,0.28682733,8.746825,1.6604141,1.1653098
331,0.03513831,9.484899282455444,1.7488362,169.75096,1.823658,1.2228979,0.28690574,8.751099,1.6605276,1.1643062
332,0.045428872,9.46181845664978,1.7481478,169.16818,1.823717,1.2234176,0.2868266,8.742388,1.6589557,1.1653315
333,0.04466957,9.327428579330444,1.7433583,169.67172,1.8194056,1.2225714,0.28606403,8.740172,1.6605254,1.1644138
334,0.032857835,11.320785284042358,1.749226,169.54988,1.8236272,1.2225059,0.28686795,8.748359,1.6602509,1.1646025
335,0.040068507,9.355838060379028,1.7498548,169.68832,1.8238243,1.2208043,0.28702223,8.751082,1.6545212,1.1651393
336,0.03065008,9.635069608688354,1.7501725,169.69121,1.824606,1.2233336,0.28703237,8.751035,1.6601372,1.1649086
337,0.03206581,9.455216884613037,1.7481265,169.73076,1.8222349,1.2213287,0.2868338,8.750983,1.6599218,1.1653303
338,0.03352678,9.264194011688232,1.7485523,169.43721,1.8231238,1.2222804,0.28695282,8.750083,1.6603042,1.1653353
339,0.037533283,9.374437093734741,1.7477853,169.67259,1.82165,1.2223204,0.28670546,8.751095,1.6602175,1.1642945
340,0.03542453,9.44921588897705,1.7492495,169.73544,1.8235959,1.2231103,0.28686026,8.745453,1.6600953,1.1653318
341,0.030295968,9.487822532653809,1.7453108,166.11407,1.8205305,1.2220421,0.28637445,8.748521,1.6601598,1.1642658
342,0.04494834,9.263465881347656,1.748707,165.6271,1.8230722,1.2233945,0.2865735,8.748266,1.6595546,1.1623892
343,0.033780336,9.438037395477295,1.7500759,169.20123,1.824592,1.2231867,0.2868013,8.74034,1.6576042,1.1652293
344,0.039233446,9.488298416137695,1.7499094,169.4218,1.824132,1.2234951,0.28681874,8.751051,1.6604663,1.1643904
345,0.04581505,9.580850601196289,1.7476571,168.96487,1.8222445,1.2234553,0.28607625,8.736579,1.6600785,1.1614164
346,0.049187005,9.6468665599823,1.7464454,169.74701,1.8206409,1.2206839,0.28671035,8.750976,1.6603692,1.1652348
347,0.044582963,9.332330226898193,1.745737,169.68254,1.8196551,1.2201606,0.28668016,8.74622,1.6604486,1.1651604
348,0.04450655,9.446540594100952,1.7468783,164.48051,1.8219581,1.2219113,0.28685954,8.739139,1.6605252,1.1650416
349,0.03590703,9.345142364501953,1.7501268,167.16731,1.8246076,1.2231057,0.28704584,8.728007,1.6600634,1.1652466
350,0.027590692,9.411224365234375,1.7486869,169.77592,1.8231214,1.2218014,0.28702095,8.7470875,1.6591932,1.1652952
351,0.032336235,9.342636346817017,1.7453636,169.43771,1.8208259,1.2220532,0.2865742,8.7379875,1.6603714,1.1652086
352,0.042257667,9.437198638916016,1.7482705,168.83882,1.8236129,1.222679,0.28705093,8.741031,1.6604775,1.165161
353,0.035392344,9.400737524032593,1.7454098,165.18027,1.8208168,1.2225916,0.28638408,8.744123,1.6605134,1.1646396
354,0.044676363,9.395106315612793,1.7499764,169.75015,1.8244239,1.2227832,0.28700545,8.750259,1.6595625,1.1652321
355,0.03824705,9.665719509124756,1.7496276,167.02663,1.8238713,1.2230834,0.2868884,8.749754,1.6605241,1.1642395
356,0.04365647,9.583176374435425,1.747816,165.12141,1.8227991,1.2227409,0.2869208,8.739622,1.6605253,1.1653328
