iteration,max_fitness,time,rrmse_0,rrmse_1,rrmse_2,rrmse_3,rrmse_4,rrmse_5,rrmse_6,rrmse_7,rrmse_8,rrmse_9,rrmse_10,rrmse_11,rrmse_12,rrmse_13,rrmse_14,rrmse_15
0,-0.0976094,0.0,1.5775293,1.2825434,1.2466387,1.0710462,1.2314289,1.3147563,1.2750715,1.3769441,1.5787963,1.2406954,1.2376776,0.9949313,1.2011491,1.2983861,1.2373009,1.3708354
1,-0.068072796,9.643208265304565,1.57783,1.2817379,1.2469618,1.0709908,1.2302873,1.3142292,1.2747805,1.3761315,1.5794001,1.2406027,1.237861,0.9953094,1.2013357,1.2995073,1.2378719,1.3700997
2,-0.07575083,9.578423500061035,1.5788479,1.2823873,1.2474543,1.0708282,1.231367,1.3148179,1.2750142,1.3766419,1.5794276,1.2406385,1.2380931,0.9953168,1.2015319,1.2984927,1.2376031,1.3709147
3,-0.072987795,9.442378282546997,1.5772454,1.2816248,1.2465851,1.0710614,1.2298635,1.3144047,1.275019,1.3767633,1.5780975,1.239935,1.2371281,0.9952392,1.2018626,1.2995932,1.2384828,1.3716725
4,-0.06359553,9.847764253616333,1.5788064,1.2826041,1.2473708,1.0710579,1.2314111,1.3147815,1.2746689,1.3769419,1.5794067,1.2405161,1.2378045,0.99482876,1.202014,1.2998239,1.2384382,1.3713492
5,-0.08314049,9.496264934539795,1.5772513,1.2816554,1.2464674,1.0704219,1.2314167,1.3144251,1.2747347,1.3767352,1.5760452,1.2391411,1.2355818,0.99323267,1.2017032,1.299235,1.2384263,1.3716468
6,-0.12193477,9.497519254684448,1.5788255,1.2826258,1.2474539,1.0705427,1.2291428,1.3095164,1.2710737,1.3724686,1.5794222,1.240203,1.2378147,0.99412704,1.2019295,1.2998313,1.2379808,1.3713852
7,-0.096079946,9.484419345855713,1.5787992,1.2820736,1.2472168,1.0710632,1.2312741,1.314686,1.2750162,1.3766395,1.5794266,1.2406266,1.238085,0.99532074,1.2017181,1.2991495,1.2375983,1.371077
8,-0.112241864,9.809032440185547,1.5788834,1.2825341,1.2473254,1.071025,1.2314252,1.3146397,1.275068,1.3769497,1.5793558,1.2406951,1.2378101,0.99528223,1.2020477,1.2999796,1.2384832,1.3716451
9,-0.09134507,9.7539222240448,1.5750731,1.280892,1.2449414,1.0707434,1.2314075,1.3143462,1.2746708,1.3762863,1.5778943,1.2395856,1.2375802,0.9949751,1.2011878,1.29806,1.2378579,1.37125
10,-0.07042861,9.545220136642456,1.5773641,1.2802982,1.2466434,1.0708852,1.2312918,1.3147564,1.2750801,1.3766358,1.5786765,1.2403761,1.2379649,0.99531925,1.2009523,1.2989395,1.2383399,1.3710817
11,-0.04396248,9.292360544204712,1.5777645,1.2817876,1.2463375,1.0707935,1.2313945,1.3148203,1.2750536,1.376919,1.5788709,1.2404954,1.2379636,0.9951287,1.2020006,1.2995749,1.2382017,1.3713844
12,-0.084427,9.322872638702393,1.578632,1.2821906,1.2473745,1.0710723,1.2314339,1.3148204,1.2747943,1.3768464,1.579425,1.2406934,1.2381033,0.9953003,1.2018358,1.2993104,1.2384615,1.3712031
13,-0.06182003,9.44094181060791,1.5765846,1.2812731,1.2462758,1.0707439,1.2314059,1.3148161,1.2748617,1.3769299,1.5781028,1.2391509,1.2380021,0.9952792,1.2011142,1.2975107,1.238089,1.3701035
14,-0.05639553,9.555268049240112,1.5771409,1.2800714,1.2460214,1.0703309,1.2309003,1.3144346,1.2750838,1.3769313,1.5758932,1.238394,1.2359271,0.9944932,1.2007017,1.2985674,1.2383898,1.3713894
15,-0.10763931,9.397418737411499,1.5746213,1.2799821,1.2454656,1.0707676,1.2305315,1.3147546,1.2749952,1.3767146,1.5743657,1.2376603,1.2353514,0.9940484,1.2014664,1.2989657,1.2383485,1.3716464
16,-0.096255064,9.647769927978516,1.5755845,1.2812148,1.2457666,1.0705959,1.2304697,1.314466,1.274839,1.3767749,1.5783261,1.2394627,1.2378064,0.9947419,1.2003291,1.2969751,1.2381333,1.3712863
17,-0.05694127,9.491540431976318,1.5769763,1.2815497,1.2472851,1.0710663,1.2313071,1.3148185,1.27506,1.3769406,1.5768441,1.2374473,1.237487,0.99510866,1.2019883,1.3000116,1.2384626,1.3716962
18,-0.04021585,9.242074489593506,1.5761209,1.2803588,1.24526,1.0705925,1.2312478,1.3147821,1.2750793,1.3768551,1.5758338,1.2376211,1.2360634,0.99305904,1.1988891,1.2962438,1.2366129,1.3698775
19,-0.03624177,9.242592573165894,1.5765536,1.2796668,1.2450066,1.0696728,1.2295842,1.3142023,1.2740157,1.3762221,1.574387,1.2380877,1.2337769,0.9929289,1.2015495,1.2985334,1.2374463,1.3693415
20,-0.05629587,13.184133768081665,1.5767946,1.2814928,1.2467574,1.0709022,1.2295749,1.3136835,1.274584,1.3761195,1.5776839,1.2386642,1.2355522,0.9944358,1.2010336,1.2988454,1.2376136,1.3712157
21,-0.14153504,9.56064224243164,1.5787451,1.2825896,1.2471995,1.0707494,1.231334,1.3143253,1.2732191,1.3755502,1.5787375,1.2394127,1.2375118,0.994912,1.2019355,1.3000141,1.2380509,1.3712995
22,-0.09572232,9.532640218734741,1.5785011,1.28265,1.2472848,1.0700365,1.2309841,1.3148013,1.2747316,1.3760184,1.579412,1.2405864,1.2380041,0.9953048,1.2020208,1.3000039,1.2382967,1.3712023
23,-0.08858645,9.445443868637085,1.5748876,1.2775607,1.2438947,1.0688668,1.2307428,1.3126844,1.274177,1.3752735,1.5762241,1.2382816,1.2353879,0.9936388,1.2004735,1.2941556,1.23603,1.3670851
24,-0.04469967,9.458300590515137,1.5783471,1.2819806,1.2465926,1.0710618,1.2314295,1.3146518,1.2749456,1.3767492,1.5789005,1.240494,1.2375399,0.9948153,1.2016362,1.2989659,1.2380257,1.3711861
25,-0.046834826,9.478911876678467,1.5771312,1.2806071,1.246523,1.071067,1.2308162,1.3145381,1.2749254,1.3766397,1.5728327,1.2361238,1.2356856,0.9931798,1.1992595,1.2966509,1.2352911,1.3697917
26,-0.09281242,9.6604585647583,1.5764545,1.2807517,1.2446123,1.0705588,1.2306545,1.31482,1.2750878,1.3768809,1.5770159,1.2399985,1.236455,0.9937375,1.2005067,1.2975463,1.2359083,1.3694472
27,-0.07511902,9.421968698501587,1.5787783,1.2826366,1.2474557,1.0709522,1.2314337,1.3146793,1.2749821,1.3767412,1.5782723,1.2405871,1.2377168,0.99516404,1.2014533,1.299216,1.2379128,1.370771
28,-0.04872811,9.479358911514282,1.5786176,1.2826542,1.2470897,1.0710654,1.2314343,1.314819,1.2750773,1.3769329,1.578259,1.2404169,1.2366751,0.995176,1.2013614,1.2991886,1.2378091,1.3713633
29,-0.014004827,9.422783851623535,1.5718488,1.2789176,1.2439163,1.0697365,1.2285051,1.3135128,1.2739388,1.3748411,1.5766069,1.2384115,1.2365543,0.9945943,1.1960366,1.2909223,1.232619,1.3665425
30,-0.08291376,9.5871262550354,1.5761242,1.279404,1.2434946,1.0697174,1.2314259,1.3146583,1.2749829,1.3769423,1.5765021,1.2387743,1.235408,0.9923187,1.2019628,1.2986957,1.2384218,1.3710763
31,-0.06487155,9.716751098632812,1.5751567,1.2806475,1.2456071,1.0708854,1.227754,1.311829,1.2727246,1.3760177,1.5776718,1.2391391,1.2369483,0.9948097,1.2012652,1.2996371,1.2382703,1.3711325
32,-0.05172658,9.708268404006958,1.578455,1.2824037,1.2474582,1.070313,1.2314315,1.3145171,1.2735206,1.3762538,1.5771041,1.240014,1.2374922,0.99532175,1.2018282,1.2999917,1.2383288,1.3714703
33,-0.089425325,9.321306705474854,1.5784208,1.282413,1.2460451,1.0706344,1.2307373,1.3148011,1.274345,1.3763909,1.5763128,1.2392229,1.2355412,0.99330527,1.2002532,1.298803,1.235557,1.3685244
34,-0.06856775,9.669159650802612,1.5746399,1.279568,1.2442839,1.0695966,1.2310951,1.3144586,1.2746861,1.376409,1.5706066,1.2367455,1.2340274,0.99270236,1.2015733,1.2994529,1.2377363,1.3707528
35,-0.026042938,9.822124004364014,1.5718119,1.2734082,1.2412417,1.0678552,1.23072,1.3144424,1.2748814,1.3766979,1.5723648,1.2335068,1.2328742,0.99032986,1.1981736,1.2910048,1.2360371,1.369293
36,-0.028008938,9.441131591796875,1.500314,1.2060839,1.2713614,1.1187626,1.2067624,1.290411,1.3142543,1.4104086,1.629043,1.2924749,1.4021949,1.1853737,0.9796944,1.1316398,1.1645535,1.3136021
37,-0.029525757,9.710189580917358,1.5233064,1.2230785,1.2877316,1.1281209,1.198666,1.2771447,1.3015742,1.3965304,1.6533397,1.3100983,1.4219116,1.197397,0.96782094,1.1167619,1.1505609,1.297954
38,-0.044648647,9.605777263641357,1.5233064,1.2230785,1.2877316,1.1281209,1.198666,1.2771447,1.3015742,1.3965304,1.6533397,1.3100983,1.4219116,1.197397,0.96782094,1.1167619,1.1505609,1.297954
39,-0.05871451,9.587463617324829,1.4627969,1.1760817,1.2272677,1.0836686,1.1887382,1.2890241,1.3054767,1.4082497,1.5973986,1.2692817,1.3663414,1.1561462,0.9656502,1.1286355,1.1567332,1.3126135
40,0.046132386,9.513680696487427,1.4947828,1.1748736,1.2255315,1.043429,1.1145284,1.2057773,1.2271476,1.326478,1.6665802,1.3028877,1.4058014,1.1562196,0.90553254,1.0543408,1.0845256,1.2365116
41,0.054134488,9.675262451171875,1.4673564,1.1528589,1.2034671,1.0281603,1.1186714,1.2143149,1.2340285,1.3353052,1.641971,1.2839512,1.3846219,1.1429926,0.9138936,1.0669804,1.0949802,1.2493659
42,0.05125016,9.439349889755249,1.5004156,1.1732986,1.2273551,1.0404278,1.1177912,1.2080662,1.2339367,1.3310505,1.6846414,1.317778,1.4274925,1.1712435,0.8915297,1.0396414,1.0813209,1.2304019
43,0.041940153,9.516664505004883,1.4673564,1.1528589,1.2034671,1.0281603,1.1186714,1.2143149,1.2340285,1.3353052,1.641971,1.2839512,1.3846219,1.1429926,0.9138936,1.0669804,1.0949802,1.2493659
44,0.040868342,9.692556619644165,1.4673564,1.1528589,1.2034671,1.0281603,1.1186714,1.2143149,1.2340285,1.3353052,1.641971,1.2839512,1.3846219,1.1429926,0.9138936,1.0669804,1.0949802,1.2493659
45,0.0017729402,9.650065660476685,1.4673564,1.1528589,1.2034671,1.0281603,1.1186714,1.2143149,1.2340285,1.3353052,1.641971,1.2839512,1.3846219,1.1429926,0.9138936,1.0669804,1.0949802,1.2493659
46,0.041463673,9.961257934570312,1.4553008,1.1402546,1.1900662,1.0158899,1.1253604,1.2216974,1.2406411,1.3421633,1.6432891,1.2870957,1.3893795,1.1525384,0.91802406,1.0720744,1.0989369,1.254011
47,0.038627565,9.366329193115234,1.4673564,1.1528589,1.2034671,1.0281603,1.1186714,1.2143149,1.2340285,1.3353052,1.641971,1.2839512,1.3846219,1.1429926,0.9138936,1.0669804,1.0949802,1.2493659
48,0.037567914,9.569084167480469,1.514003,1.1832279,1.2304147,1.0375295,1.0940346,1.1821926,1.2040107,1.3012005,1.6978358,1.3236355,1.4259871,1.1655719,0.88711625,1.0305033,1.0603387,1.2109632
49,0.037592113,9.387782573699951,1.514003,1.1832279,1.2304147,1.0375295,1.0940346,1.1821926,1.2040107,1.3012005,1.6978358,1.3236355,1.4259871,1.1655719,0.88711625,1.0305033,1.0603387,1.2109632
50,0.028678775,9.39785361289978,1.4508823,1.1288154,1.1774479,0.996544,1.0914336,1.1927804,1.2132746,1.317621,1.6379757,1.2753631,1.374622,1.1277887,0.900475,1.0522681,1.0806911,1.2358322
51,0.13434225,9.461870193481445,1.3992845,1.0860676,1.1330534,0.9657507,1.0923117,1.2028993,1.2210997,1.3281313,1.5901158,1.2380474,1.3329734,1.0978965,0.91152847,1.0708706,1.0957164,1.2539475
52,0.113827705,9.36711859703064,1.467074,1.1350693,1.1797247,0.9871084,1.0662841,1.1670316,1.1874727,1.291636,1.6655486,1.2933979,1.3922044,1.1349446,0.8803656,1.0294552,1.0584321,1.2116523
53,0.068502426,9.611076593399048,1.4523771,1.12201,1.1644986,0.9740474,1.0636034,1.1672386,1.1846722,1.2914293,1.6559943,1.2861655,1.3835217,1.128088,0.88402885,1.0349476,1.0608188,1.2145375
54,0.093741834,9.451125144958496,1.5051925,1.1926584,1.2083473,1.0339088,1.0775876,1.1827946,1.1814189,1.2955395,1.590503,1.2318878,1.29061,1.045745,0.91592604,1.0677601,1.0625939,1.2206725
55,0.08962196,9.276005506515503,1.3315456,1.029058,1.0463169,0.89583236,1.1079766,1.2320693,1.2282692,1.3475262,1.5139705,1.1776471,1.2389569,1.0260528,0.9614185,1.1257074,1.1174872,1.2826011
56,0.10036087,9.659499883651733,1.3761096,1.063687,1.0779332,0.91216236,1.0902604,1.2087867,1.2057106,1.3232696,1.5552382,1.2080449,1.2697388,1.0433549,0.94239223,1.1016822,1.0935321,1.2571251
57,0.11855918,12.9852876663208,1.3820515,1.0691888,1.0817242,0.91499215,1.0880204,1.2065753,1.2024472,1.3201255,1.557027,1.2080908,1.2684567,1.0402879,0.9409973,1.0997081,1.0906044,1.2540339
58,0.113518775,9.544042348861694,1.3687364,1.0600736,1.0717106,0.9110139,1.0925031,1.2134316,1.2087661,1.3275425,1.5372342,1.194321,1.2513313,1.0287188,0.9466669,1.1074629,1.0975001,1.261943
59,0.12420577,9.484763145446777,1.4188067,1.0985628,1.1108097,0.93323886,1.0753361,1.1889168,1.1853093,1.3018148,1.5888171,1.2310104,1.29286,1.0541452,0.92478234,1.0792047,1.0710957,1.232744
60,0.11665076,9.636270523071289,1.3573153,1.0539414,1.0635866,0.90842426,1.0948404,1.2182713,1.2127697,1.3322881,1.5209004,1.1811163,1.2354616,1.0168676,0.94878024,1.1124371,1.1009172,1.2668378
61,0.13388449,9.547536373138428,1.3573153,1.0539414,1.0635866,0.90842426,1.0948404,1.2182713,1.2127697,1.3322881,1.5209004,1.1811163,1.2354616,1.0168676,0.94878024,1.1124371,1.1009172,1.2668378
62,0.105092525,9.599689722061157,1.4794834,1.1467309,1.1572602,0.9622666,1.0557495,1.1605979,1.1567607,1.2703372,1.6439236,1.2718836,1.3361092,1.0803993,0.903811,1.0488709,1.0416056,1.1996181
63,0.13178998,9.603257417678833,1.3727152,1.0658609,1.0743229,0.9151327,1.0897024,1.2114673,1.2048557,1.3241994,1.5317384,1.1883643,1.2407829,1.0178027,0.946761,1.1077585,1.0947186,1.2594116
64,0.11726761,9.516973495483398,1.3819016,1.0743978,1.0813133,0.91874295,1.086005,1.2067816,1.1987318,1.3185661,1.5389796,1.1935697,1.2459394,1.0202386,0.94373846,1.1031946,1.0897939,1.2544377
65,0.0706051,9.682172536849976,1.4139168,1.0973536,1.104103,0.9308925,1.0757502,1.1922656,1.1846297,1.3037754,1.5693526,1.2153958,1.2691573,1.0338969,0.93263847,1.0881976,1.0746288,1.2375832
66,0.101552606,9.516429662704468,1.4139168,1.0973536,1.104103,0.9308925,1.0757502,1.1922656,1.1846297,1.3037754,1.5693526,1.2153958,1.2691573,1.0338969,0.93263847,1.0881976,1.0746288,1.2375832
67,0.095186055,9.425538301467896,1.3771489,1.0699227,1.0749501,0.9139405,1.0855845,1.2083769,1.2000737,1.3198407,1.5306481,1.1867796,1.2360377,1.0118119,0.94842577,1.1066806,1.0924814,1.2573491
68,0.1434471,9.639434337615967,1.3767655,1.0703439,1.0751541,0.915477,1.0885067,1.2115895,1.2019038,1.3234967,1.5270169,1.1828467,1.2330698,1.0092244,0.950024,1.109098,1.0948564,1.2597413
69,0.10396373,9.539308071136475,1.4056473,1.0904694,1.0964996,0.9265221,1.0774934,1.1952035,1.1878577,1.3044064,1.5614877,1.2088815,1.2607238,1.0281214,0.93445724,1.0889164,1.0732309,1.2351512
70,0.13453233,9.407694101333618,1.3934397,1.0821719,1.0884413,0.9226826,1.0810231,1.2018305,1.1943872,1.3137312,1.5445546,1.1972424,1.2480752,1.0206193,0.94013965,1.0987506,1.0846158,1.2482475
71,0.08960128,9.646416902542114,1.4123169,1.096618,1.1019123,0.929525,1.0756904,1.1922631,1.1854618,1.3038161,1.5665557,1.213003,1.2653667,1.0304221,0.93493485,1.0904171,1.0757157,1.2386078
72,0.12899172,9.535879135131836,1.4371395,1.1151391,1.119807,0.94223094,1.0673813,1.18001,1.1739997,1.2897892,1.5916691,1.231157,1.286958,1.0430195,0.92209214,1.0726002,1.0596102,1.2196585
73,0.10546082,9.438376426696777,1.3960099,1.0852027,1.0900341,0.9246062,1.0823027,1.2020226,1.1935897,1.3134271,1.5447457,1.1965222,1.2467836,1.0156765,0.941715,1.1004275,1.08457,1.2489706
74,0.11109376,9.582142353057861,1.4123169,1.096618,1.1019123,0.929525,1.0756904,1.1922631,1.1854618,1.3038161,1.5665557,1.213003,1.2653667,1.0304221,0.93493485,1.0904171,1.0757157,1.2386078
75,0.11403048,9.649890661239624,1.3960099,1.0852027,1.0900341,0.9246062,1.0823027,1.2020226,1.1935897,1.3134271,1.5447457,1.1965222,1.2467836,1.0156765,0.941715,1.1004275,1.08457,1.2489706
76,0.13785738,9.763911962509155,1.390711,1.0807498,1.0860481,0.922187,1.0832844,1.2033312,1.1954551,1.3153161,1.5382922,1.1901357,1.2422142,1.014374,0.9442516,1.1026226,1.0866573,1.250951
77,0.115965426,9.539591312408447,1.390711,1.0807498,1.0860481,0.922187,1.0832844,1.2033312,1.1954551,1.3153161,1.5382922,1.1901357,1.2422142,1.014374,0.9442516,1.1026226,1.0866573,1.250951
78,0.118085265,9.535401582717896,1.3818525,1.0732781,1.0787885,0.9179397,1.0859504,1.2083235,1.1992242,1.3193177,1.5259504,1.1821755,1.230198,1.0064414,0.9481202,1.1071442,1.0906183,1.2540637
79,0.104923785,9.618046522140503,1.4094204,1.0946499,1.0999494,0.9294694,1.0772886,1.1956358,1.1865155,1.3058133,1.5547042,1.204531,1.2562577,1.023405,0.93797565,1.0932896,1.0776957,1.2412295
80,0.098061204,9.704572439193726,1.4094204,1.0946499,1.0999494,0.9294694,1.0772886,1.1956358,1.1865155,1.3058133,1.5547042,1.204531,1.2562577,1.023405,0.93797565,1.0932896,1.0776957,1.2412295
81,0.11074722,9.641700744628906,1.3902506,1.080934,1.0842084,0.92000693,1.0827011,1.2041082,1.1949029,1.3132061,1.540933,1.1941415,1.243621,1.0156376,0.9447145,1.1026093,1.0863551,1.2494628
82,0.11441755,9.702317476272583,1.4094204,1.0946499,1.0999494,0.9294694,1.0772886,1.1956358,1.1865155,1.3058133,1.5547042,1.204531,1.2562577,1.023405,0.93797565,1.0932896,1.0776957,1.2412295
83,0.06273818,9.565234899520874,1.429554,1.1111449,1.11522,0.93903065,1.071014,1.1869571,1.1783073,1.2967446,1.576046,1.2195653,1.270783,1.0318321,0.930671,1.0832175,1.0682302,1.2306929
84,0.12717062,9.635748147964478,1.4094204,1.0946499,1.0999494,0.9294694,1.0772886,1.1956358,1.1865155,1.3058133,1.5547042,1.204531,1.2562577,1.023405,0.93797565,1.0932896,1.0776957,1.2412295
85,0.09776908,9.541045188903809,1.4525563,1.1276712,1.1324345,0.95046717,1.0641824,1.1754576,1.1686885,1.2845078,1.598892,1.2377031,1.2913094,1.0446857,0.9197391,1.0681518,1.0547043,1.2154908
86,0.07705307,9.674786806106567,1.4512945,1.1292598,1.1330264,0.94901264,1.0624123,1.1751739,1.1679639,1.2845769,1.6016779,1.2386445,1.2927587,1.0464983,0.9206729,1.0708758,1.0562729,1.217045
87,0.12585938,9.697200775146484,1.4094204,1.0946499,1.0999494,0.9294694,1.0772886,1.1956358,1.1865155,1.3058133,1.5547042,1.204531,1.2562577,1.023405,0.93797565,1.0932896,1.0776957,1.2412295
88,0.12886828,9.729339361190796,1.4094204,1.0946499,1.0999494,0.9294694,1.0772886,1.1956358,1.1865155,1.3058133,1.5547042,1.204531,1.2562577,1.023405,0.93797565,1.0932896,1.0776957,1.2412295
89,0.13973832,9.46275019645691,1.4110758,1.096435,1.1014212,0.9317342,1.0766877,1.195007,1.1862572,1.3053969,1.5552601,1.204541,1.2555829,1.0222336,0.93760145,1.0936272,1.076941,1.2402364
90,0.11906725,9.58877968788147,1.376223,1.0715609,1.0728743,0.91516864,1.0887108,1.2123072,1.20146,1.3229651,1.5198865,1.1788664,1.2237684,1.0023427,0.9539831,1.1140047,1.0956239,1.2610246
91,0.1045571,9.59079885482788,1.4183407,1.1036848,1.1057205,0.9334524,1.0735273,1.1906403,1.1809133,1.2997582,1.5642984,1.2115878,1.2610447,1.0251591,0.9348498,1.0879512,1.0718683,1.2348076
92,0.14093024,9.473700523376465,1.3716382,1.0687732,1.0707108,0.9140063,1.091217,1.2161006,1.2052629,1.3271952,1.5108434,1.1721287,1.216477,0.996851,0.9552991,1.1176093,1.0995698,1.2656457
93,0.13562733,9.461828231811523,1.4037639,1.0918502,1.0963761,0.9286634,1.0759948,1.1955025,1.1865442,1.3055531,1.551589,1.2009602,1.2510324,1.0179776,0.9360391,1.0911628,1.0758263,1.2394763
94,0.11342752,9.459862232208252,1.4202902,1.1040652,1.1074215,0.9363421,1.0714573,1.1882706,1.1800411,1.2980248,1.5638111,1.212876,1.2626354,1.0268104,0.9302214,1.0833001,1.0683577,1.2310412
95,0.10190457,12.68848443031311,1.3774556,1.0703412,1.0754048,0.91652936,1.0796055,1.2060673,1.1950898,1.317969,1.5113227,1.169162,1.2144703,0.9880333,0.94934195,1.1096444,1.0931779,1.2577977
96,0.11953676,9.644897937774658,1.4108534,1.0965416,1.0994534,0.92971784,1.0670484,1.1884707,1.1793661,1.2997361,1.5498986,1.1980594,1.2455744,1.0080717,0.9344429,1.0887576,1.0745296,1.236609
97,0.115864456,9.639585494995117,1.4546885,1.1293389,1.1321269,0.9473615,1.0518252,1.1665424,1.158275,1.2757267,1.5994527,1.2347277,1.2862442,1.0349233,0.91774076,1.0653982,1.0515518,1.2106793
98,0.10707313,9.450204610824585,1.3902324,1.0795041,1.0799812,0.91618246,1.0724537,1.1975666,1.1872447,1.308302,1.5323681,1.1848495,1.2290106,0.9984357,0.94508886,1.1025769,1.0848091,1.2480407
99,0.16201252,9.89002275466919,1.3902324,1.0795041,1.0799812,0.91618246,1.0724537,1.1975666,1.1872447,1.308302,1.5323681,1.1848495,1.2290106,0.9984357,0.94508886,1.1025769,1.0848091,1.2480407
100,0.10574484,9.400815725326538,1.4277325,1.1079098,1.1090947,0.93272114,1.0567236,1.1751044,1.1664288,1.2844328,1.5733376,1.2150477,1.2630897,1.0197023,0.9267273,1.0774668,1.0616086,1.2223463
101,0.15192896,9.382522583007812,1.3909005,1.0787771,1.0800757,0.91450363,1.0695782,1.1943638,1.1847639,1.3057206,1.5333089,1.1853443,1.2320801,0.99852115,0.94372374,1.1002675,1.0826375,1.246259
102,0.093586504,9.731008529663086,1.3909005,1.0787771,1.0800757,0.91450363,1.0695782,1.1943638,1.1847639,1.3057206,1.5333089,1.1853443,1.2320801,0.99852115,0.94372374,1.1002675,1.0826375,1.246259
103,0.1330173,9.735076189041138,1.3909005,1.0787771,1.0800757,0.91450363,1.0695782,1.1943638,1.1847639,1.3057206,1.5333089,1.1853443,1.2320801,0.99852115,0.94372374,1.1002675,1.0826375,1.246259
104,0.12957156,9.519790649414062,1.4313737,1.1093782,1.1124873,0.9322481,1.0572594,1.1758058,1.1665033,1.2856416,1.5797466,1.2189765,1.2709618,1.0258842,0.9267547,1.0770788,1.0625975,1.2229912
105,0.12314081,9.868963241577148,1.4217312,1.1028167,1.1053495,0.92682755,1.0404394,1.1627866,1.1561695,1.2761532,1.5675888,1.2096497,1.2594405,1.0125674,0.9104695,1.0640427,1.0499023,1.2129024
106,0.12898517,9.515816450119019,1.4217312,1.1028167,1.1053495,0.92682755,1.0404394,1.1627866,1.1561695,1.2761532,1.5675888,1.2096497,1.2594405,1.0125674,0.9104695,1.0640427,1.0499023,1.2129024
107,0.16258043,9.73502516746521,1.4217312,1.1028167,1.1053495,0.92682755,1.0404394,1.1627866,1.1561695,1.2761532,1.5675888,1.2096497,1.2594405,1.0125674,0.9104695,1.0640427,1.0499023,1.2129024
108,0.17897826,9.259070873260498,1.3239398,1.0248682,1.0257109,0.87893903,1.0691121,1.2050401,1.1972173,1.3195947,1.4621025,1.1299103,1.1682599,0.95342946,0.9525784,1.1171676,1.1003689,1.2641847
109,0.17265928,9.780991315841675,1.3950952,1.0785265,1.0803927,0.9099124,1.0441569,1.1687541,1.1621922,1.2827392,1.5434922,1.1871868,1.2374012,0.9936353,0.9197272,1.0706509,1.0587574,1.2220429
110,0.1260373,9.582290410995483,1.3950952,1.0785265,1.0803927,0.9099124,1.0441569,1.1687541,1.1621922,1.2827392,1.5434922,1.1871868,1.2374012,0.9936353,0.9197272,1.0706509,1.0587574,1.2220429
111,0.14015514,9.545260190963745,1.4248799,1.1023978,1.1030422,0.9224254,1.0390193,1.1602348,1.1527408,1.2731954,1.571502,1.211364,1.2597704,1.0127532,0.9137049,1.0670342,1.0513399,1.2131242
112,0.12857461,9.487964391708374,1.3888193,1.0733626,1.0759038,0.90719837,1.0485802,1.17671,1.1697565,1.2918018,1.5344746,1.1833198,1.2312447,0.9946464,0.9265095,1.0841413,1.0684767,1.2326064
113,0.13661015,9.694999933242798,1.4132015,1.0924155,1.0949649,0.9183366,1.0409374,1.164606,1.1581719,1.2785412,1.5639168,1.2064153,1.2562085,1.0107981,0.91422606,1.0684916,1.054152,1.2168909
114,0.11356807,9.517582416534424,1.4417748,1.1140395,1.1163319,0.9292782,1.0334071,1.1522303,1.1457492,1.2647551,1.5942879,1.2289659,1.2810196,1.0278274,0.90468174,1.054162,1.0411327,1.2014807
115,0.1255489,9.550545454025269,1.3851297,1.070393,1.0716373,0.90334105,1.0505341,1.1781693,1.1704766,1.2926282,1.5374305,1.186364,1.2327665,0.996351,0.92700076,1.0847205,1.0687165,1.232737
116,0.1312812,9.649854898452759,1.4030261,1.0839157,1.0845851,0.91004074,1.0447264,1.1699318,1.1625644,1.2830857,1.555038,1.1995838,1.2474864,1.0059551,0.92030734,1.0765051,1.060928,1.2238628
117,0.11194414,9.735538005828857,1.4132015,1.0924155,1.0949649,0.9183366,1.0409374,1.164606,1.1581719,1.2785412,1.5639168,1.2064153,1.2562085,1.0107981,0.91422606,1.0684916,1.054152,1.2168909
118,0.10868317,9.764272928237915,1.4030261,1.0839157,1.0845851,0.91004074,1.0447264,1.1699318,1.1625644,1.2830857,1.555038,1.1995838,1.2474864,1.0059551,0.92030734,1.0765051,1.060928,1.2238628
119,0.12153727,9.526772260665894,1.4050927,1.0841917,1.0858562,0.9103116,1.04366,1.1686969,1.1605265,1.2815727,1.554753,1.1990525,1.2479833,1.0059931,0.9204955,1.0750035,1.0594546,1.2223179
120,0.14514554,9.655797719955444,1.4030261,1.0839157,1.0845851,0.91004074,1.0447264,1.1699318,1.1625644,1.2830857,1.555038,1.1995838,1.2474864,1.0059551,0.92030734,1.0765051,1.060928,1.2238628
121,0.1366629,9.526400089263916,1.4050927,1.0841917,1.0858562,0.9103116,1.04366,1.1686969,1.1605265,1.2815727,1.554753,1.1990525,1.2479833,1.0059931,0.9204955,1.0750035,1.0594546,1.2223179
122,0.12125534,9.59154486656189,1.4050927,1.0841917,1.0858562,0.9103116,1.04366,1.1686969,1.1605265,1.2815727,1.554753,1.1990525,1.2479833,1.0059931,0.9204955,1.0750035,1.0594546,1.2223179
123,0.16413444,9.541810274124146,1.4107755,1.0900317,1.0894084,0.9116,1.0409455,1.1652018,1.1569061,1.2776403,1.5651647,1.208578,1.2555656,1.0116132,0.9189317,1.0727056,1.0560186,1.218534
124,0.14351922,9.941852569580078,1.4003776,1.0809453,1.0830736,0.90709406,1.044081,1.1694894,1.1613646,1.2827138,1.5526236,1.1986309,1.2498311,1.0076847,0.9217861,1.0758712,1.0609559,1.2238916
125,0.12171358,9.741180419921875,1.4107755,1.0900317,1.0894084,0.9116,1.0409455,1.1652018,1.1569061,1.2776403,1.5651647,1.208578,1.2555656,1.0116132,0.9189317,1.0727056,1.0560186,1.218534
126,0.14834446,9.67226529121399,1.4020848,1.0831983,1.0816329,0.90671283,1.0447392,1.1703317,1.1612563,1.2829936,1.5549403,1.1996597,1.2458334,1.0043392,0.9248427,1.0792515,1.062108,1.2249756
127,0.14718026,9.425284385681152,1.3635967,1.0541176,1.0529536,0.89152837,1.057112,1.1890441,1.1797988,1.3032838,1.5108625,1.1681437,1.2106366,0.9813277,0.93750435,1.0980765,1.0797758,1.2459961
128,0.119244576,9.544097423553467,1.4020848,1.0831983,1.0816329,0.90671283,1.0447392,1.1703317,1.1612563,1.2829936,1.5549403,1.1996597,1.2458334,1.0043392,0.9248427,1.0792515,1.062108,1.2249756
129,0.12869555,9.575352430343628,1.4107755,1.0900317,1.0894084,0.9116,1.0409455,1.1652018,1.1569061,1.2776403,1.5651647,1.208578,1.2555656,1.0116132,0.9189317,1.0727056,1.0560186,1.218534
130,0.1516949,9.14199948310852,1.4107755,1.0900317,1.0894084,0.9116,1.0409455,1.1652018,1.1569061,1.2776403,1.5651647,1.208578,1.2555656,1.0116132,0.9189317,1.0727056,1.0560186,1.218534
131,0.15314001,9.459968328475952,1.4003776,1.0809453,1.0830736,0.90709406,1.044081,1.1694894,1.1613646,1.2827138,1.5526236,1.1986309,1.2498311,1.0076847,0.9217861,1.0758712,1.0609559,1.2238916
132,0.14904451,9.41982388496399,1.4003776,1.0809453,1.0830736,0.90709406,1.044081,1.1694894,1.1613646,1.2827138,1.5526236,1.1986309,1.2498311,1.0076847,0.9217861,1.0758712,1.0609559,1.2238916
133,0.14606631,9.392239570617676,1.3800752,1.0651505,1.0671592,0.89859587,1.0514224,1.1799004,1.1713395,1.2937533,1.5355555,1.185743,1.2320493,0.995907,0.9300558,1.0877708,1.0716811,1.2352982
134,0.13388103,13.36846399307251,1.4020848,1.0831983,1.0816329,0.90671283,1.0447392,1.1703317,1.1612563,1.2829936,1.5549403,1.1996597,1.2458334,1.0043392,0.9248427,1.0792515,1.062108,1.2249756
135,0.14285785,9.716193199157715,1.4038688,1.0847248,1.0827277,0.9068553,1.0442256,1.1700065,1.160439,1.2819988,1.5557959,1.2006369,1.2456015,1.0042385,0.9250694,1.0797167,1.0614307,1.2239034
136,0.10929507,9.755718469619751,1.3987377,1.0795457,1.0789663,0.9048754,1.0454564,1.1717887,1.162548,1.2841225,1.548644,1.1961086,1.2405211,1.0017072,0.92551816,1.0803174,1.0627015,1.2263861
137,0.1411264,9.723657608032227,1.4038688,1.0847248,1.0827277,0.9068553,1.0442256,1.1700065,1.160439,1.2819988,1.5557959,1.2006369,1.2456015,1.0042385,0.9250694,1.0797167,1.0614307,1.2239034
138,0.14373982,9.55228567123413,1.3688991,1.0598629,1.0574449,0.8930475,1.0536135,1.183674,1.1736172,1.296489,1.5235701,1.1774318,1.2210877,0.9895359,0.9351526,1.0929462,1.0754172,1.2396151
139,0.14136577,9.775686025619507,1.3987377,1.0795457,1.0789663,0.9048754,1.0454564,1.1717887,1.162548,1.2841225,1.548644,1.1961086,1.2405211,1.0017072,0.92551816,1.0803174,1.0627015,1.2263861
140,0.15741622,9.806028842926025,1.4038688,1.0847248,1.0827277,0.9068553,1.0442256,1.1700065,1.160439,1.2819988,1.5557959,1.2006369,1.2456015,1.0042385,0.9250694,1.0797167,1.0614307,1.2239034
141,0.14224434,9.561687231063843,1.3688991,1.0598629,1.0574449,0.8930475,1.0536135,1.183674,1.1736172,1.296489,1.5235701,1.1774318,1.2210877,0.9895359,0.9351526,1.0929462,1.0754172,1.2396151
142,0.12601095,9.598393678665161,1.4038688,1.0847248,1.0827277,0.9068553,1.0442256,1.1700065,1.160439,1.2819988,1.5557959,1.2006369,1.2456015,1.0042385,0.9250694,1.0797167,1.0614307,1.2239034
143,0.110348225,9.741677522659302,1.4038688,1.0847248,1.0827277,0.9068553,1.0442256,1.1700065,1.160439,1.2819988,1.5557959,1.2006369,1.2456015,1.0042385,0.9250694,1.0797167,1.0614307,1.2239034
144,0.13049632,9.54060411453247,1.3987377,1.0795457,1.0789663,0.9048754,1.0454564,1.1717887,1.162548,1.2841225,1.548644,1.1961086,1.2405211,1.0017072,0.92551816,1.0803174,1.0627015,1.2263861
145,0.1479615,9.679183721542358,1.3987377,1.0795457,1.0789663,0.9048754,1.0454564,1.1717887,1.162548,1.2841225,1.548644,1.1961086,1.2405211,1.0017072,0.92551816,1.0803174,1.0627015,1.2263861
146,0.13858336,9.485239744186401,1.4038688,1.0847248,1.0827277,0.9068553,1.0442256,1.1700065,1.160439,1.2819988,1.5557959,1.2006369,1.2456015,1.0042385,0.9250694,1.0797167,1.0614307,1.2239034
147,0.13834476,9.553593873977661,1.3987377,1.0795457,1.0789663,0.9048754,1.0454564,1.1717887,1.162548,1.2841225,1.548644,1.1961086,1.2405211,1.0017072,0.92551816,1.0803174,1.0627015,1.2263861
148,0.13524067,9.572417974472046,1.3987377,1.0795457,1.0789663,0.9048754,1.0454564,1.1717887,1.162548,1.2841225,1.548644,1.1961086,1.2405211,1.0017072,0.92551816,1.0803174,1.0627015,1.2263861
149,0.13787442,9.733259916305542,1.3987377,1.0795457,1.0789663,0.9048754,1.0454564,1.1717887,1.162548,1.2841225,1.548644,1.1961086,1.2405211,1.0017072,0.92551816,1.0803174,1.0627015,1.2263861
150,0.1394437,9.531385660171509,1.3758312,1.0626972,1.0607587,0.89461607,1.0526403,1.1813191,1.171531,1.2944826,1.5294214,1.1807778,1.2249953,0.991451,0.935379,1.0940046,1.0746272,1.2387087
151,0.17137396,9.72794246673584,1.3758312,1.0626972,1.0607587,0.89461607,1.0526403,1.1813191,1.171531,1.2944826,1.5294214,1.1807778,1.2249953,0.991451,0.935379,1.0940046,1.0746272,1.2387087
152,0.100966096,9.546568632125854,1.4132338,1.090913,1.0925335,0.91288877,1.0393286,1.1625911,1.1547369,1.2753694,1.5698584,1.2111324,1.2609406,1.0148911,0.9148177,1.067538,1.05366,1.215501
153,0.08689374,9.512503147125244,1.412937,1.0908555,1.0908937,0.9120518,1.0410293,1.1648574,1.155714,1.2766037,1.5675197,1.2090433,1.2570128,1.011949,0.9189419,1.0719118,1.0561061,1.2184138
154,0.1458885,9.486100435256958,1.3987377,1.0795457,1.0789663,0.9048754,1.0454564,1.1717887,1.162548,1.2841225,1.548644,1.1961086,1.2405211,1.0017072,0.92551816,1.0803174,1.0627015,1.2263861
155,0.15570909,9.53173279762268,1.3819299,1.06707,1.0661501,0.8973724,1.0491039,1.1774737,1.1689245,1.290704,1.5362772,1.1854869,1.2317125,0.9955718,0.9306741,1.0877008,1.070166,1.2330729
156,0.16615689,9.594334602355957,1.4024547,1.0838243,1.0812552,0.9063341,1.0429804,1.1682204,1.1594409,1.2799726,1.5566089,1.2024531,1.2474538,1.0056249,0.9214393,1.0751451,1.0580578,1.2200863
157,0.16845918,9.659888744354248,1.3853704,1.0699685,1.0708319,0.9001901,1.0444309,1.1732634,1.1640095,1.2862107,1.5436062,1.1898581,1.2374203,0.99955106,0.92197263,1.0774163,1.061687,1.222606
158,0.13041782,9.803422927856445,1.4024547,1.0838243,1.0812552,0.9063341,1.0429804,1.1682204,1.1594409,1.2799726,1.5566089,1.2024531,1.2474538,1.0056249,0.9214393,1.0751451,1.0580578,1.2200863
159,0.14818835,9.64702582359314,1.4221385,1.0978551,1.0987256,0.9162632,1.0375683,1.1599814,1.1526645,1.2725838,1.5791054,1.2178801,1.2679368,1.0195867,0.91382694,1.0656843,1.0507922,1.2123257
160,0.10995424,9.39142656326294,1.4250374,1.0992544,1.1000906,0.9173857,1.035768,1.157406,1.1494952,1.2701372,1.5831258,1.2208625,1.2708926,1.0217042,0.9128884,1.0642371,1.0490514,1.2103361
161,0.13449794,9.505256414413452,1.4024547,1.0838243,1.0812552,0.9063341,1.0429804,1.1682204,1.1594409,1.2799726,1.5566089,1.2024531,1.2474538,1.0056249,0.9214393,1.0751451,1.0580578,1.2200863
162,0.12717515,9.647538185119629,1.3989277,1.0798874,1.0789996,0.9044762,1.0446926,1.1706463,1.1603657,1.2829486,1.5546412,1.1997317,1.2475072,1.0057728,0.9244126,1.0795473,1.0626948,1.2258079
163,0.14872986,9.422545194625854,1.3989277,1.0798874,1.0789996,0.9044762,1.0446926,1.1706463,1.1603657,1.2829486,1.5546412,1.1997317,1.2475072,1.0057728,0.9244126,1.0795473,1.0626948,1.2258079
164,0.1419558,9.510178327560425,1.3989277,1.0798874,1.0789996,0.9044762,1.0446926,1.1706463,1.1603657,1.2829486,1.5546412,1.1997317,1.2475072,1.0057728,0.9244126,1.0795473,1.0626948,1.2258079
165,0.13189042,9.254684448242188,1.3736438,1.0624697,1.0601457,0.8948338,1.0500802,1.1789701,1.1699806,1.2923923,1.5293938,1.1828672,1.2278461,0.994636,0.927869,1.0849003,1.0691963,1.2338643
166,0.11443961,9.692270278930664,1.4151868,1.0921714,1.0911367,0.9097393,1.0393198,1.1631049,1.1543381,1.2743943,1.5729482,1.2138253,1.2624677,1.0161442,0.9190537,1.071316,1.0549548,1.2167315
167,0.12772584,9.43287706375122,1.3675889,1.0532479,1.0533954,0.8887797,1.0539821,1.1852876,1.1754216,1.2983162,1.52421,1.17777,1.2220093,0.99013275,0.9391128,1.0960778,1.0787534,1.2430981
168,0.16888875,9.401390075683594,1.4024547,1.0838243,1.0812552,0.9063341,1.0429804,1.1682204,1.1594409,1.2799726,1.5566089,1.2024531,1.2474538,1.0056249,0.9214393,1.0751451,1.0580578,1.2200863
169,0.16509515,9.020407676696777,1.400925,1.0817264,1.0799342,0.90528554,1.0442342,1.1699175,1.1612606,1.2830313,1.5559452,1.200925,1.2472932,1.0061562,0.9235823,1.0786161,1.0618414,1.2245862
170,0.14489865,9.72645092010498,1.4151868,1.0921714,1.0911367,0.9097393,1.0393198,1.1631049,1.1543381,1.2743943,1.5729482,1.2138253,1.2624677,1.0161442,0.9190537,1.071316,1.0549548,1.2167315
171,0.17234612,9.482207536697388,1.3989277,1.0798874,1.0789996,0.9044762,1.0446926,1.1706463,1.1603657,1.2829486,1.5546412,1.1997317,1.2475072,1.0057728,0.9244126,1.0795473,1.0626948,1.2258079
172,0.15613228,9.581332921981812,1.3989277,1.0798874,1.0789996,0.9044762,1.0446926,1.1706463,1.1603657,1.2829486,1.5546412,1.1997317,1.2475072,1.0057728,0.9244126,1.0795473,1.0626948,1.2258079
173,0.14316308,13.137462615966797,1.3989277,1.0798874,1.0789996,0.9044762,1.0446926,1.1706463,1.1603657,1.2829486,1.5546412,1.1997317,1.2475072,1.0057728,0.9244126,1.0795473,1.0626948,1.2258079
174,0.11484134,9.369287490844727,1.4151868,1.0921714,1.0911367,0.9097393,1.0393198,1.1631049,1.1543381,1.2743943,1.5729482,1.2138253,1.2624677,1.0161442,0.9190537,1.071316,1.0549548,1.2167315
175,0.13439316,9.67854356765747,1.4024547,1.0838243,1.0812552,0.9063341,1.0429804,1.1682204,1.1594409,1.2799726,1.5566089,1.2024531,1.2474538,1.0056249,0.9214393,1.0751451,1.0580578,1.2200863
176,0.14563686,9.560009717941284,1.3837872,1.0671587,1.0663973,0.89659655,1.0437033,1.1739548,1.1652591,1.2860668,1.5430801,1.1906071,1.236529,0.9991686,0.92906713,1.0843107,1.0678421,1.2296398
177,0.1283381,9.662936925888062,1.3837872,1.0671587,1.0663973,0.89659655,1.0437033,1.1739548,1.1652591,1.2860668,1.5430801,1.1906071,1.236529,0.9991686,0.92906713,1.0843107,1.0678421,1.2296398
178,0.17713714,9.539901971817017,1.3837872,1.0671587,1.0663973,0.89659655,1.0437033,1.1739548,1.1652591,1.2860668,1.5430801,1.1906071,1.236529,0.9991686,0.92906713,1.0843107,1.0678421,1.2296398
179,0.14097601,9.606562852859497,1.3846422,1.0687562,1.0683631,0.8982265,1.046616,1.174727,1.1657373,1.2877113,1.5375081,1.1861068,1.2338173,0.9969976,0.9292772,1.0856305,1.0683835,1.2323799
180,0.13970494,9.437941074371338,1.3837872,1.0671587,1.0663973,0.89659655,1.0437033,1.1739548,1.1652591,1.2860668,1.5430801,1.1906071,1.236529,0.9991686,0.92906713,1.0843107,1.0678421,1.2296398
181,0.14079446,9.615241289138794,1.4005469,1.080763,1.0796347,0.9041782,1.043401,1.1694121,1.1601815,1.281697,1.5591288,1.2031122,1.2505069,1.0082852,0.9248483,1.078645,1.0616077,1.2243277
182,0.118165374,9.448721647262573,1.4005469,1.080763,1.0796347,0.9041782,1.043401,1.1694121,1.1601815,1.281697,1.5591288,1.2031122,1.2505069,1.0082852,0.9248483,1.078645,1.0616077,1.2243277
183,0.14246923,9.609097719192505,1.4005469,1.080763,1.0796347,0.9041782,1.043401,1.1694121,1.1601815,1.281697,1.5591288,1.2031122,1.2505069,1.0082852,0.9248483,1.078645,1.0616077,1.2243277
184,0.13003397,9.575094938278198,1.394819,1.0780009,1.0749413,0.9018526,1.0457897,1.1726307,1.163162,1.2849586,1.5518494,1.1976639,1.2431527,1.0030162,0.9279429,1.0825828,1.0650092,1.2281411
185,0.11296892,9.491787910461426,1.4005469,1.080763,1.0796347,0.9041782,1.043401,1.1694121,1.1601815,1.281697,1.5591288,1.2031122,1.2505069,1.0082852,0.9248483,1.078645,1.0616077,1.2243277
186,0.14426136,9.527455568313599,1.394819,1.0780009,1.0749413,0.9018526,1.0457897,1.1726307,1.163162,1.2849586,1.5518494,1.1976639,1.2431527,1.0030162,0.9279429,1.0825828,1.0650092,1.2281411
187,0.12240374,9.310962677001953,1.3721284,1.0589895,1.0574071,0.89227504,1.053009,1.1842898,1.1740766,1.2969477,1.5254382,1.1782491,1.221646,0.9899049,0.93714046,1.0957791,1.0770131,1.2413607
188,0.14050877,9.63994288444519,1.4005469,1.080763,1.0796347,0.9041782,1.043401,1.1694121,1.1601815,1.281697,1.5591288,1.2031122,1.2505069,1.0082852,0.9248483,1.078645,1.0616077,1.2243277
189,0.10553038,9.442895412445068,1.4163778,1.0935038,1.0920168,0.9102827,1.0381305,1.1617192,1.1523882,1.2730484,1.5742977,1.2141575,1.2626754,1.015475,0.9176432,1.0699195,1.0524917,1.2141243
190,0.124739766,9.600029468536377,1.393264,1.0761801,1.0748444,0.9027074,1.0454485,1.1722412,1.1632086,1.2846867,1.5517337,1.1984489,1.2450538,1.0045949,0.9247489,1.0797304,1.0642835,1.2271929
191,0.13864899,9.457412481307983,1.4005469,1.080763,1.0796347,0.9041782,1.043401,1.1694121,1.1601815,1.281697,1.5591288,1.2031122,1.2505069,1.0082852,0.9248483,1.078645,1.0616077,1.2243277
192,0.11495817,9.450266122817993,1.4044124,1.0834372,1.0834651,0.90600747,1.0426921,1.1677884,1.1597408,1.2806259,1.5620944,1.2049,1.2540475,1.0108895,0.9218,1.0762103,1.059337,1.2215238
193,0.12202591,9.425309658050537,1.394819,1.0780009,1.0749413,0.9018526,1.0457897,1.1726307,1.163162,1.2849586,1.5518494,1.1976639,1.2431527,1.0030162,0.9279429,1.0825828,1.0650092,1.2281411
194,0.1352905,9.485589981079102,1.393264,1.0761801,1.0748444,0.9027074,1.0454485,1.1722412,1.1632086,1.2846867,1.5517337,1.1984489,1.2450538,1.0045949,0.9247489,1.0797304,1.0642835,1.2271929
195,0.14027834,9.535522699356079,1.3777063,1.0627943,1.0621283,0.8946606,1.0497533,1.178913,1.1701751,1.2916117,1.5361371,1.1845986,1.2310612,0.9954013,0.9302936,1.0873069,1.0707161,1.2338187
196,0.13667029,9.521802186965942,1.4303166,1.1045856,1.1062868,0.9209919,1.0351075,1.1558704,1.1480622,1.2667791,1.5876349,1.2237164,1.2755778,1.024748,0.9098674,1.0606799,1.0459534,1.2067281
197,0.14692962,9.554347515106201,1.3777063,1.0627943,1.0621283,0.8946606,1.0497533,1.178913,1.1701751,1.2916117,1.5361371,1.1845986,1.2310612,0.9954013,0.9302936,1.0873069,1.0707161,1.2338187
198,0.14460242,9.65828275680542,1.3777063,1.0627943,1.0621283,0.8946606,1.0497533,1.178913,1.1701751,1.2916117,1.5361371,1.1845986,1.2310612,0.9954013,0.9302936,1.0873069,1.0707161,1.2338187
199,0.13997418,9.40142822265625,1.4044124,1.0834372,1.0834651,0.90600747,1.0426921,1.1677884,1.1597408,1.2806259,1.5620944,1.2049,1.2540475,1.0108895,0.9218,1.0762103,1.059337,1.2215238
200,0.1363973,9.788975477218628,1.393264,1.0761801,1.0748444,0.9027074,1.0454485,1.1722412,1.1632086,1.2846867,1.5517337,1.1984489,1.2450538,1.0045949,0.9247489,1.0797304,1.0642835,1.2271929
201,0.13686383,9.569106817245483,1.4044124,1.0834372,1.0834651,0.90600747,1.0426921,1.1677884,1.1597408,1.2806259,1.5620944,1.2049,1.2540475,1.0108895,0.9218,1.0762103,1.059337,1.2215238
202,0.15269369,9.56812834739685,1.3777063,1.0627943,1.0621283,0.8946606,1.0497533,1.178913,1.1701751,1.2916117,1.5361371,1.1845986,1.2310612,0.9954013,0.9302936,1.0873069,1.0707161,1.2338187
203,0.1350258,9.578305959701538,1.4019129,1.081613,1.0817376,0.9062568,1.0434583,1.1688013,1.160102,1.2814652,1.5599649,1.2035729,1.251558,1.0089399,0.92229855,1.0769497,1.0605677,1.2232902
204,0.1434328,9.623335361480713,1.4019129,1.081613,1.0817376,0.9062568,1.0434583,1.1688013,1.160102,1.2814652,1.5599649,1.2035729,1.251558,1.0089399,0.92229855,1.0769497,1.0605677,1.2232902
205,0.13946956,9.467636585235596,1.3673797,1.0556077,1.0543034,0.89028096,1.0552645,1.1859695,1.1752454,1.2988945,1.5190798,1.1732888,1.2158333,0.98417807,0.9387734,1.097476,1.0794977,1.2435865
206,0.16429615,9.68307375907898,1.393264,1.0761801,1.0748444,0.9027074,1.0454485,1.1722412,1.1632086,1.2846867,1.5517337,1.1984489,1.2450538,1.0045949,0.9247489,1.0797304,1.0642835,1.2271929
207,0.13648456,9.655200481414795,1.4019129,1.081613,1.0817376,0.9062568,1.0434583,1.1688013,1.160102,1.2814652,1.5599649,1.2035729,1.251558,1.0089399,0.92229855,1.0769497,1.0605677,1.2232902
208,0.13178128,9.279499053955078,1.4019129,1.081613,1.0817376,0.9062568,1.0434583,1.1688013,1.160102,1.2814652,1.5599649,1.2035729,1.251558,1.0089399,0.92229855,1.0769497,1.0605677,1.2232902
209,0.13066071,9.289835691452026,1.3656758,1.0555202,1.0547551,0.89143574,1.0556071,1.1875008,1.1779003,1.3012263,1.5154095,1.1703373,1.2147704,0.98663116,0.9374855,1.0975763,1.0799158,1.2451203
210,0.14246386,9.724874019622803,1.4019129,1.081613,1.0817376,0.9062568,1.0434583,1.1688013,1.160102,1.2814652,1.5599649,1.2035729,1.251558,1.0089399,0.92229855,1.0769497,1.0605677,1.2232902
211,0.14056385,9.600266695022583,1.393264,1.0761801,1.0748444,0.9027074,1.0454485,1.1722412,1.1632086,1.2846867,1.5517337,1.1984489,1.2450538,1.0045949,0.9247489,1.0797304,1.0642835,1.2271929
212,0.15569502,9.663850784301758,1.3801267,1.0682338,1.0654752,0.89758897,1.045025,1.1747817,1.1660404,1.2885553,1.5358309,1.1866474,1.2333281,0.9959194,0.9278865,1.0839338,1.0673457,1.2312224
213,0.16499627,13.165994882583618,1.3847444,1.0699016,1.0701512,0.8981587,1.0495285,1.1765902,1.1680822,1.2895508,1.5385475,1.187554,1.2333047,0.9969104,0.9290223,1.0869724,1.0697784,1.2340505
214,0.09903979,9.601028442382812,1.393264,1.0761801,1.0748444,0.9027074,1.0454485,1.1722412,1.1632086,1.2846867,1.5517337,1.1984489,1.2450538,1.0045949,0.9247489,1.0797304,1.0642835,1.2271929
215,0.121774495,9.549158096313477,1.3777063,1.0627943,1.0621283,0.8946606,1.0497533,1.178913,1.1701751,1.2916117,1.5361371,1.1845986,1.2310612,0.9954013,0.9302936,1.0873069,1.0707161,1.2338187
216,0.15781671,9.599181413650513,1.3777063,1.0627943,1.0621283,0.8946606,1.0497533,1.178913,1.1701751,1.2916117,1.5361371,1.1845986,1.2310612,0.9954013,0.9302936,1.0873069,1.0707161,1.2338187
217,0.119457066,9.439283609390259,1.4303442,1.1040114,1.1052775,0.92027426,1.0350934,1.1557285,1.1489701,1.268307,1.5881929,1.2245544,1.2761557,1.0253469,0.90982807,1.0607249,1.0465432,1.2073439
218,0.13342524,9.471455812454224,1.3801267,1.0682338,1.0654752,0.89758897,1.045025,1.1747817,1.1660404,1.2885553,1.5358309,1.1866474,1.2333281,0.9959194,0.9278865,1.0839338,1.0673457,1.2312224
219,0.15325177,9.668200969696045,1.3679959,1.0561073,1.054239,0.89128447,1.0553163,1.1853708,1.1760741,1.29926,1.5236813,1.176759,1.2214583,0.98947984,0.9364558,1.0959024,1.0775471,1.2415712
220,0.120806396,9.577069520950317,1.3679959,1.0561073,1.054239,0.89128447,1.0553163,1.1853708,1.1760741,1.29926,1.5236813,1.176759,1.2214583,0.98947984,0.9364558,1.0959024,1.0775471,1.2415712
221,0.10002732,9.513784170150757,1.3801267,1.0682338,1.0654752,0.89758897,1.045025,1.1747817,1.1660404,1.2885553,1.5358309,1.1866474,1.2333281,0.9959194,0.9278865,1.0839338,1.0673457,1.2312224
222,0.13627243,9.65114450454712,1.4114907,1.0890722,1.0858058,0.9081426,1.0402801,1.1647644,1.1559181,1.2763648,1.5693505,1.210699,1.2574354,1.0126516,0.9210808,1.0737007,1.05609,1.2180521
223,0.123546064,9.572895526885986,1.3777063,1.0627943,1.0621283,0.8946606,1.0497533,1.178913,1.1701751,1.2916117,1.5361371,1.1845986,1.2310612,0.9954013,0.9302936,1.0873069,1.0707161,1.2338187
224,0.16828334,9.459823369979858,1.3777063,1.0627943,1.0621283,0.8946606,1.0497533,1.178913,1.1701751,1.2916117,1.5361371,1.1845986,1.2310612,0.9954013,0.9302936,1.0873069,1.0707161,1.2338187
225,0.10941774,9.483558654785156,1.3801267,1.0682338,1.0654752,0.89758897,1.045025,1.1747817,1.1660404,1.2885553,1.5358309,1.1866474,1.2333281,0.9959194,0.9278865,1.0839338,1.0673457,1.2312224
226,0.16299427,9.576163053512573,1.3801267,1.0682338,1.0654752,0.89758897,1.045025,1.1747817,1.1660404,1.2885553,1.5358309,1.1866474,1.2333281,0.9959194,0.9278865,1.0839338,1.0673457,1.2312224
227,0.15398437,9.560691595077515,1.3801267,1.0682338,1.0654752,0.89758897,1.045025,1.1747817,1.1660404,1.2885553,1.5358309,1.1866474,1.2333281,0.9959194,0.9278865,1.0839338,1.0673457,1.2312224
228,0.14862448,9.612221956253052,1.3975194,1.0791643,1.0768766,0.90309554,1.0424806,1.1683457,1.160678,1.2821264,1.5546501,1.199989,1.2464757,1.0061613,0.9244556,1.0790669,1.0608414,1.2252156
229,0.14072531,9.703878402709961,1.3975194,1.0791643,1.0768766,0.90309554,1.0424806,1.1683457,1.160678,1.2821264,1.5546501,1.199989,1.2464757,1.0061613,0.9244556,1.0790669,1.0608414,1.2252156
230,0.14131021,9.66563892364502,1.4076805,1.0859573,1.0864911,0.9089222,1.0402511,1.1645062,1.1562896,1.2768584,1.5673367,1.2092944,1.2592064,1.0136656,0.9187059,1.0710171,1.0559092,1.2176665
231,0.13322586,9.612243413925171,1.4076805,1.0859573,1.0864911,0.9089222,1.0402511,1.1645062,1.1562896,1.2768584,1.5673367,1.2092944,1.2592064,1.0136656,0.9187059,1.0710171,1.0559092,1.2176665
232,0.16626912,9.665950775146484,1.4013942,1.0822611,1.0822247,0.9068347,1.0427803,1.1684594,1.159922,1.2811056,1.5556307,1.2002925,1.2460505,1.0050393,0.9212985,1.0742751,1.05919,1.2203598
233,0.13866866,9.583094120025635,1.3975194,1.0791643,1.0768766,0.90309554,1.0424806,1.1683457,1.160678,1.2821264,1.5546501,1.199989,1.2464757,1.0061613,0.9244556,1.0790669,1.0608414,1.2252156
234,0.13415807,9.482497692108154,1.4013942,1.0822611,1.0822247,0.9068347,1.0427803,1.1684594,1.159922,1.2811056,1.5556307,1.2002925,1.2460505,1.0050393,0.9212985,1.0742751,1.05919,1.2203598
235,0.1566143,9.491006851196289,1.4013942,1.0822611,1.0822247,0.9068347,1.0427803,1.1684594,1.159922,1.2811056,1.5556307,1.2002925,1.2460505,1.0050393,0.9212985,1.0742751,1.05919,1.2203598
236,0.14672512,9.444329977035522,1.384507,1.0691602,1.0688171,0.89873964,1.0482966,1.1760852,1.1667366,1.2890527,1.5433407,1.1910923,1.2375947,1.0004946,0.92871964,1.0846851,1.0674233,1.2312849
237,0.13208938,9.565890312194824,1.3828087,1.0682405,1.066379,0.89762133,1.0490179,1.1770377,1.1681468,1.2900993,1.5423862,1.1901286,1.2362273,0.9990077,0.92919886,1.0841277,1.0684905,1.2322769
238,0.16429895,9.404663324356079,1.3407563,1.0361378,1.0338942,0.88022125,1.0656258,1.2001933,1.189754,1.3136256,1.4943194,1.1546609,1.197077,0.97372645,0.94927466,1.1097873,1.0920644,1.2573617
239,0.1475023,9.720191240310669,1.384507,1.0691602,1.0688171,0.89873964,1.0482966,1.1760852,1.1667366,1.2890527,1.5433407,1.1910923,1.2375947,1.0004946,0.92871964,1.0846851,1.0674233,1.2312849
240,0.15386176,9.59699296951294,1.3828087,1.0682405,1.066379,0.89762133,1.0490179,1.1770377,1.1681468,1.2900993,1.5423862,1.1901286,1.2362273,0.9990077,0.92919886,1.0841277,1.0684905,1.2322769
241,0.13641286,9.689685344696045,1.4260991,1.1009132,1.1016171,0.91791505,1.0363071,1.1580352,1.1508846,1.2703357,1.5830269,1.2210462,1.2718109,1.0224049,0.9121136,1.0630524,1.0473307,1.2085284
242,0.15047306,9.644011497497559,1.384507,1.0691602,1.0688171,0.89873964,1.0482966,1.1760852,1.1667366,1.2890527,1.5433407,1.1910923,1.2375947,1.0004946,0.92871964,1.0846851,1.0674233,1.2312849
243,0.15601504,9.445314645767212,1.3674498,1.0564948,1.0551144,0.8909341,1.0545052,1.1857755,1.1761117,1.2994245,1.5213332,1.1756567,1.2201222,0.98843896,0.9370756,1.095601,1.0785527,1.2429876
244,0.11352998,9.382633209228516,1.3674498,1.0564948,1.0551144,0.8909341,1.0545052,1.1857755,1.1761117,1.2994245,1.5213332,1.1756567,1.2201222,0.98843896,0.9370756,1.095601,1.0785527,1.2429876
245,0.13049877,9.542914628982544,1.3961549,1.0782114,1.0771358,0.9032229,1.0449463,1.1712923,1.1630092,1.2840167,1.554314,1.2001185,1.246455,1.0068907,0.9237152,1.0794166,1.0621482,1.2243652
246,0.111426294,9.7010018825531,1.3833382,1.0679913,1.0667562,0.8955456,1.0466193,1.1746031,1.1662343,1.2881932,1.5447767,1.1919978,1.2387425,1.0008906,0.93019736,1.0852783,1.0681142,1.2317929
247,0.156227,9.621500253677368,1.3961549,1.0782114,1.0771358,0.9032229,1.0449463,1.1712923,1.1630092,1.2840167,1.554314,1.2001185,1.246455,1.0068907,0.9237152,1.0794166,1.0621482,1.2243652
248,0.1256172,9.443753480911255,1.3833382,1.0679913,1.0667562,0.8955456,1.0466193,1.1746031,1.1662343,1.2881932,1.5447767,1.1919978,1.2387425,1.0008906,0.93019736,1.0852783,1.0681142,1.2317929
249,0.1372006,9.049034833908081,1.3833382,1.0679913,1.0667562,0.8955456,1.0466193,1.1746031,1.1662343,1.2881932,1.5447767,1.1919978,1.2387425,1.0008906,0.93019736,1.0852783,1.0681142,1.2317929
250,0.11809909,9.554444551467896,1.3833382,1.0679913,1.0667562,0.8955456,1.0466193,1.1746031,1.1662343,1.2881932,1.5447767,1.1919978,1.2387425,1.0008906,0.93019736,1.0852783,1.0681142,1.2317929
251,0.15976971,9.422885656356812,1.3737811,1.0596516,1.0604782,0.89359593,1.0522401,1.182079,1.1729448,1.2956064,1.5277013,1.1797366,1.2259971,0.9928584,0.9330388,1.091561,1.0751224,1.238923
252,0.13631177,9.60341191291809,1.4221836,1.0986389,1.0978991,0.91579443,1.03612,1.1580894,1.1498138,1.2697233,1.5828413,1.2212474,1.2700624,1.0208381,0.91425616,1.0645202,1.0484773,1.2091771
253,0.12403309,13.725744485855103,1.4172208,1.0939121,1.0935031,0.91255474,1.0389373,1.1620353,1.1525434,1.2735733,1.5743967,1.2144074,1.2625755,1.0162953,0.9178338,1.0699055,1.0528393,1.2153351
254,0.13438022,9.601639986038208,1.4227768,1.098723,1.0972466,0.9143697,1.0354881,1.1574798,1.1487995,1.2686497,1.5855592,1.2235829,1.2722214,1.0225496,0.9154315,1.0649697,1.0484445,1.20887
255,0.118285656,9.352941274642944,1.3898641,1.0711244,1.0682864,0.89799255,1.046053,1.172953,1.1636425,1.2859136,1.5487933,1.194152,1.2416794,1.0027493,0.928855,1.082992,1.0656289,1.2279202
256,0.16051638,9.452399492263794,1.4421506,1.112577,1.1119725,0.92297876,1.0302237,1.1483517,1.142015,1.2605934,1.6027712,1.2362322,1.2862073,1.0328759,0.9078366,1.0557253,1.0414543,1.2012788
257,0.13165087,9.406105756759644,1.3986038,1.0791942,1.0776192,0.9016055,1.0442455,1.1705487,1.16111,1.2828329,1.5582613,1.2027789,1.2496572,1.0079588,0.9263383,1.0808266,1.0632005,1.2258383
258,0.15593338,9.438026666641235,1.4201483,1.0955149,1.0945752,0.9114727,1.0364627,1.1590922,1.1490366,1.2695118,1.5804756,1.2195472,1.2694907,1.0206647,0.91664547,1.0679379,1.0513023,1.2127489
259,0.14259529,9.465938091278076,1.4201483,1.0955149,1.0945752,0.9114727,1.0364627,1.1590922,1.1490366,1.2695118,1.5804756,1.2195472,1.2694907,1.0206647,0.91664547,1.0679379,1.0513023,1.2127489
260,0.14483517,9.978387594223022,1.4172208,1.0939121,1.0935031,0.91255474,1.0389373,1.1620353,1.1525434,1.2735733,1.5743967,1.2144074,1.2625755,1.0162953,0.9178338,1.0699055,1.0528393,1.2153351
261,0.114797175,9.499279022216797,1.3986038,1.0791942,1.0776192,0.9016055,1.0442455,1.1705487,1.16111,1.2828329,1.5582613,1.2027789,1.2496572,1.0079588,0.9263383,1.0808266,1.0632005,1.2258383
262,0.10955125,9.514223098754883,1.4172208,1.0939121,1.0935031,0.91255474,1.0389373,1.1620353,1.1525434,1.2735733,1.5743967,1.2144074,1.2625755,1.0162953,0.9178338,1.0699055,1.0528393,1.2153351
263,0.122583866,9.679376363754272,1.4172208,1.0939121,1.0935031,0.91255474,1.0389373,1.1620353,1.1525434,1.2735733,1.5743967,1.2144074,1.2625755,1.0162953,0.9178338,1.0699055,1.0528393,1.2153351
264,0.14953142,9.53720498085022,1.4076073,1.0865568,1.0830541,0.9067385,1.0419294,1.1674285,1.1581463,1.2787288,1.5604805,1.2039348,1.2486299,1.0066326,0.9224653,1.0751786,1.0564275,1.2187222
265,0.13505948,9.438501358032227,1.4096674,1.0785028,1.0888839,0.8962654,1.0512577,1.1658885,1.1648257,1.279301,1.5704447,1.2042027,1.2634928,1.0022676,0.9383943,1.0785865,1.0719311,1.2250661
266,0.1447019,9.462377309799194,1.3986038,1.0791942,1.0776192,0.9016055,1.0442455,1.1705487,1.16111,1.2828329,1.5582613,1.2027789,1.2496572,1.0079588,0.9263383,1.0808266,1.0632005,1.2258383
267,0.16312486,9.441208839416504,1.3986038,1.0791942,1.0776192,0.9016055,1.0442455,1.1705487,1.16111,1.2828329,1.5582613,1.2027789,1.2496572,1.0079588,0.9263383,1.0808266,1.0632005,1.2258383
268,0.1220302,9.58259630203247,1.4027443,1.0735556,1.0833154,0.8940326,1.0532261,1.1691277,1.1689866,1.2832941,1.5648978,1.2019274,1.2598287,1.0011526,0.94066125,1.0840791,1.0761198,1.232229
269,0.16323638,9.605456590652466,1.3986038,1.0791942,1.0776192,0.9016055,1.0442455,1.1705487,1.16111,1.2828329,1.5582613,1.2027789,1.2496572,1.0079588,0.9263383,1.0808266,1.0632005,1.2258383
270,0.14827418,9.516051530838013,1.394931,1.0756521,1.0733762,0.898971,1.0437199,1.1692992,1.1605564,1.2806672,1.5574174,1.2024735,1.2491461,1.0079064,0.92508805,1.0796587,1.0616893,1.2233465
271,0.1494922,9.50032353401184,1.394931,1.0756521,1.0733762,0.898971,1.0437199,1.1692992,1.1605564,1.2806672,1.5574174,1.2024735,1.2491461,1.0079064,0.92508805,1.0796587,1.0616893,1.2233465
272,0.15022159,9.476508855819702,1.3986038,1.0791942,1.0776192,0.9016055,1.0442455,1.1705487,1.16111,1.2828329,1.5582613,1.2027789,1.2496572,1.0079588,0.9263383,1.0808266,1.0632005,1.2258383
273,0.15249234,9.58016586303711,1.4076073,1.0865568,1.0830541,0.9067385,1.0419294,1.1674285,1.1581463,1.2787288,1.5604805,1.2039348,1.2486299,1.0066326,0.9224653,1.0751786,1.0564275,1.2187222
274,0.14523345,9.541972398757935,1.3813927,1.0655489,1.0641159,0.8931735,1.0495799,1.1784563,1.1690937,1.2912822,1.5424675,1.191326,1.2373532,1.0007008,0.9330484,1.0897465,1.0720186,1.2355852
275,0.15993333,9.61653757095337,1.394931,1.0756521,1.0733762,0.898971,1.0437199,1.1692992,1.1605564,1.2806672,1.5574174,1.2024735,1.2491461,1.0079064,0.92508805,1.0796587,1.0616893,1.2233465
276,0.16455966,9.327001094818115,1.4038212,1.0825678,1.082053,0.90479916,1.0423707,1.1670942,1.159675,1.2804263,1.5655862,1.2080281,1.2576467,1.0136117,0.92076015,1.0747409,1.0592309,1.2215927
277,0.124934554,9.326972007751465,1.3800303,1.0638585,1.0641677,0.89363265,1.0495833,1.1781192,1.1681144,1.2907791,1.540214,1.1901504,1.2373097,1.000915,0.93186826,1.0890754,1.0716983,1.2357621
278,0.13527757,9.31749439239502,1.4038212,1.0825678,1.082053,0.90479916,1.0423707,1.1670942,1.159675,1.2804263,1.5655862,1.2080281,1.2576467,1.0136117,0.92076015,1.0747409,1.0592309,1.2215927
279,0.12986064,9.584337949752808,1.3800303,1.0638585,1.0641677,0.89363265,1.0495833,1.1781192,1.1681144,1.2907791,1.540214,1.1901504,1.2373097,1.000915,0.93186826,1.0890754,1.0716983,1.2357621
280,0.108516574,9.401368379592896,1.3800303,1.0638585,1.0641677,0.89363265,1.0495833,1.1781192,1.1681144,1.2907791,1.540214,1.1901504,1.2373097,1.000915,0.93186826,1.0890754,1.0716983,1.2357621
281,0.10940933,9.30483889579773,1.4055266,1.0849365,1.083431,0.9059315,1.0423479,1.1673609,1.158643,1.2798355,1.5628139,1.2061768,1.2524266,1.0094485,0.9228411,1.076298,1.0595673,1.2216485
282,0.16573894,9.288581609725952,1.4172547,1.0953662,1.0954947,0.91437626,1.0381188,1.1609129,1.1526616,1.2729418,1.5750523,1.2145427,1.2638714,1.0170404,0.91577667,1.0662615,1.0518312,1.2130437
283,0.1209172,9.502395153045654,1.418913,1.0968275,1.0947562,0.914979,1.0378623,1.1607518,1.1526554,1.2730491,1.5743688,1.213274,1.2634288,1.0155203,0.9140115,1.0650228,1.048968,1.210661
284,0.14834684,9.61608362197876,1.418913,1.0968275,1.0947562,0.914979,1.0378623,1.1607518,1.1526554,1.2730491,1.5743688,1.213274,1.2634288,1.0155203,0.9140115,1.0650228,1.048968,1.210661
285,0.114005685,9.287400484085083,1.4055266,1.0849365,1.083431,0.9059315,1.0423479,1.1673609,1.158643,1.2798355,1.5628139,1.2061768,1.2524266,1.0094485,0.9228411,1.076298,1.0595673,1.2216485
286,0.1181882,9.290966510772705,1.4055266,1.0849365,1.083431,0.9059315,1.0423479,1.1673609,1.158643,1.2798355,1.5628139,1.2061768,1.2524266,1.0094485,0.9228411,1.076298,1.0595673,1.2216485
287,0.13997984,9.382442474365234,1.4290354,1.102913,1.1020807,0.91755533,1.034161,1.1550114,1.148254,1.2671841,1.5917048,1.2276716,1.2793952,1.0280138,0.91039264,1.0605443,1.0461745,1.2067379
288,0.1450808,9.323416948318481,1.4055266,1.0849365,1.083431,0.9059315,1.0423479,1.1673609,1.158643,1.2798355,1.5628139,1.2061768,1.2524266,1.0094485,0.9228411,1.076298,1.0595673,1.2216485
289,0.12943786,9.58280062675476,1.4055266,1.0849365,1.083431,0.9059315,1.0423479,1.1673609,1.158643,1.2798355,1.5628139,1.2061768,1.2524266,1.0094485,0.9228411,1.076298,1.0595673,1.2216485
290,0.14148241,9.171565771102905,1.3739129,1.0613436,1.058731,0.89257187,1.0522743,1.1817324,1.1722571,1.2949536,1.5290039,1.1813489,1.2244685,0.99224716,0.9338999,1.0905298,1.0726848,1.2370851
291,0.15020025,9.380075216293335,1.4247333,1.0996368,1.0987598,0.9160085,1.0367337,1.1590155,1.1507361,1.2706091,1.58041,1.2184775,1.2681298,1.01908,0.9153641,1.0656846,1.0498835,1.2105858
292,0.13002044,9.390279531478882,1.4247333,1.0996368,1.0987598,0.9160085,1.0367337,1.1590155,1.1507361,1.2706091,1.58041,1.2184775,1.2681298,1.01908,0.9153641,1.0656846,1.0498835,1.2105858
293,0.1221987,9.339892148971558,1.4175174,1.0949686,1.0938934,0.9132177,1.0376061,1.1622483,1.1533644,1.2744968,1.5724851,1.2130649,1.2610285,1.0147605,0.91764313,1.0702668,1.053891,1.2155533
294,0.14468837,13.285389184951782,1.4055266,1.0849365,1.083431,0.9059315,1.0423479,1.1673609,1.158643,1.2798355,1.5628139,1.2061768,1.2524266,1.0094485,0.9228411,1.076298,1.0595673,1.2216485
295,0.14812768,9.50755000114441,1.4084383,1.0866882,1.0854748,0.9076231,1.0414467,1.1658266,1.1577122,1.2780569,1.5664668,1.208839,1.2567998,1.012248,0.92114735,1.0745451,1.0577177,1.2200934
296,0.13115007,9.698590755462646,1.4297016,1.103018,1.1024325,0.91675043,1.0347794,1.1560936,1.1480649,1.2676351,1.5891042,1.2259308,1.2758597,1.0252677,0.91376203,1.0634484,1.0477045,1.2080325
297,0.15317571,9.546013593673706,1.380379,1.0652446,1.0630034,0.89432144,1.0495096,1.1787155,1.1685312,1.2904283,1.5381447,1.1869357,1.2317672,0.9954309,0.9325278,1.0897064,1.071415,1.2335465
298,0.13837683,9.460641622543335,1.3993971,1.0795916,1.0784369,0.903101,1.043998,1.1699977,1.1610831,1.2824256,1.5570905,1.2015841,1.2497462,1.0076519,0.9255514,1.0798224,1.062365,1.225235
299,0.113548934,9.589611768722534,1.4247333,1.0996368,1.0987598,0.9160085,1.0367337,1.1590155,1.1507361,1.2706091,1.58041,1.2184775,1.2681298,1.01908,0.9153641,1.0656846,1.0498835,1.2105858
300,0.13048822,9.471209049224854,1.3993971,1.0795916,1.0784369,0.903101,1.043998,1.1699977,1.1610831,1.2824256,1.5570905,1.2015841,1.2497462,1.0076519,0.9255514,1.0798224,1.062365,1.225235
301,0.14629841,9.685906887054443,1.3993124,1.0799707,1.0785867,0.9031043,1.0436716,1.1682806,1.1604122,1.2823417,1.5574987,1.2020037,1.2487715,1.0073296,0.925676,1.080261,1.0629249,1.2257289
302,0.15660036,9.464380025863647,1.3852328,1.0685749,1.0650711,0.89585185,1.0474916,1.1759374,1.1656324,1.2870984,1.5422287,1.1908578,1.2339736,0.99697274,0.92956704,1.0846214,1.0667526,1.2282822
303,0.12916869,9.36689043045044,1.4084383,1.0866882,1.0854748,0.9076231,1.0414467,1.1658266,1.1577122,1.2780569,1.5664668,1.208839,1.2567998,1.012248,0.92114735,1.0745451,1.0577177,1.2200934
304,0.10145241,9.460370779037476,1.4084383,1.0866882,1.0854748,0.9076231,1.0414467,1.1658266,1.1577122,1.2780569,1.5664668,1.208839,1.2567998,1.012248,0.92114735,1.0745451,1.0577177,1.2200934
305,0.17153573,9.408965110778809,1.3681712,1.0561091,1.056317,0.8918509,1.0538409,1.184692,1.1761037,1.2991558,1.5219903,1.1764115,1.221733,0.9896035,0.93504614,1.0931306,1.0772297,1.242037
306,0.15047807,9.498055458068848,1.3993971,1.0795916,1.0784369,0.903101,1.043998,1.1699977,1.1610831,1.2824256,1.5570905,1.2015841,1.2497462,1.0076519,0.9255514,1.0798224,1.062365,1.225235
307,0.14885199,9.479030847549438,1.3852328,1.0685749,1.0650711,0.89585185,1.0474916,1.1759374,1.1656324,1.2870984,1.5422287,1.1908578,1.2339736,0.99697274,0.92956704,1.0846214,1.0667526,1.2282822
308,0.13704509,9.452961206436157,1.4084383,1.0866882,1.0854748,0.9076231,1.0414467,1.1658266,1.1577122,1.2780569,1.5664668,1.208839,1.2567998,1.012248,0.92114735,1.0745451,1.0577177,1.2200934
309,0.12890446,9.681025266647339,1.4084383,1.0866882,1.0854748,0.9076231,1.0414467,1.1658266,1.1577122,1.2780569,1.5664668,1.208839,1.2567998,1.012248,0.92114735,1.0745451,1.0577177,1.2200934
310,0.15387791,9.517450332641602,1.3814644,1.0662665,1.0671016,0.8982982,1.050679,1.1791205,1.170953,1.2930254,1.5369956,1.1868864,1.233928,0.9972958,0.9292496,1.086927,1.0711122,1.2350327
311,0.15457112,9.414005517959595,1.3958558,1.0763052,1.0790473,0.90482384,1.0456383,1.1715516,1.1642455,1.285256,1.5542015,1.1991537,1.2492009,1.0081962,0.92134553,1.0760425,1.0626355,1.2248822
312,0.14889854,9.35884952545166,1.3993971,1.0795916,1.0784369,0.903101,1.043998,1.1699977,1.1610831,1.2824256,1.5570905,1.2015841,1.2497462,1.0076519,0.9255514,1.0798224,1.062365,1.225235
313,0.12894684,9.462342262268066,1.3958558,1.0763052,1.0790473,0.90482384,1.0456383,1.1715516,1.1642455,1.285256,1.5542015,1.1991537,1.2492009,1.0081962,0.92134553,1.0760425,1.0626355,1.2248822
314,0.14121628,9.625033855438232,1.3958558,1.0763052,1.0790473,0.90482384,1.0456383,1.1715516,1.1642455,1.285256,1.5542015,1.1991537,1.2492009,1.0081962,0.92134553,1.0760425,1.0626355,1.2248822
315,0.15190917,9.534444570541382,1.3842889,1.0678093,1.0695316,0.90014625,1.0477641,1.1754369,1.1685321,1.2892797,1.544332,1.1923307,1.2403334,1.0022012,0.92054296,1.074251,1.0615741,1.2254477
316,0.13529825,9.44666600227356,1.3958558,1.0763052,1.0790473,0.90482384,1.0456383,1.1715516,1.1642455,1.285256,1.5542015,1.1991537,1.2492009,1.0081962,0.92134553,1.0760425,1.0626355,1.2248822
317,0.12256855,9.599042654037476,1.4472702,1.1168292,1.1182616,0.9281304,1.0296059,1.1466848,1.1417631,1.259278,1.6091603,1.2408112,1.2950647,1.0388442,0.90195316,1.0497792,1.0373498,1.1968368
318,0.122962356,9.562587261199951,1.3958558,1.0763052,1.0790473,0.90482384,1.0456383,1.1715516,1.1642455,1.285256,1.5542015,1.1991537,1.2492009,1.0081962,0.92134553,1.0760425,1.0626355,1.2248822
319,0.14131844,9.385125160217285,1.3899107,1.071632,1.0757664,0.9030628,1.0461146,1.1718487,1.1642748,1.2858975,1.5491843,1.1948178,1.2475035,1.0079182,0.9216242,1.0775322,1.0639936,1.2271544
320,0.13794309,9.403180360794067,1.3661113,1.0537771,1.0545982,0.8893114,1.0552974,1.1857886,1.1764392,1.2996261,1.525567,1.1792213,1.2249947,0.99398476,0.9352823,1.0952114,1.0780263,1.2418568
321,0.14299601,9.25242805480957,1.3958558,1.0763052,1.0790473,0.90482384,1.0456383,1.1715516,1.1642455,1.285256,1.5542015,1.1991537,1.2492009,1.0081962,0.92134553,1.0760425,1.0626355,1.2248822
322,0.16841918,9.540045976638794,1.3899107,1.071632,1.0757664,0.9030628,1.0461146,1.1718487,1.1642748,1.2858975,1.5491843,1.1948178,1.2475035,1.0079182,0.9216242,1.0775322,1.0639936,1.2271544
323,0.11957389,9.371845483779907,1.3958558,1.0763052,1.0790473,0.90482384,1.0456383,1.1715516,1.1642455,1.285256,1.5542015,1.1991537,1.2492009,1.0081962,0.92134553,1.0760425,1.0626355,1.2248822
324,0.15301204,9.271613597869873,1.4227492,1.096803,1.1017176,0.9185778,1.0364519,1.1571144,1.1526024,1.2716234,1.5824277,1.2209814,1.2747382,1.0261836,0.90769345,1.0600735,1.0483568,1.20929
325,0.14868414,9.38172435760498,1.3899107,1.071632,1.0757664,0.9030628,1.0461146,1.1718487,1.1642748,1.2858975,1.5491843,1.1948178,1.2475035,1.0079182,0.9216242,1.0775322,1.0639936,1.2271544
326,0.16622448,9.41683554649353,1.3958558,1.0763052,1.0790473,0.90482384,1.0456383,1.1715516,1.1642455,1.285256,1.5542015,1.1991537,1.2492009,1.0081962,0.92134553,1.0760425,1.0626355,1.2248822
327,0.14642328,9.399775505065918,1.3899107,1.071632,1.0757664,0.9030628,1.0461146,1.1718487,1.1642748,1.2858975,1.5491843,1.1948178,1.2475035,1.0079182,0.9216242,1.0775322,1.0639936,1.2271544
328,0.13344193,9.62407398223877,1.4076813,1.0845482,1.0871704,0.90787154,1.0408297,1.1647854,1.1580848,1.2781426,1.5705203,1.211875,1.2631825,1.0179901,0.9167666,1.068865,1.0562001,1.2173222
329,0.13365066,9.596357583999634,1.3958558,1.0763052,1.0790473,0.90482384,1.0456383,1.1715516,1.1642455,1.285256,1.5542015,1.1991537,1.2492009,1.0081962,0.92134553,1.0760425,1.0626355,1.2248822
330,0.17115647,9.408055782318115,1.3958558,1.0763052,1.0790473,0.90482384,1.0456383,1.1715516,1.1642455,1.285256,1.5542015,1.1991537,1.2492009,1.0081962,0.92134553,1.0760425,1.0626355,1.2248822
331,0.14185137,9.217496156692505,1.3958558,1.0763052,1.0790473,0.90482384,1.0456383,1.1715516,1.1642455,1.285256,1.5542015,1.1991537,1.2492009,1.0081962,0.92134553,1.0760425,1.0626355,1.2248822
332,0.13988966,9.279741525650024,1.3783165,1.0636632,1.0629758,0.89591885,1.0516322,1.1805413,1.17211,1.293976,1.5352458,1.1853222,1.2309412,0.9960544,0.930551,1.0878953,1.0716937,1.2360957
333,0.12655938,9.380380153656006,1.4119326,1.0896533,1.0892993,0.91084236,1.0406466,1.1644613,1.1570237,1.2767702,1.5691977,1.2109478,1.2594135,1.0141987,0.9175516,1.0712684,1.0552936,1.2171628
334,0.13306284,9.486013650894165,1.4119326,1.0896533,1.0892993,0.91084236,1.0406466,1.1644613,1.1570237,1.2767702,1.5691977,1.2109478,1.2594135,1.0141987,0.9175516,1.0712684,1.0552936,1.2171628
335,0.1513589,13.514323711395264,1.4119326,1.0896533,1.0892993,0.91084236,1.0406466,1.1644613,1.1570237,1.2767702,1.5691977,1.2109478,1.2594135,1.0141987,0.9175516,1.0712684,1.0552936,1.2171628
336,0.12882817,9.507432222366333,1.4119326,1.0896533,1.0892993,0.91084236,1.0406466,1.1644613,1.1570237,1.2767702,1.5691977,1.2109478,1.2594135,1.0141987,0.9175516,1.0712684,1.0552936,1.2171628
337,0.15203452,9.614084959030151,1.3587682,1.0491949,1.048712,0.8867036,1.0568992,1.1875969,1.1782247,1.3005186,1.5187234,1.172994,1.2181262,0.98820025,0.93870044,1.0981798,1.08103,1.2451005
338,0.12806475,9.39672327041626,1.3750695,1.0607134,1.0613004,0.8937728,1.0522895,1.1813549,1.1728982,1.2951018,1.5335661,1.184866,1.2314377,0.9969845,0.93244916,1.0908409,1.0741647,1.2378291
339,0.15008897,9.471959590911865,1.3958558,1.0763052,1.0790473,0.90482384,1.0456383,1.1715516,1.1642455,1.285256,1.5542015,1.1991537,1.2492009,1.0081962,0.92134553,1.0760425,1.0626355,1.2248822
340,0.13589239,9.467143297195435,1.3899107,1.071632,1.0757664,0.9030628,1.0461146,1.1718487,1.1642748,1.2858975,1.5491843,1.1948178,1.2475035,1.0079182,0.9216242,1.0775322,1.0639936,1.2271544
341,0.13959372,9.432085990905762,1.4106579,1.087665,1.0892252,0.91072387,1.0399414,1.1628242,1.1565135,1.2759675,1.5734899,1.2130972,1.2651424,1.019155,0.9143564,1.0679182,1.0544255,1.2161859
342,0.11010444,9.480310916900635,1.4119326,1.0896533,1.0892993,0.91084236,1.0406466,1.1644613,1.1570237,1.2767702,1.5691977,1.2109478,1.2594135,1.0141987,0.9175516,1.0712684,1.0552936,1.2171628
343,0.10176563,9.430744647979736,1.4119326,1.0896533,1.0892993,0.91084236,1.0406466,1.1644613,1.1570237,1.2767702,1.5691977,1.2109478,1.2594135,1.0141987,0.9175516,1.0712684,1.0552936,1.2171628
344,0.12651753,9.411818981170654,1.4119326,1.0896533,1.0892993,0.91084236,1.0406466,1.1644613,1.1570237,1.2767702,1.5691977,1.2109478,1.2594135,1.0141987,0.9175516,1.0712684,1.0552936,1.2171628
345,0.13738066,9.590802192687988,1.3830649,1.0664386,1.0662663,0.8971167,1.049047,1.1772043,1.1689928,1.2901983,1.5394485,1.1886331,1.2352779,0.99781924,0.92922777,1.0862815,1.0694805,1.2326531
346,0.13223273,9.500402212142944,1.4106579,1.087665,1.0892252,0.91072387,1.0399414,1.1628242,1.1565135,1.2759675,1.5734899,1.2130972,1.2651424,1.019155,0.9143564,1.0679182,1.0544255,1.2161859
347,0.15043867,9.375039339065552,1.3830649,1.0664386,1.0662663,0.8971167,1.049047,1.1772043,1.1689928,1.2901983,1.5394485,1.1886331,1.2352779,0.99781924,0.92922777,1.0862815,1.0694805,1.2326531
348,0.14475447,9.338698625564575,1.4106579,1.087665,1.0892252,0.91072387,1.0399414,1.1628242,1.1565135,1.2759675,1.5734899,1.2130972,1.2651424,1.019155,0.9143564,1.0679182,1.0544255,1.2161859
349,0.15173876,9.382431983947754,1.3958558,1.0763052,1.0790473,0.90482384,1.0456383,1.1715516,1.1642455,1.285256,1.5542015,1.1991537,1.2492009,1.0081962,0.92134553,1.0760425,1.0626355,1.2248822
350,0.14200056,9.61449408531189,1.3715783,1.0585687,1.0597898,0.8942394,1.0541298,1.1834371,1.175291,1.2976893,1.5268288,1.1789412,1.224607,0.99177295,0.932557,1.0901868,1.0748132,1.2371019
351,0.15199172,9.581840753555298,1.3715783,1.0585687,1.0597898,0.8942394,1.0541298,1.1834371,1.175291,1.2976893,1.5268288,1.1789412,1.224607,0.99177295,0.932557,1.0901868,1.0748132,1.2371019
352,0.12659836,9.466858625411987,1.3559806,1.0475198,1.04639,0.8863739,1.057506,1.1896772,1.1809361,1.3042997,1.5114906,1.1676494,1.2116681,0.9837004,0.9408037,1.1011424,1.0832998,1.2474909
353,0.13195318,9.330506086349487,1.3958558,1.0763052,1.0790473,0.90482384,1.0456383,1.1715516,1.1642455,1.285256,1.5542015,1.1991537,1.2492009,1.0081962,0.92134553,1.0760425,1.0626355,1.2248822
354,0.12658733,9.358628034591675,1.4119326,1.0896533,1.0892993,0.91084236,1.0406466,1.1644613,1.1570237,1.2767702,1.5691977,1.2109478,1.2594135,1.0141987,0.9175516,1.0712684,1.0552936,1.2171628
355,0.09580034,9.59371542930603,1.3715783,1.0585687,1.0597898,0.8942394,1.0541298,1.1834371,1.175291,1.2976893,1.5268288,1.1789412,1.224607,0.99177295,0.932557,1.0901868,1.0748132,1.2371019
356,0.15350991,9.504295349121094,1.3958558,1.0763052,1.0790473,0.90482384,1.0456383,1.1715516,1.1642455,1.285256,1.5542015,1.1991537,1.2492009,1.0081962,0.92134553,1.0760425,1.0626355,1.2248822
