iteration,max_fitness,time,rrmse_0,rrmse_1,rrmse_2
0,-0.21514094,0.0,2.6559575,1.1414068,1.5699918
1,-0.08861494,1.4306299686431885,2.3378937,1.2577473,0.9752522
2,-0.075933814,1.0845768451690674,2.272698,1.2667258,1.4753284
3,0.046245277,1.1044938564300537,1.7454144,1.4406635,1.2321615
4,0.046245396,1.1178028583526611,1.7454144,1.4406635,1.2321615
5,0.046245277,1.07920503616333,1.7454144,1.4406635,1.2321615
6,0.046245098,0.9629261493682861,1.7454144,1.4406635,1.2321615
7,0.053812623,0.9875307083129883,1.9818333,1.3319272,1.1866733
8,0.05381286,1.085627794265747,1.9818333,1.3319272,1.1866732
9,0.053812742,1.0752582550048828,1.9818333,1.3319272,1.1866732
10,0.053812742,1.055335521697998,1.9818333,1.3319272,1.1866732
11,0.053812623,1.1503183841705322,1.9818333,1.3319272,1.1866732
12,0.053812623,1.0135674476623535,1.9818333,1.3319272,1.1866732
13,0.053812742,1.1220204830169678,1.9818333,1.3319272,1.1866732
14,0.053812385,0.999640941619873,1.9818333,1.3319272,1.1866732
15,0.053812742,0.9958035945892334,1.9818333,1.3319272,1.1866732
16,0.05381286,1.0446271896362305,1.9818333,1.3319272,1.1866732
17,0.05381292,1.0593593120574951,1.9818333,1.3319272,1.1866732
18,0.053812742,0.9864473342895508,1.9818333,1.3319272,1.1866732
19,0.05381292,0.9571712017059326,1.9818333,1.3319272,1.1866732
20,0.053812742,1.0332775115966797,1.9818333,1.3319272,1.1866732
21,0.05381286,1.014967679977417,1.9818333,1.3319272,1.1866732
22,0.05381286,1.0169367790222168,1.9818333,1.3319272,1.1866732
23,0.05381286,1.1554958820343018,1.9818333,1.3319272,1.1866732
24,0.053845286,1.0225133895874023,1.6980809,1.4463776,1.2854958
25,0.053845108,0.9638245105743408,1.6980809,1.4463776,1.2854958
26,0.053845286,1.0473287105560303,1.6980809,1.4463776,1.2854958
27,0.053845406,0.9847738742828369,1.6980809,1.4463776,1.2854958
28,0.053845227,0.9541699886322021,1.6980809,1.4463776,1.2854958
29,0.059021056,1.031297206878662,1.7444155,1.4240333,1.2593852
30,0.059020936,1.0885655879974365,1.7444155,1.4240333,1.2593852
31,0.059021056,1.067969799041748,1.7444155,1.4240333,1.2593852
32,0.059021056,0.977311372756958,1.7444155,1.4240333,1.2593852
33,0.05902058,2.9770357608795166,1.7444155,1.4240333,1.2593852
34,0.059020936,1.003774881362915,1.7444155,1.4240333,1.2593852
35,0.059020936,1.0366530418395996,1.7444155,1.4240333,1.2593852
36,0.059020996,1.0049641132354736,1.7444155,1.4240333,1.2593852
37,0.059020936,0.9905879497528076,1.7444155,1.4240333,1.2593852
38,0.059020817,1.0036327838897705,1.7444155,1.4240333,1.2593852
39,0.061372817,0.9729299545288086,1.8934346,1.3635607,1.204521
40,0.061372817,1.0184659957885742,1.8934346,1.3635607,1.204521
41,0.061372817,1.029989242553711,1.8934346,1.3635607,1.204521
42,0.061372817,1.0221073627471924,1.8934346,1.3635607,1.204521
43,0.061372876,1.073296308517456,1.8934346,1.3635607,1.204521
44,0.061372817,0.9181287288665771,1.8934346,1.3635607,1.204521
45,0.061372757,1.0251555442810059,1.8934346,1.3635607,1.204521
46,0.061372936,1.0289015769958496,1.8934346,1.3635607,1.204521
47,0.061372876,1.0246295928955078,1.8934346,1.3635607,1.204521
48,0.061372936,1.113112449645996,1.8934346,1.3635607,1.204521
49,0.061372697,1.0492503643035889,1.8934346,1.3635607,1.204521
50,0.061372817,0.9803996086120605,1.8934346,1.3635607,1.204521
51,0.061372817,0.9257993698120117,1.8934346,1.3635607,1.204521
52,0.061372876,0.9870755672454834,1.8934346,1.3635607,1.204521
53,0.061372757,1.0328104496002197,1.8934346,1.3635607,1.204521
54,0.061372936,1.058924913406372,1.8934346,1.3635607,1.204521
55,0.061372936,1.0995817184448242,1.8934346,1.3635607,1.204521
56,0.061372817,1.0141792297363281,1.8934346,1.3635607,1.204521
57,0.061372936,1.006330966949463,1.8934346,1.3635607,1.204521
58,0.061372817,1.0164647102355957,1.8934346,1.3635607,1.204521
59,0.061372936,0.9895744323730469,1.8934346,1.3635607,1.204521
60,0.061372876,1.0558826923370361,1.8934346,1.3635607,1.204521
61,0.061372697,1.0565218925476074,1.8934346,1.3635607,1.204521
62,0.061372817,1.0173602104187012,1.8934346,1.3635607,1.204521
63,0.061372936,1.010817050933838,1.8934346,1.3635607,1.204521
64,0.061372936,0.9439444541931152,1.8934346,1.3635607,1.204521
65,0.061372936,0.9856436252593994,1.8934346,1.3635607,1.204521
66,0.06137258,1.1147687435150146,1.8934346,1.3635607,1.204521
67,0.061372876,0.997739315032959,1.8934346,1.3635607,1.204521
68,0.061372936,1.0796163082122803,1.8934346,1.3635607,1.204521
69,0.061372697,1.061894416809082,1.8934346,1.3635607,1.204521
70,0.061373055,1.0213649272918701,1.8934346,1.3635607,1.204521
71,0.061372936,1.0171737670898438,1.8934346,1.3635607,1.204521
72,0.061372817,1.0157644748687744,1.8934346,1.3635607,1.204521
73,0.061372876,1.0703134536743164,1.8934346,1.3635607,1.204521
74,0.061372936,0.9969484806060791,1.8934346,1.3635607,1.204521
75,0.061372876,1.1034491062164307,1.8934346,1.3635607,1.204521
76,0.061372638,0.9827780723571777,1.8934346,1.3635607,1.204521
77,0.061372817,0.9825835227966309,1.8934346,1.3635607,1.204521
78,0.061372817,1.040088415145874,1.8934346,1.3635607,1.204521
79,0.06137258,1.0736370086669922,1.8934346,1.3635607,1.204521
80,0.061372817,1.0421061515808105,1.8934346,1.3635607,1.204521
81,0.061372697,0.9676110744476318,1.8934346,1.3635607,1.204521
82,0.061372817,0.9749510288238525,1.8934346,1.3635607,1.204521
83,0.061372697,1.0465340614318848,1.8934346,1.3635607,1.204521
84,0.061372936,0.9659559726715088,1.8934346,1.3635607,1.204521
85,0.061372936,1.02882981300354,1.8934346,1.3635607,1.204521
86,0.061372936,1.0524792671203613,1.8934346,1.3635607,1.204521
87,0.061372876,0.99625563621521,1.8934346,1.3635607,1.204521
88,0.06137258,0.9962224960327148,1.8934346,1.3635607,1.204521
89,0.061372876,0.9950897693634033,1.8934346,1.3635607,1.204521
90,0.061372936,0.9947407245635986,1.8934346,1.3635607,1.204521
91,0.061372817,1.0166397094726562,1.8934346,1.3635607,1.204521
92,0.061373055,1.0487070083618164,1.8934346,1.3635607,1.204521
93,0.061372757,1.16522216796875,1.8934346,1.3635607,1.204521
94,0.061372697,1.0136964321136475,1.8934346,1.3635607,1.204521
95,0.061373055,0.9947495460510254,1.8934346,1.3635607,1.204521
96,0.061372936,1.0271272659301758,1.8934346,1.3635607,1.204521
97,0.061372817,0.9660806655883789,1.8934346,1.3635607,1.204521
98,0.061372817,1.0162839889526367,1.8934346,1.3635607,1.204521
99,0.061372817,1.0311124324798584,1.8934346,1.3635607,1.204521
100,0.061372876,1.0382006168365479,1.8934346,1.3635607,1.204521
101,0.061372697,1.005228042602539,1.8934346,1.3635607,1.204521
102,0.061372817,0.9685907363891602,1.8934346,1.3635607,1.204521
103,0.061372697,1.0503098964691162,1.8934346,1.3635607,1.204521
104,0.061372817,3.1595442295074463,1.8934346,1.3635607,1.204521
105,0.061372757,1.0298912525177002,1.8934346,1.3635607,1.204521
106,0.061372757,1.0855669975280762,1.8934346,1.3635607,1.204521
107,0.061372995,0.9226884841918945,1.8934346,1.3635607,1.204521
108,0.069494665,0.9436006546020508,1.8316784,1.3810681,1.2140013
109,0.069494486,1.1052510738372803,1.8316784,1.3810681,1.2140013
110,0.069494724,1.018291711807251,1.8316784,1.3810681,1.2140013
111,0.07015687,1.05241060256958,1.8859643,1.362565,1.2160532
112,0.07015675,1.0532405376434326,1.8859643,1.362565,1.2160532
113,0.07015669,0.9602985382080078,1.8859643,1.362565,1.2160532
114,0.07015675,1.012089729309082,1.8859643,1.362565,1.2160532
115,0.07015681,0.9844250679016113,1.8859643,1.362565,1.2160532
116,0.07015693,0.9884700775146484,1.8859643,1.362565,1.2160532
117,0.070156634,1.0783495903015137,1.8859643,1.362565,1.2160532
118,0.07015675,1.069744348526001,1.8859643,1.362565,1.2160532
119,0.07015675,0.9543311595916748,1.8859643,1.362565,1.2160532
120,0.070156634,0.9813344478607178,1.8859643,1.362565,1.2160532
121,0.07015687,0.9976310729980469,1.8859643,1.362565,1.2160532
122,0.07015681,0.9878520965576172,1.8859643,1.362565,1.2160532
123,0.070156634,1.009397268295288,1.8859643,1.362565,1.2160532
124,0.070156574,1.0636012554168701,1.8859643,1.362565,1.2160532
125,0.07015687,1.0375466346740723,1.8859643,1.362565,1.2160532
126,0.07015675,1.013301134109497,1.8859643,1.362565,1.2160532
127,0.07015687,1.0040724277496338,1.8859643,1.362565,1.2160532
128,0.07026714,1.064821720123291,2.2468314,1.1923951,1.2277099
129,0.07026714,0.9901981353759766,2.2468314,1.1923951,1.2277099
130,0.07026702,1.1022992134094238,2.2468314,1.1923951,1.2277099
131,0.07026696,1.0173659324645996,2.2468314,1.1923951,1.2277099
132,0.07026684,1.0133280754089355,2.2468314,1.1923951,1.2277099
133,0.07026708,0.9460692405700684,2.2468314,1.1923951,1.2277099
134,0.07026714,0.954559326171875,2.2468314,1.1923951,1.2277099
135,0.07026714,0.9697368144989014,2.2468314,1.1923951,1.2277099
136,0.07026714,0.9527268409729004,2.2468314,1.1923951,1.2277099
137,0.07026702,1.0020732879638672,2.2468314,1.1923951,1.2277099
138,0.07026708,1.0444252490997314,2.2468314,1.1923951,1.2277099
139,0.0702669,1.0308706760406494,2.2468314,1.1923951,1.2277099
140,0.07026714,1.0109949111938477,2.2468314,1.1923951,1.2277099
141,0.07026732,0.945155143737793,2.2468314,1.1923951,1.2277099
142,0.07026714,0.9577112197875977,2.2468314,1.1923951,1.2277099
143,0.0702669,0.9996535778045654,2.2468314,1.1923951,1.2277099
144,0.07026714,1.0649006366729736,2.2468314,1.1923951,1.2277099
145,0.07026714,1.0659565925598145,2.2468314,1.1923951,1.2277099
146,0.07026726,1.0680828094482422,2.2468314,1.1923951,1.2277099
147,0.07026702,0.9175138473510742,2.2468314,1.1923951,1.2277099
148,0.07026726,0.9590249061584473,2.2468314,1.1923951,1.2277099
149,0.07026708,0.996405839920044,2.2468314,1.1923951,1.2277099
150,0.07026714,1.013340711593628,2.2468314,1.1923951,1.2277099
151,0.07026726,1.0568809509277344,2.2468314,1.1923951,1.2277099
152,0.07026702,1.0602967739105225,2.2468314,1.1923951,1.2277099
153,0.07026702,1.0231003761291504,2.2468314,1.1923951,1.2277099
154,0.07026714,0.9709079265594482,2.2468314,1.1923951,1.2277099
155,0.07026726,0.9149553775787354,2.2468314,1.1923951,1.2277099
156,0.07026732,0.9801809787750244,2.2468314,1.1923951,1.2277099
157,0.07026708,1.0194261074066162,2.2468314,1.1923951,1.2277099
158,0.07026702,1.0356214046478271,2.2468314,1.1923951,1.2277099
159,0.07026714,1.0435271263122559,2.2468314,1.1923951,1.2277099
160,0.07026708,1.092655897140503,2.2468314,1.1923951,1.2277099
161,0.07026702,0.9612648487091064,2.2468314,1.1923951,1.2277099
162,0.07026702,0.9821040630340576,2.2468314,1.1923951,1.2277099
163,0.0702672,1.0131211280822754,2.2468314,1.1923951,1.2277099
164,0.07026702,1.0792253017425537,2.2468314,1.1923951,1.2277099
165,0.078597546,1.0700175762176514,2.1944113,1.1931387,1.1236542
166,0.08097595,1.1064035892486572,1.862794,1.3547046,1.1852578
167,0.08097613,0.9732606410980225,1.862794,1.3547046,1.1852578
168,0.08097583,0.9671506881713867,1.862794,1.3547046,1.1852578
169,0.08097607,0.9960730075836182,1.8627942,1.3547046,1.1852578
170,0.08097601,1.0080721378326416,1.862794,1.3547046,1.1852578
171,0.08097595,1.1030247211456299,1.862794,1.3547046,1.1852578
172,0.08097619,1.0014638900756836,1.862794,1.3547046,1.1852578
173,0.08097613,1.0379958152770996,1.862794,1.3547046,1.1852578
174,0.08097625,2.9524781703948975,1.8627942,1.3547046,1.1852578
175,0.08097601,1.0533666610717773,1.8627942,1.3547046,1.1852578
176,0.08097583,1.0977706909179688,1.862794,1.3547046,1.1852578
177,0.08097601,1.0596964359283447,1.862794,1.3547046,1.1852578
178,0.08097589,1.0009205341339111,1.8627942,1.3547046,1.1852578
179,0.08097589,0.9974067211151123,1.8627942,1.3547046,1.1852578
180,0.08097595,0.9720709323883057,1.8627942,1.3547046,1.1852578
181,0.08097613,1.000540018081665,1.8627942,1.3547046,1.1852578
182,0.08097601,1.078747272491455,1.8627942,1.3547046,1.1852578
183,0.08097595,1.0204167366027832,1.862794,1.3547046,1.1852578
184,0.08097595,1.0293223857879639,1.862794,1.3547046,1.1852578
185,0.08097583,0.992729902267456,1.862794,1.3547046,1.1852578
186,0.08097613,0.9484555721282959,1.862794,1.3547046,1.1852578
187,0.08097601,0.9765737056732178,1.862794,1.3547046,1.1852578
188,0.08097625,1.0008857250213623,1.862794,1.3547046,1.1852578
189,0.08097601,1.0215542316436768,1.862794,1.3547046,1.1852578
190,0.08097613,1.097029209136963,1.8627942,1.3547046,1.1852578
191,0.08837336,1.0090548992156982,2.0723941,1.2553624,1.1184363
192,0.08837354,0.953143835067749,2.0723941,1.2553624,1.1184363
193,0.08837342,1.0089285373687744,2.0723941,1.2553624,1.1184363
194,0.08837348,1.013350009918213,2.0723941,1.2553624,1.1184363
195,0.0883733,1.1000120639801025,2.0723941,1.2553624,1.1184363
196,0.08837354,1.0096824169158936,2.0723941,1.2553624,1.1184363
197,0.0883733,1.0413808822631836,2.0723941,1.2553624,1.1184363
198,0.08837342,0.9840288162231445,2.0723941,1.2553624,1.1184363
199,0.08837342,0.999140739440918,2.0723941,1.2553624,1.1184363
200,0.08837342,1.015204668045044,2.0723941,1.2553624,1.1184363
201,0.08837342,1.0362303256988525,2.0723941,1.2553624,1.1184363
202,0.08837342,1.009054183959961,2.0723941,1.2553624,1.1184363
203,0.08837342,1.055553674697876,2.0723941,1.2553624,1.1184363
204,0.0883733,0.992624044418335,2.0723941,1.2553624,1.1184363
205,0.08837348,0.9549946784973145,2.0723941,1.2553624,1.1184363
206,0.08837342,0.9550516605377197,2.0723941,1.2553624,1.1184363
207,0.08837336,0.9903302192687988,2.0723941,1.2553624,1.1184363
208,0.08837342,1.0025196075439453,2.0723941,1.2553624,1.1184363
209,0.08837342,1.0186729431152344,2.0723941,1.2553624,1.1184363
210,0.08837342,1.037160873413086,2.0723941,1.2553624,1.1184363
211,0.08837342,0.9998161792755127,2.0723941,1.2553624,1.1184363
212,0.088373184,0.963270902633667,2.0723941,1.2553624,1.1184363
213,0.0883736,0.9791259765625,2.0723941,1.2553624,1.1184363
214,0.08837372,1.0437228679656982,2.0723941,1.2553624,1.1184363
215,0.0883733,0.9761097431182861,2.0723941,1.2553624,1.1184363
216,0.088373184,1.134953260421753,2.0723941,1.2553624,1.1184363
217,0.088373184,1.010788917541504,2.0723941,1.2553624,1.1184363
218,0.088373244,1.034459114074707,2.0723941,1.2553624,1.1184363
219,0.08837342,1.01851487159729,2.0723941,1.2553624,1.1184363
220,0.0883736,0.978419303894043,2.0723941,1.2553624,1.1184363
221,0.08837342,0.9975423812866211,2.0723941,1.2553624,1.1184363
222,0.08837348,1.0351009368896484,2.0723941,1.2553624,1.1184363
223,0.08837342,1.0564241409301758,2.0723941,1.2553624,1.1184363
224,0.08837348,1.0358331203460693,2.0723941,1.2553624,1.1184363
225,0.08837342,1.0612239837646484,2.0723941,1.2553624,1.1184363
226,0.08837342,1.0163273811340332,2.0723941,1.2553624,1.1184363
227,0.08837336,0.9823672771453857,2.0723941,1.2553624,1.1184363
228,0.08837342,1.0086820125579834,2.0723941,1.2553624,1.1184363
229,0.0883733,0.9927654266357422,2.0723941,1.2553624,1.1184363
230,0.08837348,1.0525970458984375,2.0723941,1.2553624,1.1184363
231,0.08837342,0.9828946590423584,2.0723941,1.2553624,1.1184363
232,0.0883733,0.9474170207977295,2.0723941,1.2553624,1.1184363
233,0.08837336,1.0162856578826904,2.0723941,1.2553624,1.1184363
234,0.08837336,1.0495405197143555,2.0723941,1.2553624,1.1184363
235,0.08837342,1.0995628833770752,2.0723941,1.2553624,1.1184363
236,0.08837342,1.0312318801879883,2.0723941,1.2553624,1.1184363
237,0.08837342,1.0588598251342773,2.0723941,1.2553624,1.1184363
238,0.08837342,1.02937912940979,2.0723941,1.2553624,1.1184363
239,0.08837336,0.9508106708526611,2.0723941,1.2553624,1.1184363
240,0.0883733,1.0936908721923828,2.0723941,1.2553624,1.1184363
241,0.08837342,0.9988064765930176,2.0723941,1.2553624,1.1184363
242,0.0883733,1.12174391746521,2.0723941,1.2553624,1.1184363
243,0.0883733,1.000420331954956,2.0723941,1.2553624,1.1184363
244,0.08837348,0.9568216800689697,2.0723941,1.2553624,1.1184363
245,0.08837342,1.0162060260772705,2.0723941,1.2553624,1.1184363
246,0.08837342,1.0213298797607422,2.0723941,1.2553624,1.1184363
247,0.08837342,1.0779693126678467,2.0723941,1.2553624,1.1184363
248,0.08837348,3.2074060440063477,2.0723941,1.2553624,1.1184363
249,0.08837342,0.9938242435455322,2.0723941,1.2553624,1.1184363
250,0.08837342,1.0052545070648193,2.0723941,1.2553624,1.1184363
251,0.08837348,0.9506151676177979,2.0723941,1.2553624,1.1184363
252,0.08837348,1.100898265838623,2.0723941,1.2553624,1.1184363
253,0.08837336,1.0899481773376465,2.0723941,1.2553624,1.1184363
254,0.08837336,1.0619206428527832,2.0723941,1.2553624,1.1184363
255,0.08837342,0.9507100582122803,2.0723941,1.2553624,1.1184363
256,0.08837342,0.9785490036010742,2.0723941,1.2553624,1.1184363
257,0.0883736,0.9831101894378662,2.0723941,1.2553624,1.1184363
258,0.08837342,1.0208561420440674,2.0723941,1.2553624,1.1184363
259,0.08837348,1.0189423561096191,2.0723941,1.2553624,1.1184363
260,0.08837336,1.0412068367004395,2.0723941,1.2553624,1.1184363
261,0.08837342,1.055823564529419,2.0723941,1.2553624,1.1184363
262,0.08837342,0.9675524234771729,2.0723941,1.2553624,1.1184363
263,0.08837366,1.0336320400238037,2.0723941,1.2553624,1.1184363
264,0.08837342,1.0282132625579834,2.0723941,1.2553624,1.1184363
265,0.088373244,1.1188068389892578,2.0723941,1.2553624,1.1184363
266,0.08837348,1.0329647064208984,2.0723941,1.2553624,1.1184363
267,0.08837354,1.0232374668121338,2.0723941,1.2553624,1.1184363
268,0.0883733,1.0238006114959717,2.0723941,1.2553624,1.1184363
269,0.08837348,0.9660501480102539,2.0723941,1.2553624,1.1184363
270,0.08837348,0.9438357353210449,2.0723941,1.2553624,1.1184363
271,0.08837342,0.9642114639282227,2.0723941,1.2553624,1.1184363
272,0.08837342,1.0756769180297852,2.0723941,1.2553624,1.1184363
273,0.0883733,1.0968596935272217,2.0723941,1.2553624,1.1184363
274,0.0883733,1.025219202041626,2.0723941,1.2553624,1.1184363
275,0.088373184,0.9812536239624023,2.0723941,1.2553624,1.1184363
276,0.08837342,1.0000011920928955,2.0723941,1.2553624,1.1184363
277,0.08837336,1.021669626235962,2.0723941,1.2553624,1.1184363
278,0.08837342,1.0785932540893555,2.0723941,1.2553624,1.1184363
279,0.08837342,1.004235029220581,2.0723941,1.2553624,1.1184363
280,0.08837342,1.0485515594482422,2.0723941,1.2553624,1.1184363
281,0.08837348,0.9411623477935791,2.0723941,1.2553624,1.1184363
282,0.088373125,1.022467851638794,2.0723941,1.2553624,1.1184363
283,0.08837348,1.014148235321045,2.0723941,1.2553624,1.1184363
284,0.0883733,0.9818429946899414,2.0723941,1.2553624,1.1184363
285,0.08837348,1.0243754386901855,2.0723941,1.2553624,1.1184363
286,0.08837348,1.0694355964660645,2.0723941,1.2553624,1.1184363
287,0.08837336,0.9992423057556152,2.0723941,1.2553624,1.1184363
288,0.088373065,0.9869139194488525,2.0723941,1.2553624,1.1184363
289,0.08837336,1.0024523735046387,2.0723941,1.2553624,1.1184363
290,0.08837336,1.0269947052001953,2.0723941,1.2553624,1.1184363
291,0.0883733,1.039874792098999,2.0723941,1.2553624,1.1184363
292,0.08837342,1.1200981140136719,2.0723941,1.2553624,1.1184363
293,0.08837342,1.072094202041626,2.0723941,1.2553624,1.1184363
294,0.08837354,1.0234780311584473,2.0723941,1.2553624,1.1184363
295,0.08837342,1.047621488571167,2.0723941,1.2553624,1.1184363
296,0.08837342,1.0130293369293213,2.0723941,1.2553624,1.1184363
297,0.088373184,0.9725043773651123,2.0723941,1.2553624,1.1184363
298,0.08837342,1.0775785446166992,2.0723941,1.2553624,1.1184363
299,0.08837342,1.0852971076965332,2.0723941,1.2553624,1.1184363
300,0.08837336,0.9682183265686035,2.0723941,1.2553624,1.1184363
301,0.08837342,1.0399515628814697,2.0723941,1.2553624,1.1184363
302,0.08837342,1.0951688289642334,2.0723941,1.2553624,1.1184363
303,0.08837342,1.0205929279327393,2.0723941,1.2553624,1.1184363
304,0.08837342,1.0006310939788818,2.0723941,1.2553624,1.1184363
305,0.088373125,1.0526163578033447,2.0723941,1.2553624,1.1184363
306,0.08837348,1.0855050086975098,2.0723941,1.2553624,1.1184363
307,0.08837348,0.9325590133666992,2.0723941,1.2553624,1.1184363
308,0.088373184,1.027421236038208,2.0723941,1.2553624,1.1184363
309,0.08837342,1.0391581058502197,2.0723941,1.2553624,1.1184363
310,0.08837342,1.0087966918945312,2.0723941,1.2553624,1.1184363
311,0.0883736,0.9947149753570557,2.0723941,1.2553624,1.1184363
312,0.08837336,0.9695656299591064,2.0723941,1.2553624,1.1184363
313,0.08837342,1.0021159648895264,2.0723941,1.2553624,1.1184363
314,0.08837348,0.953432559967041,2.0723941,1.2553624,1.1184363
315,0.0883733,1.066809892654419,2.0723941,1.2553624,1.1184363
316,0.08837354,1.0056679248809814,2.0723941,1.2553624,1.1184363
317,0.08837336,3.153053045272827,2.0723941,1.2553624,1.1184363
318,0.0883733,0.9881281852722168,2.0723941,1.2553624,1.1184363
319,0.08837336,0.9958562850952148,2.0723941,1.2553624,1.1184363
320,0.08837342,1.1069097518920898,2.0723941,1.2553624,1.1184363
321,0.08837342,1.0040874481201172,2.0723941,1.2553624,1.1184363
322,0.08837348,0.9836347103118896,2.0723941,1.2553624,1.1184363
323,0.08837336,1.0662469863891602,2.0723941,1.2553624,1.1184363
324,0.08837348,0.977379560470581,2.0723941,1.2553624,1.1184363
325,0.0883733,0.9629983901977539,2.0723941,1.2553624,1.1184363
326,0.08837348,1.001666784286499,2.0723941,1.2553624,1.1184363
327,0.08837342,1.0052855014801025,2.0723941,1.2553624,1.1184363
328,0.0883733,1.012951135635376,2.0723941,1.2553624,1.1184363
329,0.08837336,1.0776054859161377,2.0723941,1.2553624,1.1184363
330,0.08837348,1.097853183746338,2.0723941,1.2553624,1.1184363
331,0.08837348,0.9601290225982666,2.0723941,1.2553624,1.1184363
332,0.0883733,0.9700236320495605,2.0723941,1.2553624,1.1184363
333,0.08837342,1.1232731342315674,2.0723941,1.2553624,1.1184363
334,0.08837342,1.0223565101623535,2.0723941,1.2553624,1.1184363
335,0.08837342,1.1689610481262207,2.0723941,1.2553624,1.1184363
336,0.08837342,1.0883598327636719,2.0723941,1.2553624,1.1184363
337,0.08837342,0.9563398361206055,2.0723941,1.2553624,1.1184363
338,0.08837348,0.9776735305786133,2.0723941,1.2553624,1.1184363
339,0.08837336,1.0486202239990234,2.0723941,1.2553624,1.1184363
340,0.08837342,1.0073277950286865,2.0723941,1.2553624,1.1184363
341,0.08837342,0.9565465450286865,2.0723941,1.2553624,1.1184363
342,0.08837348,1.0640594959259033,2.0723941,1.2553624,1.1184363
343,0.08837342,1.0844223499298096,2.0723941,1.2553624,1.1184363
344,0.0883733,0.9739298820495605,2.0723941,1.2553624,1.1184363
345,0.08837342,0.9742598533630371,2.0723941,1.2553624,1.1184363
346,0.0883733,1.0116138458251953,2.0723941,1.2553624,1.1184363
347,0.08837342,0.9810116291046143,2.0723941,1.2553624,1.1184363
348,0.08837348,1.0168321132659912,2.0723941,1.2553624,1.1184363
349,0.08837342,1.162731647491455,2.0723941,1.2553624,1.1184363
350,0.08837342,1.0140409469604492,2.0723941,1.2553624,1.1184363
351,0.08837342,0.9328322410583496,2.0723941,1.2553624,1.1184363
352,0.08837348,1.0021326541900635,2.0723941,1.2553624,1.1184363
353,0.0883736,0.9946482181549072,2.0723941,1.2553624,1.1184363
354,0.0883736,1.0771710872650146,2.0723941,1.2553624,1.1184363
355,0.08837342,1.1281843185424805,2.0723941,1.2553624,1.1184363
356,0.08837348,1.0325608253479004,2.0723941,1.2553624,1.1184363
357,0.08837342,1.0016813278198242,2.0723941,1.2553624,1.1184363
358,0.08837342,1.0628812313079834,2.0723941,1.2553624,1.1184363
359,0.08837342,1.040388584136963,2.0723941,1.2553624,1.1184363
360,0.08837342,1.0066676139831543,2.0723941,1.2553624,1.1184363
361,0.08837342,1.0837736129760742,2.0723941,1.2553624,1.1184363
362,0.08837342,1.057074785232544,2.0723941,1.2553624,1.1184363
363,0.08837348,0.9517431259155273,2.0723941,1.2553624,1.1184363
364,0.08837342,1.0565569400787354,2.0723941,1.2553624,1.1184363
365,0.08837342,1.071869134902954,2.0723941,1.2553624,1.1184363
366,0.08837348,0.9749846458435059,2.0723941,1.2553624,1.1184363
367,0.08837342,1.041079044342041,2.0723941,1.2553624,1.1184363
368,0.08837336,1.0901072025299072,2.0723941,1.2553624,1.1184363
369,0.08837348,1.0033252239227295,2.0723941,1.2553624,1.1184363
370,0.08837366,1.0085253715515137,2.0723941,1.2553624,1.1184363
371,0.088373184,1.034705400466919,2.0723941,1.2553624,1.1184363
372,0.0883733,1.022815227508545,2.0723941,1.2553624,1.1184363
373,0.08837342,0.9907116889953613,2.0723941,1.2553624,1.1184363
374,0.08837348,1.0352988243103027,2.0723941,1.2553624,1.1184363
375,0.08837336,1.1090128421783447,2.0723941,1.2553624,1.1184363
376,0.08837342,0.9827165603637695,2.0723941,1.2553624,1.1184363
377,0.08837336,1.0092034339904785,2.0723941,1.2553624,1.1184363
378,0.0883733,1.0338153839111328,2.0723941,1.2553624,1.1184363
379,0.08837342,1.009354591369629,2.0723941,1.2553624,1.1184363
380,0.08837342,1.0185482501983643,2.0723941,1.2553624,1.1184363
381,0.08837354,1.092406988143921,2.0723941,1.2553624,1.1184363
382,0.08837348,1.0107090473175049,2.0723941,1.2553624,1.1184363
383,0.08837342,0.9844398498535156,2.0723941,1.2553624,1.1184363
384,0.08837372,0.9915468692779541,2.0723941,1.2553624,1.1184363
385,0.08837336,0.9901914596557617,2.0723941,1.2553624,1.1184363
386,0.08837342,1.0241408348083496,2.0723941,1.2553624,1.1184363
387,0.08837342,3.1192095279693604,2.0723941,1.2553624,1.1184363
388,0.0883733,0.9697926044464111,2.0723941,1.2553624,1.1184363
389,0.08837342,1.0370380878448486,2.0723941,1.2553624,1.1184363
390,0.08837354,1.0496799945831299,2.0723941,1.2553624,1.1184363
391,0.0883736,1.026386022567749,2.0723941,1.2553624,1.1184363
392,0.08837336,1.1133382320404053,2.0723941,1.2553624,1.1184363
393,0.08837342,0.9692585468292236,2.0723941,1.2553624,1.1184363
394,0.0883736,0.9615733623504639,2.0723941,1.2553624,1.1184363
395,0.08837342,1.0373656749725342,2.0723941,1.2553624,1.1184363
396,0.0883733,1.0816450119018555,2.0723941,1.2553624,1.1184363
397,0.0883733,1.0591351985931396,2.0723941,1.2553624,1.1184363
398,0.08837348,1.0387217998504639,2.0723941,1.2553624,1.1184363
399,0.08837354,1.0999267101287842,2.0723941,1.2553624,1.1184363
400,0.08837348,1.0150585174560547,2.0723941,1.2553624,1.1184363
401,0.08837336,1.0123887062072754,2.0723941,1.2553624,1.1184363
402,0.08837342,1.0495898723602295,2.0723941,1.2553624,1.1184363
403,0.088373184,1.0072224140167236,2.0723941,1.2553624,1.1184363
404,0.08837342,0.9513347148895264,2.0723941,1.2553624,1.1184363
405,0.08837372,1.0076103210449219,2.0723941,1.2553624,1.1184363
406,0.08837342,1.068610668182373,2.0723941,1.2553624,1.1184363
407,0.08837348,0.9532778263092041,2.0723941,1.2553624,1.1184363
408,0.0883733,0.9798295497894287,2.0723941,1.2553624,1.1184363
409,0.0883733,1.0037667751312256,2.0723941,1.2553624,1.1184363
410,0.08837354,0.9977786540985107,2.0723941,1.2553624,1.1184363
411,0.0883733,1.0588417053222656,2.0723941,1.2553624,1.1184363
412,0.08837336,1.0398917198181152,2.0723941,1.2553624,1.1184363
413,0.08837342,0.974085807800293,2.0723941,1.2553624,1.1184363
414,0.08837342,1.0236330032348633,2.0723941,1.2553624,1.1184363
415,0.08837342,1.0100533962249756,2.0723941,1.2553624,1.1184363
416,0.08837354,0.9531078338623047,2.0723941,1.2553624,1.1184363
417,0.08837336,1.0041143894195557,2.0723941,1.2553624,1.1184363
418,0.08837342,1.0311932563781738,2.0723941,1.2553624,1.1184363
419,0.08837336,0.966341495513916,2.0723941,1.2553624,1.1184363
420,0.08837348,1.0234801769256592,2.0723941,1.2553624,1.1184363
421,0.0883733,1.006645679473877,2.0723941,1.2553624,1.1184363
422,0.088373244,0.9907820224761963,2.0723941,1.2553624,1.1184363
423,0.08837342,1.0179345607757568,2.0723941,1.2553624,1.1184363
424,0.08837336,0.9892823696136475,2.0723941,1.2553624,1.1184363
425,0.08837342,1.0315327644348145,2.0723941,1.2553624,1.1184363
426,0.0883733,1.0242416858673096,2.0723941,1.2553624,1.1184363
427,0.0883733,1.031508445739746,2.0723941,1.2553624,1.1184363
428,0.08837342,0.968010663986206,2.0723941,1.2553624,1.1184363
429,0.08837342,0.9867613315582275,2.0723941,1.2553624,1.1184363
430,0.0883733,0.9941079616546631,2.0723941,1.2553624,1.1184363
431,0.0883733,1.0783636569976807,2.0723941,1.2553624,1.1184363
432,0.0883733,1.1131327152252197,2.0723941,1.2553624,1.1184363
433,0.0883733,0.9478902816772461,2.0723941,1.2553624,1.1184363
434,0.08837336,0.961193323135376,2.0723941,1.2553624,1.1184363
435,0.08837342,1.014606237411499,2.0723941,1.2553624,1.1184363
436,0.08837342,1.004215955734253,2.0723941,1.2553624,1.1184363
437,0.08837336,0.9700021743774414,2.0723941,1.2553624,1.1184363
438,0.08837342,1.0360076427459717,2.0723941,1.2553624,1.1184363
439,0.08837342,1.0071039199829102,2.0723941,1.2553624,1.1184363
440,0.08837342,1.0118911266326904,2.0723941,1.2553624,1.1184363
441,0.08837336,0.9777121543884277,2.0723941,1.2553624,1.1184363
442,0.08837342,1.0232081413269043,2.0723941,1.2553624,1.1184363
443,0.0883733,1.02571439743042,2.0723941,1.2553624,1.1184363
444,0.0883736,0.949533224105835,2.0723941,1.2553624,1.1184363
445,0.0883733,1.0474135875701904,2.0723941,1.2553624,1.1184363
446,0.08837336,0.9819674491882324,2.0723941,1.2553624,1.1184363
447,0.08837342,1.0728085041046143,2.0723941,1.2553624,1.1184363
448,0.08837348,1.0640482902526855,2.0723941,1.2553624,1.1184363
449,0.08837342,1.0010850429534912,2.0723941,1.2553624,1.1184363
450,0.08837348,1.0313937664031982,2.0723941,1.2553624,1.1184363
451,0.088373184,1.0750315189361572,2.0723941,1.2553624,1.1184363
452,0.0883733,1.0444698333740234,2.0723941,1.2553624,1.1184363
453,0.08837336,1.041400671005249,2.0723941,1.2553624,1.1184363
454,0.08837342,1.0079634189605713,2.0723941,1.2553624,1.1184363
455,0.08837354,1.0621488094329834,2.0723941,1.2553624,1.1184363
456,0.0883733,1.1004817485809326,2.0723941,1.2553624,1.1184363
457,0.08837342,1.0204167366027832,2.0723941,1.2553624,1.1184363
458,0.08837348,3.1189842224121094,2.0723941,1.2553624,1.1184363
459,0.08837336,1.0784618854522705,2.0723941,1.2553624,1.1184363
460,0.08837336,0.9887523651123047,2.0723941,1.2553624,1.1184363
461,0.08837342,0.995520830154419,2.0723941,1.2553624,1.1184363
462,0.08837348,1.032592535018921,2.0723941,1.2553624,1.1184363
463,0.08837342,0.9439318180084229,2.0723941,1.2553624,1.1184363
464,0.08837342,1.0224616527557373,2.0723941,1.2553624,1.1184363
465,0.0883733,1.0892786979675293,2.0723941,1.2553624,1.1184363
466,0.08837336,1.0677649974822998,2.0723941,1.2553624,1.1184363
467,0.08837336,1.0195276737213135,2.0723941,1.2553624,1.1184363
468,0.08837348,1.0520837306976318,2.0723941,1.2553624,1.1184363
469,0.0883736,0.9755492210388184,2.0723941,1.2553624,1.1184363
470,0.08837342,0.9756977558135986,2.0723941,1.2553624,1.1184363
471,0.08837342,1.033573865890503,2.0723941,1.2553624,1.1184363
472,0.088373244,1.044165849685669,2.0723941,1.2553624,1.1184363
473,0.08837342,1.1018822193145752,2.0723941,1.2553624,1.1184363
474,0.08837342,0.9758470058441162,2.0723941,1.2553624,1.1184363
475,0.08837354,1.003732681274414,2.0723941,1.2553624,1.1184363
476,0.08837342,1.0244166851043701,2.0723941,1.2553624,1.1184363
477,0.08837336,1.045783281326294,2.0723941,1.2553624,1.1184363
478,0.08837348,1.0727555751800537,2.0723941,1.2553624,1.1184363
479,0.08837354,1.051060438156128,2.0723941,1.2553624,1.1184363
480,0.08837354,1.0643301010131836,2.0723941,1.2553624,1.1184363
481,0.08837342,1.1230862140655518,2.0723941,1.2553624,1.1184363
482,0.08837336,0.9800031185150146,2.0723941,1.2553624,1.1184363
483,0.088373244,0.9725844860076904,2.0723941,1.2553624,1.1184363
484,0.088373184,1.0201706886291504,2.0723941,1.2553624,1.1184363
485,0.08837354,1.082651138305664,2.0723941,1.2553624,1.1184363
486,0.08837336,1.021552324295044,2.0723941,1.2553624,1.1184363
487,0.08837348,0.9958770275115967,2.0723941,1.2553624,1.1184363
488,0.08837336,0.9913439750671387,2.0723941,1.2553624,1.1184363
489,0.08837342,0.9913394451141357,2.0723941,1.2553624,1.1184363
490,0.0883733,1.0757319927215576,2.0723941,1.2553624,1.1184363
491,0.0883733,1.0211608409881592,2.0723941,1.2553624,1.1184363
492,0.08837348,1.0522809028625488,2.0723941,1.2553624,1.1184363
493,0.08837342,1.0088341236114502,2.0723941,1.2553624,1.1184363
494,0.08837342,1.1130578517913818,2.0723941,1.2553624,1.1184363
495,0.08837342,1.0348351001739502,2.0723941,1.2553624,1.1184363
496,0.08837366,0.9829442501068115,2.0723941,1.2553624,1.1184363
497,0.08837342,1.0397701263427734,2.0723941,1.2553624,1.1184363
498,0.08837336,1.0806989669799805,2.0723941,1.2553624,1.1184363
499,0.08837342,0.9759478569030762,2.0723941,1.2553624,1.1184363
500,0.08837348,1.130075454711914,2.0723941,1.2553624,1.1184363
501,0.08837354,1.0635290145874023,2.0723941,1.2553624,1.1184363
502,0.0883733,0.9851694107055664,2.0723941,1.2553624,1.1184363
503,0.08837342,1.0281167030334473,2.0723941,1.2553624,1.1184363
504,0.08837336,1.0959680080413818,2.0723941,1.2553624,1.1184363
505,0.09042883,0.9915578365325928,2.0072615,1.2781687,1.1332121
506,0.09042895,1.078521966934204,2.0072615,1.2781687,1.1332121
507,0.09042889,1.178098440170288,2.0072615,1.2781687,1.1332121
508,0.09042883,0.9517993927001953,2.0072615,1.2781687,1.1332121
509,0.09042907,1.043424129486084,2.0072615,1.2781687,1.1332121
510,0.09042919,1.0391504764556885,2.0072615,1.2781687,1.1332121
511,0.09042877,1.052577018737793,2.0072615,1.2781687,1.1332121
512,0.09042913,0.997234582901001,2.0072615,1.2781687,1.1332121
513,0.09042895,0.9772379398345947,2.0072615,1.2781687,1.1332121
514,0.09042913,0.9978234767913818,2.0072615,1.2781687,1.1332121
515,0.09042919,0.962860107421875,2.0072615,1.2781687,1.1332121
516,0.09042901,1.0075125694274902,2.0072615,1.2781687,1.1332121
517,0.09042895,1.0966248512268066,2.0072615,1.2781687,1.1332121
518,0.09042883,1.0730178356170654,2.0072615,1.2781687,1.1332121
519,0.09042877,0.9959938526153564,2.0072615,1.2781687,1.1332121
520,0.09042895,1.0444507598876953,2.0072615,1.2781687,1.1332121
521,0.09042895,0.9650094509124756,2.0072615,1.2781687,1.1332121
522,0.09042883,0.9917294979095459,2.0072615,1.2781687,1.1332121
523,0.09042895,1.0403249263763428,2.0072615,1.2781687,1.1332121
524,0.09042895,1.0632379055023193,2.0072615,1.2781687,1.1332121
525,0.09042877,1.009866714477539,2.0072615,1.2781687,1.1332121
526,0.09042901,1.069457769393921,2.0072615,1.2781687,1.1332121
527,0.09042907,0.9839451313018799,2.0072615,1.2781687,1.1332121
528,0.09042895,1.1232645511627197,2.0072615,1.2781687,1.1332121
529,0.09042883,3.177978754043579,2.0072615,1.2781687,1.1332121
530,0.09042883,1.0666172504425049,2.0072615,1.2781687,1.1332121
531,0.09042877,1.0194802284240723,2.0072615,1.2781687,1.1332121
532,0.09042895,1.0006422996520996,2.0072615,1.2781687,1.1332121
533,0.09042895,1.0979399681091309,2.0072615,1.2781687,1.1332121
534,0.09042907,1.0219132900238037,2.0072615,1.2781687,1.1332121
535,0.09042895,0.9796128273010254,2.0072615,1.2781687,1.1332121
536,0.09042907,0.9444119930267334,2.0072615,1.2781687,1.1332121
537,0.09042907,1.0339090824127197,2.0072615,1.2781687,1.1332121
538,0.09042925,0.9673428535461426,2.0072615,1.2781687,1.1332121
539,0.09042907,0.986652135848999,2.0072615,1.2781687,1.1332121
540,0.09042895,1.0267410278320312,2.0072615,1.2781687,1.1332121
541,0.09042895,1.079408884048462,2.0072615,1.2781687,1.1332121
542,0.09042889,1.0351407527923584,2.0072615,1.2781687,1.1332121
543,0.09042883,0.9669742584228516,2.0072615,1.2781687,1.1332121
544,0.09042919,1.0142667293548584,2.0072615,1.2781687,1.1332121
545,0.09042895,1.0159215927124023,2.0072615,1.2781687,1.1332121
546,0.09042877,1.0921430587768555,2.0072615,1.2781687,1.1332121
547,0.09042895,1.0528771877288818,2.0072615,1.2781687,1.1332121
548,0.09042895,1.0121419429779053,2.0072615,1.2781687,1.1332121
549,0.09042895,0.9958205223083496,2.0072615,1.2781687,1.1332121
550,0.09042895,1.0687077045440674,2.0072615,1.2781687,1.1332121
551,0.09042895,0.9603016376495361,2.0072615,1.2781687,1.1332121
552,0.09042889,1.0265066623687744,2.0072615,1.2781687,1.1332121
553,0.09042895,1.0758850574493408,2.0072615,1.2781687,1.1332121
554,0.09042895,1.052135944366455,2.0072615,1.2781687,1.1332121
555,0.09042895,0.9840981960296631,2.0072615,1.2781687,1.1332121
556,0.09042895,1.0669684410095215,2.0072615,1.2781687,1.1332121
557,0.09042883,0.9965543746948242,2.0072615,1.2781687,1.1332121
558,0.09042901,0.9852120876312256,2.0072615,1.2781687,1.1332121
559,0.09042907,1.031904697418213,2.0072615,1.2781687,1.1332121
560,0.09042889,1.0400030612945557,2.0072615,1.2781687,1.1332121
561,0.09042883,1.0351448059082031,2.0072615,1.2781687,1.1332121
562,0.09042895,0.9306745529174805,2.0072615,1.2781687,1.1332121
563,0.09042901,0.9827055931091309,2.0072615,1.2781687,1.1332121
564,0.09042889,1.0428614616394043,2.0072615,1.2781687,1.1332121
565,0.09042919,1.0153532028198242,2.0072615,1.2781687,1.1332121
566,0.09042895,1.0664260387420654,2.0072615,1.2781687,1.1332121
567,0.09042895,1.08475661277771,2.0072615,1.2781687,1.1332121
568,0.09042907,1.0172269344329834,2.0072615,1.2781687,1.1332121
569,0.09042895,0.9760041236877441,2.0072615,1.2781687,1.1332121
570,0.09042919,0.9924798011779785,2.0072615,1.2781687,1.1332121
571,0.09042895,0.9564085006713867,2.0072615,1.2781687,1.1332121
572,0.09042907,1.0399720668792725,2.0072615,1.2781687,1.1332121
573,0.09042895,1.0411269664764404,2.0072615,1.2781687,1.1332121
574,0.09042907,1.048020362854004,2.0072615,1.2781687,1.1332121
575,0.09042895,1.0072276592254639,2.0072615,1.2781687,1.1332121
576,0.09042907,0.9855685234069824,2.0072615,1.2781687,1.1332121
577,0.09042895,1.0788941383361816,2.0072615,1.2781687,1.1332121
578,0.09042907,1.056955337524414,2.0072615,1.2781687,1.1332121
579,0.09042895,1.0356907844543457,2.0072615,1.2781687,1.1332121
580,0.09042889,1.045732021331787,2.0072615,1.2781687,1.1332121
581,0.09042883,0.9887938499450684,2.0072615,1.2781687,1.1332121
582,0.09042907,1.0187344551086426,2.0072615,1.2781687,1.1332121
583,0.09042895,1.0369999408721924,2.0072615,1.2781687,1.1332121
584,0.09042895,0.9617702960968018,2.0072615,1.2781687,1.1332121
585,0.09042913,1.0159518718719482,2.0072615,1.2781687,1.1332121
586,0.09042883,1.0908644199371338,2.0072615,1.2781687,1.1332121
587,0.09042901,1.0990638732910156,2.0072615,1.2781687,1.1332121
588,0.09042919,1.045724868774414,2.0072615,1.2781687,1.1332121
589,0.09042889,0.9691791534423828,2.0072615,1.2781687,1.1332121
590,0.09042895,1.0276036262512207,2.0072615,1.2781687,1.1332121
591,0.09042883,0.9693388938903809,2.0072615,1.2781687,1.1332121
592,0.09042883,1.0581929683685303,2.0072615,1.2781687,1.1332121
593,0.09042907,1.0618739128112793,2.0072615,1.2781687,1.1332121
594,0.09042895,1.0128016471862793,2.0072615,1.2781687,1.1332121
595,0.09042883,1.0417490005493164,2.0072615,1.2781687,1.1332121
596,0.09042907,1.0207233428955078,2.0072615,1.2781687,1.1332121
597,0.09042901,1.0729246139526367,2.0072615,1.2781687,1.1332121
598,0.09042877,3.2865331172943115,2.0072615,1.2781687,1.1332121
599,0.09042907,1.0390315055847168,2.0072615,1.2781687,1.1332121
600,0.09042901,1.0041184425354004,2.0072615,1.2781687,1.1332121
601,0.09042895,1.0202925205230713,2.0072615,1.2781687,1.1332121
602,0.09042901,1.148071050643921,2.0072615,1.2781687,1.1332121
603,0.09042895,1.1347520351409912,2.0072615,1.2781687,1.1332121
604,0.09042895,1.0254311561584473,2.0072615,1.2781687,1.1332121
605,0.09042877,0.9779560565948486,2.0072615,1.2781687,1.1332121
606,0.09042913,1.077742099761963,2.0072615,1.2781687,1.1332121
607,0.09042895,1.0318636894226074,2.0072615,1.2781687,1.1332121
608,0.09042895,1.0281269550323486,2.0072615,1.2781687,1.1332121
609,0.09042895,1.0351316928863525,2.0072615,1.2781687,1.1332121
610,0.09042883,1.0639557838439941,2.0072615,1.2781687,1.1332121
611,0.09042895,1.0412728786468506,2.0072615,1.2781687,1.1332121
612,0.09042913,0.9950699806213379,2.0072615,1.2781687,1.1332121
613,0.09042871,1.00687837600708,2.0072615,1.2781687,1.1332121
614,0.09042907,1.0256755352020264,2.0072615,1.2781687,1.1332121
615,0.09042919,1.0807099342346191,2.0072615,1.2781687,1.1332121
616,0.09042895,1.0998330116271973,2.0072615,1.2781687,1.1332121
617,0.09042895,1.0589733123779297,2.0072615,1.2781687,1.1332121
618,0.09042883,1.0705139636993408,2.0072615,1.2781687,1.1332121
619,0.09042907,0.9768025875091553,2.0072615,1.2781687,1.1332121
620,0.09042883,1.0116183757781982,2.0072615,1.2781687,1.1332121
621,0.09042883,1.010673999786377,2.0072615,1.2781687,1.1332121
622,0.09042895,1.0377228260040283,2.0072615,1.2781687,1.1332121
623,0.09042883,1.0368242263793945,2.0072615,1.2781687,1.1332121
624,0.09042907,1.0032742023468018,2.0072615,1.2781687,1.1332121
625,0.09042877,0.9658911228179932,2.0072615,1.2781687,1.1332121
626,0.09042907,1.090388298034668,2.0072615,1.2781687,1.1332121
627,0.09042883,1.0047688484191895,2.0072615,1.2781687,1.1332121
628,0.09042877,1.0517966747283936,2.0072615,1.2781687,1.1332121
629,0.09042871,1.0550801753997803,2.0072615,1.2781687,1.1332121
630,0.09042889,1.0578398704528809,2.0072615,1.2781687,1.1332121
631,0.09042877,1.0271046161651611,2.0072615,1.2781687,1.1332121
632,0.09042895,1.1604993343353271,2.0072615,1.2781687,1.1332121
633,0.09042895,1.042637825012207,2.0072615,1.2781687,1.1332121
634,0.09042901,1.012542486190796,2.0072615,1.2781687,1.1332121
635,0.09042895,1.1783349514007568,2.0072615,1.2781687,1.1332121
636,0.09042883,1.0478618144989014,2.0072615,1.2781687,1.1332121
637,0.09042901,0.9861361980438232,2.0072615,1.2781687,1.1332121
638,0.09042907,0.9855647087097168,2.0072615,1.2781687,1.1332121
639,0.09042895,1.0184099674224854,2.0072615,1.2781687,1.1332121
640,0.09042883,0.9897456169128418,2.0072615,1.2781687,1.1332121
641,0.09042895,1.079057216644287,2.0072615,1.2781687,1.1332121
642,0.09042895,1.031661033630371,2.0072615,1.2781687,1.1332121
643,0.09042901,0.9899325370788574,2.0072615,1.2781687,1.1332121
644,0.09042889,0.9431934356689453,2.0072615,1.2781687,1.1332121
645,0.09042883,1.0572962760925293,2.0072615,1.2781687,1.1332121
646,0.09042901,1.0140838623046875,2.0072615,1.2781687,1.1332121
647,0.09042883,0.9953179359436035,2.0072615,1.2781687,1.1332121
648,0.09042889,1.0808496475219727,2.0072615,1.2781687,1.1332121
649,0.09042895,1.050234079360962,2.0072615,1.2781687,1.1332121
650,0.09042877,0.972841739654541,2.0072615,1.2781687,1.1332121
651,0.09042889,1.0243935585021973,2.0072615,1.2781687,1.1332121
652,0.09042925,1.0688014030456543,2.0072615,1.2781687,1.1332121
653,0.09042883,1.0291645526885986,2.0072615,1.2781687,1.1332121
654,0.09042895,1.0948543548583984,2.0072615,1.2781687,1.1332121
655,0.09042895,1.1098837852478027,2.0072615,1.2781687,1.1332121
656,0.09042895,0.9680135250091553,2.0072615,1.2781687,1.1332121
657,0.09042877,0.9403548240661621,2.0072615,1.2781687,1.1332121
658,0.09042883,1.0081019401550293,2.0072615,1.2781687,1.1332121
659,0.09042889,0.9633157253265381,2.0072615,1.2781687,1.1332121
660,0.09042883,0.9980590343475342,2.0072615,1.2781687,1.1332121
661,0.09042889,1.0131354331970215,2.0072615,1.2781687,1.1332121
662,0.09042889,1.0994398593902588,2.0072615,1.2781687,1.1332121
663,0.09042889,1.0096540451049805,2.0072615,1.2781687,1.1332121
664,0.09042883,1.0211217403411865,2.0072615,1.2781687,1.1332121
665,0.09042913,1.031738042831421,2.0072615,1.2781687,1.1332121
666,0.09042907,1.0109913349151611,2.0072615,1.2781687,1.1332121
667,0.09042895,1.059629201889038,2.0072615,1.2781687,1.1332121
668,0.09042895,3.1869969367980957,2.0072615,1.2781687,1.1332121
669,0.09042889,1.0527622699737549,2.0072615,1.2781687,1.1332121
670,0.09042895,1.0047376155853271,2.0072615,1.2781687,1.1332121
671,0.09042913,1.0071587562561035,2.0072615,1.2781687,1.1332121
672,0.09042895,1.054527997970581,2.0072615,1.2781687,1.1332121
673,0.09042895,1.0340628623962402,2.0072615,1.2781687,1.1332121
674,0.09042895,0.9732050895690918,2.0072615,1.2781687,1.1332121
675,0.09042901,0.9336199760437012,2.0072615,1.2781687,1.1332121
676,0.09042895,1.0413308143615723,2.0072615,1.2781687,1.1332121
677,0.09042895,0.9661192893981934,2.0072615,1.2781687,1.1332121
678,0.09042907,1.0341129302978516,2.0072615,1.2781687,1.1332121
679,0.09042895,1.122793197631836,2.0072615,1.2781687,1.1332121
680,0.09042871,0.9433262348175049,2.0072615,1.2781687,1.1332121
681,0.09042895,0.9926834106445312,2.0072615,1.2781687,1.1332121
682,0.09042919,1.0225543975830078,2.0072615,1.2781687,1.1332121
683,0.09042907,1.0443320274353027,2.0072615,1.2781687,1.1332121
684,0.09042883,1.0054545402526855,2.0072615,1.2781687,1.1332121
685,0.09042889,1.0541036128997803,2.0072615,1.2781687,1.1332121
686,0.09042877,1.0299098491668701,2.0072615,1.2781687,1.1332121
687,0.09042895,0.9496414661407471,2.0072615,1.2781687,1.1332121
688,0.09042895,0.9642221927642822,2.0072615,1.2781687,1.1332121
689,0.09042907,1.0515527725219727,2.0072615,1.2781687,1.1332121
690,0.09042919,1.1120047569274902,2.0072615,1.2781687,1.1332121
691,0.09042889,1.0375206470489502,2.0072615,1.2781687,1.1332121
692,0.09042895,1.1432361602783203,2.0072615,1.2781687,1.1332121
693,0.09042889,1.0193231105804443,2.0072615,1.2781687,1.1332121
694,0.09042907,0.9873325824737549,2.0072615,1.2781687,1.1332121
695,0.09042883,0.9710385799407959,2.0072615,1.2781687,1.1332121
696,0.09042883,0.9835894107818604,2.0072615,1.2781687,1.1332121
697,0.09042895,1.0249695777893066,2.0072615,1.2781687,1.1332121
698,0.09042895,1.024132251739502,2.0072615,1.2781687,1.1332121
699,0.09042907,1.080284833908081,2.0072615,1.2781687,1.1332121
700,0.09042913,1.0599873065948486,2.0072615,1.2781687,1.1332121
701,0.09042895,1.0190658569335938,2.0072615,1.2781687,1.1332121
702,0.09042895,0.9767992496490479,2.0072615,1.2781687,1.1332121
703,0.09042895,1.013589859008789,2.0072615,1.2781687,1.1332121
704,0.09042889,1.0833215713500977,2.0072615,1.2781687,1.1332121
705,0.09042883,1.1126363277435303,2.0072615,1.2781687,1.1332121
706,0.09042895,1.0301129817962646,2.0072615,1.2781687,1.1332121
707,0.09042889,0.9528641700744629,2.0072615,1.2781687,1.1332121
708,0.09042877,0.9940879344940186,2.0072615,1.2781687,1.1332121
709,0.09042901,0.9763383865356445,2.0072615,1.2781687,1.1332121
710,0.09042901,0.9716086387634277,2.0072615,1.2781687,1.1332121
711,0.09042907,1.0710639953613281,2.0072615,1.2781687,1.1332121
712,0.09042907,1.0572736263275146,2.0072615,1.2781687,1.1332121
713,0.09042889,0.9697411060333252,2.0072615,1.2781687,1.1332121
714,0.09042907,1.097900390625,2.0072615,1.2781687,1.1332121
715,0.09042895,0.9879107475280762,2.0072615,1.2781687,1.1332121
716,0.09042925,1.0764594078063965,2.0072615,1.2781687,1.1332121
717,0.09042919,1.047126293182373,2.0072615,1.2781687,1.1332121
718,0.09042907,1.0426018238067627,2.0072615,1.2781687,1.1332121
719,0.09042895,1.0204737186431885,2.0072615,1.2781687,1.1332121
720,0.09042895,1.0835258960723877,2.0072615,1.2781687,1.1332121
721,0.09042895,0.995002269744873,2.0072615,1.2781687,1.1332121
722,0.09042895,1.0265555381774902,2.0072615,1.2781687,1.1332121
723,0.09042895,1.078657627105713,2.0072615,1.2781687,1.1332121
724,0.09042871,0.9994614124298096,2.0072615,1.2781687,1.1332121
725,0.09042895,1.114008903503418,2.0072615,1.2781687,1.1332121
726,0.09042883,0.9677915573120117,2.0072615,1.2781687,1.1332121
727,0.09042895,0.9613518714904785,2.0072615,1.2781687,1.1332121
728,0.09042895,0.9523239135742188,2.0072615,1.2781687,1.1332121
729,0.09042883,1.033010482788086,2.0072615,1.2781687,1.1332121
730,0.09042889,1.0338118076324463,2.0072615,1.2781687,1.1332121
731,0.09042895,1.112330436706543,2.0072615,1.2781687,1.1332121
732,0.09042895,1.0209906101226807,2.0072615,1.2781687,1.1332121
733,0.09042895,1.0266058444976807,2.0072615,1.2781687,1.1332121
734,0.09042895,0.9525082111358643,2.0072615,1.2781687,1.1332121
735,0.09042919,0.9438579082489014,2.0072615,1.2781687,1.1332121
736,0.09042901,0.970008134841919,2.0072615,1.2781687,1.1332121
737,0.09042895,1.0093410015106201,2.0072615,1.2781687,1.1332121
738,0.09042907,1.0222859382629395,2.0072615,1.2781687,1.1332121
739,0.09042901,2.9960618019104004,2.0072615,1.2781687,1.1332121
740,0.09042895,0.9426729679107666,2.0072615,1.2781687,1.1332121
741,0.09042883,0.9768021106719971,2.0072615,1.2781687,1.1332121
742,0.09042883,1.0359172821044922,2.0072615,1.2781687,1.1332121
743,0.09042895,1.1646709442138672,2.0072615,1.2781687,1.1332121
744,0.09042895,1.0386626720428467,2.0072615,1.2781687,1.1332121
745,0.09042883,1.0221548080444336,2.0072615,1.2781687,1.1332121
746,0.09042877,0.9429800510406494,2.0072615,1.2781687,1.1332121
747,0.09042901,0.9252781867980957,2.0072615,1.2781687,1.1332121
748,0.09042907,1.0586748123168945,2.0072615,1.2781687,1.1332121
749,0.09042877,1.0737218856811523,2.0072615,1.2781687,1.1332121
750,0.09042913,1.012939214706421,2.0072615,1.2781687,1.1332121
751,0.09042919,1.0574061870574951,2.0072615,1.2781687,1.1332121
752,0.09042907,1.0426764488220215,2.0072615,1.2781687,1.1332121
753,0.09042889,0.967186450958252,2.0072615,1.2781687,1.1332121
754,0.09042895,0.9597659111022949,2.0072615,1.2781687,1.1332121
755,0.09042901,0.9897775650024414,2.0072615,1.2781687,1.1332121
756,0.09042883,0.9644789695739746,2.0072615,1.2781687,1.1332121
757,0.09042889,0.9589207172393799,2.0072615,1.2781687,1.1332121
758,0.09042883,1.0304584503173828,2.0072615,1.2781687,1.1332121
759,0.09042901,1.0562522411346436,2.0072615,1.2781687,1.1332121
760,0.09042889,1.0228915214538574,2.0072615,1.2781687,1.1332121
761,0.09042901,1.0672423839569092,2.0072615,1.2781687,1.1332121
762,0.09042883,1.0158143043518066,2.0072615,1.2781687,1.1332121
763,0.09042901,1.073819875717163,2.0072615,1.2781687,1.1332121
764,0.09042907,1.0858869552612305,2.0072615,1.2781687,1.1332121
765,0.09042883,1.005887746810913,2.0072615,1.2781687,1.1332121
766,0.09042895,0.9812040328979492,2.0072615,1.2781687,1.1332121
767,0.09042895,0.9824457168579102,2.0072615,1.2781687,1.1332121
768,0.09042883,1.0381882190704346,2.0072615,1.2781687,1.1332121
769,0.09042907,0.9892935752868652,2.0072615,1.2781687,1.1332121
770,0.09042877,1.0299217700958252,2.0072615,1.2781687,1.1332121
771,0.09042883,1.1023688316345215,2.0072615,1.2781687,1.1332121
772,0.09042895,0.979114294052124,2.0072615,1.2781687,1.1332121
773,0.09042889,1.018385648727417,2.0072615,1.2781687,1.1332121
774,0.09042889,1.0269370079040527,2.0072615,1.2781687,1.1332121
775,0.09042907,1.014875888824463,2.0072615,1.2781687,1.1332121
776,0.09042895,1.0943708419799805,2.0072615,1.2781687,1.1332121
777,0.09042907,0.9488520622253418,2.0072615,1.2781687,1.1332121
778,0.09042883,1.0338959693908691,2.0072615,1.2781687,1.1332121
779,0.09042883,0.9946432113647461,2.0072615,1.2781687,1.1332121
780,0.09042907,1.0483627319335938,2.0072615,1.2781687,1.1332121
781,0.09042895,1.0363943576812744,2.0072615,1.2781687,1.1332121
782,0.09042895,0.9533782005310059,2.0072615,1.2781687,1.1332121
783,0.09042895,0.9914400577545166,2.0072615,1.2781687,1.1332121
784,0.09042877,1.0851619243621826,2.0072615,1.2781687,1.1332121
785,0.09042895,1.013122797012329,2.0072615,1.2781687,1.1332121
786,0.09042895,1.0612106323242188,2.0072615,1.2781687,1.1332121
787,0.09042895,1.0197205543518066,2.0072615,1.2781687,1.1332121
788,0.09042889,0.9904115200042725,2.0072615,1.2781687,1.1332121
789,0.09042907,0.9900772571563721,2.0072615,1.2781687,1.1332121
790,0.09042895,1.0120887756347656,2.0072615,1.2781687,1.1332121
791,0.09042901,0.957843542098999,2.0072615,1.2781687,1.1332121
792,0.09042877,1.0771634578704834,2.0072615,1.2781687,1.1332121
793,0.09042895,1.0104668140411377,2.0072615,1.2781687,1.1332121
794,0.09042907,0.9806697368621826,2.0072615,1.2781687,1.1332121
795,0.09042895,1.0085744857788086,2.0072615,1.2781687,1.1332121
796,0.09042907,1.0275521278381348,2.0072615,1.2781687,1.1332121
797,0.09042889,0.9674603939056396,2.0072615,1.2781687,1.1332121
798,0.09042895,1.0325145721435547,2.0072615,1.2781687,1.1332121
799,0.09042883,1.016789436340332,2.0072615,1.2781687,1.1332121
800,0.0945397,1.1088824272155762,2.05041,1.2540942,1.1275656
801,0.09453976,1.0204832553863525,2.05041,1.2540942,1.1275656
802,0.09453976,1.0102403163909912,2.05041,1.2540942,1.1275656
803,0.09453976,1.0326972007751465,2.05041,1.2540942,1.1275656
804,0.09453976,0.9939913749694824,2.05041,1.2540942,1.1275656
805,0.09453982,0.9991316795349121,2.05041,1.2540942,1.1275656
806,0.09453964,0.9559836387634277,2.05041,1.2540942,1.1275656
807,0.09453964,3.154794454574585,2.05041,1.2540942,1.1275656
808,0.09453976,1.0760855674743652,2.05041,1.2540942,1.1275656
809,0.09453976,1.0849158763885498,2.05041,1.2540942,1.1275656
810,0.0945397,1.030186653137207,2.05041,1.2540942,1.1275656
811,0.09453982,1.0774312019348145,2.05041,1.2540942,1.1275656
812,0.09453982,1.1205823421478271,2.05041,1.2540942,1.1275656
813,0.09453964,1.0357918739318848,2.05041,1.2540942,1.1275656
814,0.0945397,1.0910120010375977,2.05041,1.2540942,1.1275656
815,0.09453976,0.9905445575714111,2.05041,1.2540942,1.1275656
816,0.0945397,0.9787328243255615,2.05041,1.2540942,1.1275656
817,0.09453976,1.020272970199585,2.05041,1.2540942,1.1275656
818,0.09453964,0.9922428131103516,2.05041,1.2540942,1.1275656
819,0.09453982,1.09078049659729,2.05041,1.2540942,1.1275656
820,0.09453982,1.013706922531128,2.05041,1.2540942,1.1275656
821,0.09453952,0.9904415607452393,2.05041,1.2540942,1.1275656
822,0.09453976,1.0474953651428223,2.05041,1.2540942,1.1275656
823,0.09453964,1.0104644298553467,2.05041,1.2540942,1.1275656
824,0.09453946,1.0056061744689941,2.05041,1.2540942,1.1275656
825,0.09453964,1.0439462661743164,2.05041,1.2540942,1.1275656
826,0.09453976,1.0340030193328857,2.05041,1.2540942,1.1275656
827,0.09453964,0.9996299743652344,2.05041,1.2540942,1.1275656
828,0.0945397,1.0213956832885742,2.05041,1.2540942,1.1275656
829,0.09453982,1.0698444843292236,2.05041,1.2540942,1.1275656
830,0.0945397,0.9798228740692139,2.05041,1.2540942,1.1275656
831,0.09453964,1.0142524242401123,2.05041,1.2540942,1.1275656
832,0.0945397,1.0134360790252686,2.05041,1.2540942,1.1275656
833,0.0945397,0.986811637878418,2.05041,1.2540942,1.1275656
834,0.09453988,0.9645471572875977,2.05041,1.2540942,1.1275656
835,0.09453976,0.998769998550415,2.05041,1.2540942,1.1275656
836,0.09453964,1.014359951019287,2.05041,1.2540942,1.1275656
837,0.09453976,1.0201725959777832,2.05041,1.2540942,1.1275656
838,0.09453994,0.9793686866760254,2.05041,1.2540942,1.1275656
839,0.09453964,1.003678798675537,2.05041,1.2540942,1.1275656
840,0.09453988,1.0133261680603027,2.05041,1.2540942,1.1275656
841,0.09453976,0.9905450344085693,2.05041,1.2540942,1.1275656
842,0.09453964,1.0145013332366943,2.05041,1.2540942,1.1275656
843,0.0945397,1.0552010536193848,2.05041,1.2540942,1.1275656
844,0.0945397,1.058467149734497,2.05041,1.2540942,1.1275656
845,0.09453976,1.059910774230957,2.05041,1.2540942,1.1275656
846,0.09453964,1.0268514156341553,2.05041,1.2540942,1.1275656
847,0.09453982,0.9596223831176758,2.05041,1.2540942,1.1275656
848,0.09453964,1.022432565689087,2.05041,1.2540942,1.1275656
849,0.09453952,1.0176844596862793,2.05041,1.2540942,1.1275656
850,0.09453982,1.0126953125,2.05041,1.2540942,1.1275656
851,0.09453964,1.0049653053283691,2.05041,1.2540942,1.1275656
852,0.09453952,1.0155210494995117,2.05041,1.2540942,1.1275656
853,0.09453976,0.9807448387145996,2.05041,1.2540942,1.1275656
854,0.09453976,0.9792156219482422,2.05041,1.2540942,1.1275656
855,0.09453964,0.977914571762085,2.05041,1.2540942,1.1275656
856,0.09454006,0.9546432495117188,2.05041,1.2540942,1.1275656
857,0.0945397,0.9607796669006348,2.05041,1.2540942,1.1275656
858,0.09453952,1.0595271587371826,2.05041,1.2540942,1.1275656
859,0.09453964,1.0790789127349854,2.05041,1.2540942,1.1275656
860,0.09453976,1.0215818881988525,2.05041,1.2540942,1.1275656
861,0.09453982,1.0399184226989746,2.05041,1.2540942,1.1275656
862,0.09453976,0.9759774208068848,2.05041,1.2540942,1.1275656
863,0.0945397,0.9671576023101807,2.05041,1.2540942,1.1275656
864,0.09454,1.000103235244751,2.05041,1.2540942,1.1275656
865,0.09453946,1.0035827159881592,2.05041,1.2540942,1.1275656
866,0.09453994,1.07942795753479,2.05041,1.2540942,1.1275656
867,0.09453964,1.0482232570648193,2.05041,1.2540942,1.1275656
868,0.09453976,1.0175516605377197,2.05041,1.2540942,1.1275656
869,0.0945397,0.9934375286102295,2.05041,1.2540942,1.1275656
870,0.09453982,1.0655295848846436,2.05041,1.2540942,1.1275656
871,0.09453982,0.9772489070892334,2.05041,1.2540942,1.1275656
872,0.09453964,1.0835132598876953,2.05041,1.2540942,1.1275656
873,0.09453976,1.0743510723114014,2.05041,1.2540942,1.1275656
874,0.09453982,1.0484700202941895,2.05041,1.2540942,1.1275656
875,0.09453982,0.9658799171447754,2.05041,1.2540942,1.1275656
876,0.09453976,1.0033366680145264,2.05041,1.2540942,1.1275656
877,0.0945397,0.9925179481506348,2.05041,1.2540942,1.1275656
878,0.09453976,3.2067930698394775,2.05041,1.2540942,1.1275656
879,0.09453964,1.0270349979400635,2.05041,1.2540942,1.1275656
880,0.09453952,0.9887735843658447,2.05041,1.2540942,1.1275656
881,0.0945397,1.0114178657531738,2.05041,1.2540942,1.1275656
882,0.09453982,1.0501019954681396,2.05041,1.2540942,1.1275656
883,0.09453964,0.9420063495635986,2.05041,1.2540942,1.1275656
884,0.09453964,1.0301995277404785,2.05041,1.2540942,1.1275656
885,0.09453976,1.0274789333343506,2.05041,1.2540942,1.1275656
886,0.09453964,0.9929518699645996,2.05041,1.2540942,1.1275656
887,0.09453964,1.0200037956237793,2.05041,1.2540942,1.1275656
888,0.09453964,1.0352661609649658,2.05041,1.2540942,1.1275656
889,0.0945397,1.0170552730560303,2.05041,1.2540942,1.1275656
890,0.0945397,1.036482810974121,2.05041,1.2540942,1.1275656
891,0.09453952,0.9693934917449951,2.05041,1.2540942,1.1275656
892,0.09453964,1.132953405380249,2.05041,1.2540942,1.1275656
893,0.09453958,0.988959550857544,2.05041,1.2540942,1.1275656
894,0.09453976,1.0097382068634033,2.05041,1.2540942,1.1275656
895,0.09453982,0.9400358200073242,2.05041,1.2540942,1.1275656
896,0.09453982,1.0826318264007568,2.05041,1.2540942,1.1275656
897,0.09453976,1.0178675651550293,2.05041,1.2540942,1.1275656
898,0.09453976,1.0969507694244385,2.05041,1.2540942,1.1275656
899,0.09453976,0.9798357486724854,2.05041,1.2540942,1.1275656
900,0.09453964,0.991520881652832,2.05041,1.2540942,1.1275656
901,0.09453976,1.032646656036377,2.05041,1.2540942,1.1275656
902,0.0945397,1.079655408859253,2.05041,1.2540942,1.1275656
903,0.0945397,0.9991335868835449,2.05041,1.2540942,1.1275656
904,0.09453964,1.042332410812378,2.05041,1.2540942,1.1275656
905,0.09453964,1.0768897533416748,2.05041,1.2540942,1.1275656
906,0.09453988,0.9568181037902832,2.05041,1.2540942,1.1275656
907,0.09453976,0.9946229457855225,2.05041,1.2540942,1.1275656
908,0.0945397,1.0066142082214355,2.05041,1.2540942,1.1275656
909,0.09453976,0.9687113761901855,2.05041,1.2540942,1.1275656
910,0.0945397,1.0067296028137207,2.05041,1.2540942,1.1275656
911,0.0945397,1.0262837409973145,2.05041,1.2540942,1.1275656
912,0.09453976,1.0821716785430908,2.05041,1.2540942,1.1275656
913,0.09453964,0.9628720283508301,2.05041,1.2540942,1.1275656
914,0.09453976,1.0402257442474365,2.05041,1.2540942,1.1275656
915,0.09453964,1.012420892715454,2.05041,1.2540942,1.1275656
916,0.094539404,1.003237247467041,2.05041,1.2540942,1.1275656
917,0.09453982,1.0053658485412598,2.05041,1.2540942,1.1275656
918,0.0945397,1.0163609981536865,2.05041,1.2540942,1.1275656
919,0.09453988,0.967444658279419,2.05041,1.2540942,1.1275656
920,0.09453964,1.0179710388183594,2.05041,1.2540942,1.1275656
921,0.09453964,0.9846997261047363,2.05041,1.2540942,1.1275656
922,0.09453958,1.0186936855316162,2.05041,1.2540942,1.1275656
923,0.09453952,1.0215106010437012,2.05041,1.2540942,1.1275656
924,0.09453976,1.013263463973999,2.05041,1.2540942,1.1275656
925,0.09453964,1.0202407836914062,2.05041,1.2540942,1.1275656
926,0.0945397,1.0597963333129883,2.05041,1.2540942,1.1275656
927,0.09453964,1.0927760601043701,2.05041,1.2540942,1.1275656
928,0.09453976,1.0033032894134521,2.05041,1.2540942,1.1275656
929,0.09453976,1.0958762168884277,2.05041,1.2540942,1.1275656
930,0.09453976,1.0121119022369385,2.05041,1.2540942,1.1275656
931,0.0945397,1.1519346237182617,2.05041,1.2540942,1.1275656
932,0.09453994,1.018850564956665,2.05041,1.2540942,1.1275656
933,0.09453976,0.9977626800537109,2.05041,1.2540942,1.1275656
934,0.09453964,1.0900371074676514,2.05041,1.2540942,1.1275656
935,0.09453976,0.9992985725402832,2.05041,1.2540942,1.1275656
936,0.09453994,1.0852084159851074,2.05041,1.2540942,1.1275656
937,0.0945397,1.0963454246520996,2.05041,1.2540942,1.1275656
938,0.09453976,1.0265889167785645,2.05041,1.2540942,1.1275656
939,0.09453982,1.0052073001861572,2.05041,1.2540942,1.1275656
940,0.09453958,1.066117525100708,2.05041,1.2540942,1.1275656
941,0.09453976,0.9642291069030762,2.05041,1.2540942,1.1275656
942,0.09453976,1.0303630828857422,2.05041,1.2540942,1.1275656
943,0.09453964,1.0297472476959229,2.05041,1.2540942,1.1275656
944,0.09453964,1.042914867401123,2.05041,1.2540942,1.1275656
945,0.0945397,0.9733436107635498,2.05041,1.2540942,1.1275656
946,0.09453982,1.0070366859436035,2.05041,1.2540942,1.1275656
947,0.0945397,1.0111265182495117,2.05041,1.2540942,1.1275656
948,0.09453958,1.0129380226135254,2.05041,1.2540942,1.1275656
949,0.09453982,3.082773447036743,2.05041,1.2540942,1.1275656
950,0.09453964,0.9795634746551514,2.05041,1.2540942,1.1275656
951,0.09453994,1.0208768844604492,2.05041,1.2540942,1.1275656
952,0.0945397,1.0420668125152588,2.05041,1.2540942,1.1275656
953,0.09453964,0.9908676147460938,2.05041,1.2540942,1.1275656
954,0.09453976,0.996950626373291,2.05041,1.2540942,1.1275656
955,0.09453946,1.0879034996032715,2.05041,1.2540942,1.1275656
956,0.09454012,1.0397846698760986,2.05041,1.2540942,1.1275656
957,0.09453976,0.9589102268218994,2.05041,1.2540942,1.1275656
958,0.09453982,1.0403850078582764,2.05041,1.2540942,1.1275656
959,0.09453976,1.0008375644683838,2.05041,1.2540942,1.1275656
960,0.09453964,0.9667074680328369,2.05041,1.2540942,1.1275656
961,0.09453982,1.0181527137756348,2.05041,1.2540942,1.1275656
962,0.09453964,1.1148347854614258,2.05041,1.2540942,1.1275656
963,0.0945397,0.9557714462280273,2.05041,1.2540942,1.1275656
964,0.09453976,1.108121395111084,2.05041,1.2540942,1.1275656
965,0.09453976,1.0145626068115234,2.05041,1.2540942,1.1275656
966,0.09453964,0.9981186389923096,2.05041,1.2540942,1.1275656
967,0.0945397,1.0459425449371338,2.05041,1.2540942,1.1275656
968,0.09453964,1.0639140605926514,2.05041,1.2540942,1.1275656
969,0.09453952,0.9781134128570557,2.05041,1.2540942,1.1275656
970,0.09453976,0.9604864120483398,2.05041,1.2540942,1.1275656
971,0.09453976,1.0057344436645508,2.05041,1.2540942,1.1275656
972,0.0945397,0.9815149307250977,2.05041,1.2540942,1.1275656
973,0.09453982,1.0300695896148682,2.05041,1.2540942,1.1275656
974,0.0945397,1.107348918914795,2.05041,1.2540942,1.1275656
975,0.09453964,0.9900846481323242,2.05041,1.2540942,1.1275656
976,0.0945397,1.0568914413452148,2.05041,1.2540942,1.1275656
977,0.09453976,1.0516371726989746,2.05041,1.2540942,1.1275656
978,0.09453976,0.9566538333892822,2.05041,1.2540942,1.1275656
979,0.09453982,1.0711593627929688,2.05041,1.2540942,1.1275656
980,0.09453982,1.0971958637237549,2.05041,1.2540942,1.1275656
981,0.09453964,1.0717484951019287,2.05041,1.2540942,1.1275656
982,0.09453964,1.0058631896972656,2.05041,1.2540942,1.1275656
983,0.09453976,1.0508055686950684,2.05041,1.2540942,1.1275656
984,0.09453976,1.1422853469848633,2.05041,1.2540942,1.1275656
985,0.09453964,1.0005905628204346,2.05041,1.2540942,1.1275656
986,0.09453982,1.0338952541351318,2.05041,1.2540942,1.1275656
987,0.0945397,1.0588877201080322,2.05041,1.2540942,1.1275656
988,0.09453946,1.0576283931732178,2.05041,1.2540942,1.1275656
989,0.09453958,1.055234670639038,2.05041,1.2540942,1.1275656
990,0.09453964,1.0314075946807861,2.05041,1.2540942,1.1275656
991,0.09453964,1.0523450374603271,2.05041,1.2540942,1.1275656
992,0.0945397,0.994520902633667,2.05041,1.2540942,1.1275656
993,0.09453976,1.1056427955627441,2.05041,1.2540942,1.1275656
994,0.09453982,1.001488447189331,2.05041,1.2540942,1.1275656
995,0.09453976,0.9632501602172852,2.05041,1.2540942,1.1275656
996,0.09453994,1.016524076461792,2.05041,1.2540942,1.1275656
997,0.09453964,1.0487496852874756,2.05041,1.2540942,1.1275656
998,0.09453958,0.9894044399261475,2.05041,1.2540942,1.1275656
999,0.09453952,1.032820701599121,2.05041,1.2540942,1.1275656
1000,0.09453964,1.0034983158111572,2.05041,1.2540942,1.1275656
1001,0.09453964,0.9902961254119873,2.05041,1.2540942,1.1275656
1002,0.09453976,1.0208032131195068,2.05041,1.2540942,1.1275656
1003,0.09453964,1.042923927307129,2.05041,1.2540942,1.1275656
1004,0.09453988,0.9889917373657227,2.05041,1.2540942,1.1275656
1005,0.09453958,1.0457980632781982,2.05041,1.2540942,1.1275656
1006,0.09453964,1.0705139636993408,2.05041,1.2540942,1.1275656
1007,0.09453988,1.1363911628723145,2.05041,1.2540942,1.1275656
1008,0.09453964,0.9563894271850586,2.05041,1.2540942,1.1275656
1009,0.09453958,0.9742245674133301,2.05041,1.2540942,1.1275656
1010,0.0945397,0.9949030876159668,2.05041,1.2540942,1.1275656
1011,0.09453958,0.9780263900756836,2.05041,1.2540942,1.1275656
1012,0.09453976,0.9793789386749268,2.05041,1.2540942,1.1275656
1013,0.09453976,1.0425145626068115,2.05041,1.2540942,1.1275656
1014,0.0945397,1.1101930141448975,2.05041,1.2540942,1.1275656
1015,0.09453982,1.0392193794250488,2.05041,1.2540942,1.1275656
1016,0.09453964,1.0326075553894043,2.05041,1.2540942,1.1275656
1017,0.09453964,1.0455114841461182,2.05041,1.2540942,1.1275656
1018,0.09453964,1.031846046447754,2.05041,1.2540942,1.1275656
1019,0.09453964,1.1007609367370605,2.05041,1.2540942,1.1275656
1020,0.09453964,3.0151681900024414,2.05041,1.2540942,1.1275656
1021,0.0945397,1.0175542831420898,2.05041,1.2540942,1.1275656
1022,0.09453976,1.0067822933197021,2.05041,1.2540942,1.1275656
1023,0.09453988,1.0513908863067627,2.05041,1.2540942,1.1275656
1024,0.09453976,1.0551185607910156,2.05041,1.2540942,1.1275656
1025,0.09453976,0.9606568813323975,2.05041,1.2540942,1.1275656
1026,0.09453958,0.9669291973114014,2.05041,1.2540942,1.1275656
1027,0.09453976,1.1373448371887207,2.05041,1.2540942,1.1275656
1028,0.09453976,1.0246484279632568,2.05041,1.2540942,1.1275656
1029,0.09453964,1.0062158107757568,2.05041,1.2540942,1.1275656
1030,0.09453976,1.1661303043365479,2.05041,1.2540942,1.1275656
1031,0.09453976,0.9738478660583496,2.05041,1.2540942,1.1275656
1032,0.09453964,0.937171220779419,2.05041,1.2540942,1.1275656
1033,0.09453982,1.0436053276062012,2.05041,1.2540942,1.1275656
1034,0.09453976,1.077932596206665,2.05041,1.2540942,1.1275656
1035,0.09453976,0.9819180965423584,2.05041,1.2540942,1.1275656
1036,0.09453976,1.0210964679718018,2.05041,1.2540942,1.1275656
1037,0.09453976,1.0173916816711426,2.05041,1.2540942,1.1275656
1038,0.09453982,0.9963188171386719,2.05041,1.2540942,1.1275656
1039,0.09453946,0.9849326610565186,2.05041,1.2540942,1.1275656
1040,0.09453958,1.0900533199310303,2.05041,1.2540942,1.1275656
1041,0.09453964,0.9765052795410156,2.05041,1.2540942,1.1275656
1042,0.09453964,1.0479509830474854,2.05041,1.2540942,1.1275656
1043,0.09453976,1.0851325988769531,2.05041,1.2540942,1.1275656
1044,0.09453964,1.0618510246276855,2.05041,1.2540942,1.1275656
1045,0.09453982,0.9859192371368408,2.05041,1.2540942,1.1275656
1046,0.09453976,1.0073888301849365,2.05041,1.2540942,1.1275656
1047,0.09453976,1.0624363422393799,2.05041,1.2540942,1.1275656
1048,0.09453976,0.924835205078125,2.05041,1.2540942,1.1275656
1049,0.09453976,1.046393632888794,2.05041,1.2540942,1.1275656
1050,0.09453952,1.0470545291900635,2.05041,1.2540942,1.1275656
1051,0.0945397,1.0805368423461914,2.05041,1.2540942,1.1275656
1052,0.09453976,1.0177206993103027,2.05041,1.2540942,1.1275656
1053,0.09453982,0.9593789577484131,2.05041,1.2540942,1.1275656
1054,0.09453952,0.9864110946655273,2.05041,1.2540942,1.1275656
1055,0.09453982,1.120450496673584,2.05041,1.2540942,1.1275656
1056,0.09453976,1.1881828308105469,2.05041,1.2540942,1.1275656
1057,0.0945397,1.1052055358886719,2.05041,1.2540942,1.1275656
1058,0.09460318,1.0620062351226807,2.0087197,1.2741364,1.1346788
1059,0.094603,1.0230598449707031,2.0087197,1.2741364,1.1346788
1060,0.09460306,0.9896113872528076,2.0087197,1.2741364,1.1346788
1061,0.09460324,0.9861211776733398,2.0087197,1.2741364,1.1346788
1062,0.09460312,1.0765101909637451,2.0087197,1.2741364,1.1346788
1063,0.09460294,1.0224013328552246,2.0087197,1.2741364,1.1346788
1064,0.094603,0.9937548637390137,2.0087197,1.2741364,1.1346788
1065,0.094603,1.1498832702636719,2.0087197,1.2741364,1.1346788
1066,0.09460306,0.957606315612793,2.0087197,1.2741364,1.1346788
1067,0.09460324,1.0242455005645752,2.0087197,1.2741364,1.1346788
1068,0.09460306,1.0362262725830078,2.0087197,1.2741364,1.1346788
1069,0.0946033,0.9796421527862549,2.0087197,1.2741364,1.1346788
1070,0.09460312,0.9752755165100098,2.0087197,1.2741364,1.1346788
1071,0.094603,0.9505228996276855,2.0087197,1.2741364,1.1346788
1072,0.09460324,1.0644116401672363,2.0087197,1.2741364,1.1346788
1073,0.09460306,0.9661970138549805,2.0087197,1.2741364,1.1346788
1074,0.09460312,0.9984211921691895,2.0087197,1.2741364,1.1346788
1075,0.09460312,1.1049363613128662,2.0087197,1.2741364,1.1346788
1076,0.09460318,1.0026485919952393,2.0087197,1.2741364,1.1346788
1077,0.09460312,0.9717452526092529,2.0087197,1.2741364,1.1346788
1078,0.09460318,0.9943141937255859,2.0087197,1.2741364,1.1346788
1079,0.094603,1.0580482482910156,2.0087197,1.2741364,1.1346788
1080,0.09460306,1.036013126373291,2.0087197,1.2741364,1.1346788
1081,0.09460312,1.0524051189422607,2.0087197,1.2741364,1.1346788
1082,0.0946033,1.0935676097869873,2.0087197,1.2741364,1.1346788
1083,0.094603,1.0420913696289062,2.0087197,1.2741364,1.1346788
1084,0.09460318,0.9293792247772217,2.0087197,1.2741364,1.1346788
1085,0.09460306,1.0641558170318604,2.0087197,1.2741364,1.1346788
1086,0.09485388,1.0071280002593994,1.9494362,1.2921629,1.145648
1087,0.09485382,0.9955275058746338,1.9494362,1.2921629,1.145648
1088,0.09485412,1.0887892246246338,1.9494362,1.2921629,1.145648
1089,0.09485394,1.0504298210144043,1.9494362,1.2921629,1.145648
1090,0.094854,0.9649899005889893,1.9494362,1.2921629,1.145648
1091,0.09485376,0.9703168869018555,1.9494362,1.2921629,1.145648
1092,0.094854,1.035200595855713,1.9494362,1.2921629,1.145648
1093,0.09485412,1.0985791683197021,1.9494362,1.2921629,1.145648
1094,0.09485382,3.2679543495178223,1.9494362,1.2921629,1.145648
1095,0.09485394,0.9516086578369141,1.9494362,1.2921629,1.145648
1096,0.094854,0.9936530590057373,1.9494362,1.2921629,1.145648
1097,0.094854295,1.062718391418457,1.9494362,1.2921629,1.145648
1098,0.09485406,1.0042333602905273,1.9494362,1.2921629,1.145648
1099,0.09485382,1.048487901687622,1.9494362,1.2921629,1.145648
1100,0.09485376,1.0342869758605957,1.9494362,1.2921629,1.145648
1101,0.09485388,0.988806962966919,1.9494362,1.2921629,1.145648
1102,0.09485388,1.0299131870269775,1.9494362,1.2921629,1.145648
1103,0.094854176,1.0161080360412598,1.9494362,1.2921629,1.145648
1104,0.09485394,1.0692646503448486,1.9494362,1.2921629,1.145648
1105,0.094854236,1.030531644821167,1.9494362,1.2921629,1.145648
1106,0.09485394,1.0573928356170654,1.9494362,1.2921629,1.145648
1107,0.094854,1.006328821182251,1.9494362,1.2921629,1.145648
1108,0.09485394,0.9539000988006592,1.9494362,1.2921629,1.145648
1109,0.09485382,0.954859733581543,1.9494362,1.2921629,1.145648
1110,0.09485388,1.0408689975738525,1.9494362,1.2921629,1.145648
1111,0.094854176,1.0367414951324463,1.9494362,1.2921629,1.145648
1112,0.094854,1.0301382541656494,1.9494362,1.2921629,1.145648
1113,0.094854,1.057753086090088,1.9494362,1.2921629,1.145648
1114,0.094854236,1.065455436706543,1.9494362,1.2921629,1.145648
1115,0.094854,1.0600943565368652,1.9494362,1.2921629,1.145648
1116,0.09485412,1.0012707710266113,1.9494362,1.2921629,1.145648
1117,0.094854236,1.0296616554260254,1.9494362,1.2921629,1.145648
1118,0.09485394,1.0659661293029785,1.9494362,1.2921629,1.145648
1119,0.09485388,1.0888593196868896,1.9494362,1.2921629,1.145648
1120,0.094854,1.066542625427246,1.9494362,1.2921629,1.145648
1121,0.09485388,1.1833140850067139,1.9494362,1.2921629,1.145648
1122,0.09485406,1.0003032684326172,1.9494362,1.2921629,1.145648
1123,0.094854,1.0199942588806152,1.9494362,1.2921629,1.145648
1124,0.094854,1.0485916137695312,1.9494362,1.2921629,1.145648
1125,0.09485388,1.0162744522094727,1.9494362,1.2921629,1.145648
1126,0.09485412,1.0836329460144043,1.9494362,1.2921629,1.145648
1127,0.09485388,1.0136494636535645,1.9494362,1.2921629,1.145648
1128,0.094854,1.045093297958374,1.9494362,1.2921629,1.145648
1129,0.09485382,0.9852259159088135,1.9494362,1.2921629,1.145648
1130,0.094854,1.0648994445800781,1.9494362,1.2921629,1.145648
1131,0.09485412,1.0371952056884766,1.9494362,1.2921629,1.145648
1132,0.09485388,1.030639886856079,1.9494362,1.2921629,1.145648
1133,0.09485394,1.0708017349243164,1.9494362,1.2921629,1.145648
1134,0.094854176,0.9538912773132324,1.9494362,1.2921629,1.145648
1135,0.09485394,0.9659490585327148,1.9494362,1.2921629,1.145648
1136,0.094854,0.9828758239746094,1.9494362,1.2921629,1.145648
1137,0.09485388,1.011439561843872,1.9494362,1.2921629,1.145648
1138,0.09485406,1.078932523727417,1.9494362,1.2921629,1.145648
1139,0.09485394,1.0986196994781494,1.9494362,1.2921629,1.145648
1140,0.09485412,1.1227943897247314,1.9494362,1.2921629,1.145648
1141,0.094854,1.034839153289795,1.9494362,1.2921629,1.145648
1142,0.094854,1.0390808582305908,1.9494362,1.2921629,1.145648
1143,0.094854,1.0870561599731445,1.9494362,1.2921629,1.145648
1144,0.094854,1.0714616775512695,1.9494362,1.2921629,1.145648
1145,0.094854,1.005143404006958,1.9494362,1.2921629,1.145648
1146,0.09485388,1.1380259990692139,1.9494362,1.2921629,1.145648
1147,0.094854,1.0099778175354004,1.9494362,1.2921629,1.145648
1148,0.094854,1.0360655784606934,1.9494362,1.2921629,1.145648
1149,0.094854,1.028994083404541,1.9494362,1.2921629,1.145648
1150,0.094854,1.0366716384887695,1.9494362,1.2921629,1.145648
1151,0.09485388,0.9844675064086914,1.9494362,1.2921629,1.145648
1152,0.094854,1.0470340251922607,1.9494362,1.2921629,1.145648
1153,0.09485406,1.0008997917175293,1.9494362,1.2921629,1.145648
1154,0.09485412,0.9834411144256592,1.9494362,1.2921629,1.145648
1155,0.09485388,1.0180890560150146,1.9494362,1.2921629,1.145648
1156,0.09485394,1.007512092590332,1.9494362,1.2921629,1.145648
1157,0.094854,0.9999105930328369,1.9494362,1.2921629,1.145648
1158,0.09485382,1.0210344791412354,1.9494362,1.2921629,1.145648
1159,0.094854,1.018136978149414,1.9494362,1.2921629,1.145648
1160,0.09485388,0.9963626861572266,1.9494362,1.2921629,1.145648
1161,0.09485412,1.0256738662719727,1.9494362,1.2921629,1.145648
1162,0.094854236,1.0229501724243164,1.9494362,1.2921629,1.145648
1163,0.094854,1.001136064529419,1.9494362,1.2921629,1.145648
1164,0.094854176,1.099860668182373,1.9494362,1.2921629,1.145648
1165,0.09485388,3.2272469997406006,1.9494362,1.2921629,1.145648
1166,0.094854,1.0675265789031982,1.9494362,1.2921629,1.145648
1167,0.09485376,1.0318396091461182,1.9494362,1.2921629,1.145648
1168,0.09485388,1.0001611709594727,1.9494362,1.2921629,1.145648
1169,0.094854,1.0320792198181152,1.9494362,1.2921629,1.145648
1170,0.09485394,0.9942526817321777,1.9494362,1.2921629,1.145648
1171,0.09485412,1.0428495407104492,1.9494362,1.2921629,1.145648
1172,0.09485412,0.9941222667694092,1.9494362,1.2921629,1.145648
1173,0.09485406,1.0271341800689697,1.9494362,1.2921629,1.145648
1174,0.09485406,1.0825960636138916,1.9494362,1.2921629,1.145648
1175,0.094854,1.1718628406524658,1.9494362,1.2921629,1.145648
1176,0.094854,1.0777857303619385,1.9494362,1.2921629,1.145648
1177,0.09485388,1.0646395683288574,1.9494362,1.2921629,1.145648
1178,0.094854,1.0711445808410645,1.9494362,1.2921629,1.145648
1179,0.09485394,1.0378386974334717,1.9494362,1.2921629,1.145648
1180,0.09485406,0.9921019077301025,1.9494362,1.2921629,1.145648
1181,0.09485412,1.0328819751739502,1.9494362,1.2921629,1.145648
1182,0.09485394,1.068648338317871,1.9494362,1.2921629,1.145648
1183,0.09485388,1.0519156455993652,1.9494362,1.2921629,1.145648
1184,0.09485412,0.9883575439453125,1.9494362,1.2921629,1.145648
1185,0.094854,1.0262815952301025,1.9494362,1.2921629,1.145648
1186,0.094854,0.9596366882324219,1.9494362,1.2921629,1.145648
1187,0.09485394,1.0085654258728027,1.9494362,1.2921629,1.145648
1188,0.09485412,1.022209882736206,1.9494362,1.2921629,1.145648
1189,0.09485388,1.0259060859680176,1.9494362,1.2921629,1.145648
1190,0.09485406,1.0522141456604004,1.9494362,1.2921629,1.145648
1191,0.094854,1.02370285987854,1.9494362,1.2921629,1.145648
1192,0.09485388,0.987863302230835,1.9494362,1.2921629,1.145648
1193,0.094854,0.9850242137908936,1.9494362,1.2921629,1.145648
1194,0.094854,1.0868918895721436,1.9494362,1.2921629,1.145648
1195,0.09485382,1.0253021717071533,1.9494362,1.2921629,1.145648
1196,0.094854,1.0508086681365967,1.9494362,1.2921629,1.145648
1197,0.094854236,0.9929630756378174,1.9494362,1.2921629,1.145648
1198,0.09485412,0.986530065536499,1.9494362,1.2921629,1.145648
1199,0.094854236,0.994206428527832,1.9494362,1.2921629,1.145648
1200,0.094854,1.017639398574829,1.9494362,1.2921629,1.145648
1201,0.09485394,1.0512864589691162,1.9494362,1.2921629,1.145648
1202,0.09485388,1.0265223979949951,1.9494362,1.2921629,1.145648
1203,0.094854,1.0166044235229492,1.9494362,1.2921629,1.145648
1204,0.094854,1.0233852863311768,1.9494362,1.2921629,1.145648
1205,0.09485406,1.0283069610595703,1.9494362,1.2921629,1.145648
1206,0.09485388,1.1151390075683594,1.9494362,1.2921629,1.145648
1207,0.09485388,1.0077364444732666,1.9494362,1.2921629,1.145648
1208,0.094854236,1.0298418998718262,1.9494362,1.2921629,1.145648
1209,0.09485382,1.0038173198699951,1.9494362,1.2921629,1.145648
1210,0.09485388,0.9851455688476562,1.9494362,1.2921629,1.145648
1211,0.09485382,1.1428933143615723,1.9494362,1.2921629,1.145648
1212,0.09485382,1.0259957313537598,1.9494362,1.2921629,1.145648
1213,0.09485406,0.9964334964752197,1.9494362,1.2921629,1.145648
1214,0.09485406,1.0479118824005127,1.9494362,1.2921629,1.145648
1215,0.09485394,1.0051593780517578,1.9494362,1.2921629,1.145648
1216,0.09485394,1.0579581260681152,1.9494362,1.2921629,1.145648
1217,0.09485388,0.9257893562316895,1.9494362,1.2921629,1.145648
1218,0.09485388,1.1094179153442383,1.9494362,1.2921629,1.145648
1219,0.094854,1.0836117267608643,1.9494362,1.2921629,1.145648
1220,0.094854,1.0755879878997803,1.9494362,1.2921629,1.145648
1221,0.09485412,1.0487964153289795,1.9494362,1.2921629,1.145648
1222,0.094854,1.005582332611084,1.9494362,1.2921629,1.145648
1223,0.09485388,0.9657173156738281,1.9494362,1.2921629,1.145648
1224,0.09485388,1.007673740386963,1.9494362,1.2921629,1.145648
1225,0.09485388,1.0879607200622559,1.9494362,1.2921629,1.145648
1226,0.09485388,1.1035823822021484,1.9494362,1.2921629,1.145648
1227,0.09485412,1.063202142715454,1.9494362,1.2921629,1.145648
1228,0.09485382,1.0261354446411133,1.9494362,1.2921629,1.145648
1229,0.094854,1.0681419372558594,1.9494362,1.2921629,1.145648
1230,0.09485394,0.9348664283752441,1.9494362,1.2921629,1.145648
1231,0.09485394,0.9811720848083496,1.9494362,1.2921629,1.145648
1232,0.09485394,1.027918815612793,1.9494362,1.2921629,1.145648
1233,0.09485412,0.9652411937713623,1.9494362,1.2921629,1.145648
1234,0.09485406,1.0191988945007324,1.9494362,1.2921629,1.145648
1235,0.094854,1.1080873012542725,1.9494362,1.2921629,1.145648
1236,0.09485406,3.042682647705078,1.9494362,1.2921629,1.145648
1237,0.09485406,1.1045031547546387,1.9494362,1.2921629,1.145648
1238,0.094854,1.0362987518310547,1.9494362,1.2921629,1.145648
1239,0.09485388,0.9881129264831543,1.9494362,1.2921629,1.145648
1240,0.09485388,0.9997749328613281,1.9494362,1.2921629,1.145648
1241,0.09485412,0.9664883613586426,1.9494362,1.2921629,1.145648
1242,0.09485388,0.9563970565795898,1.9494362,1.2921629,1.145648
1243,0.094854,1.141495704650879,1.9494362,1.2921629,1.145648
1244,0.09485388,1.1003191471099854,1.9494362,1.2921629,1.145648
1245,0.09485388,1.045882225036621,1.9494362,1.2921629,1.145648
1246,0.094854,1.0564818382263184,1.9494362,1.2921629,1.145648
1247,0.09485376,0.997565507888794,1.9494362,1.2921629,1.145648
1248,0.094854,0.9675548076629639,1.9494362,1.2921629,1.145648
1249,0.094854,1.1097934246063232,1.9494362,1.2921629,1.145648
1250,0.094854,1.0919861793518066,1.9494362,1.2921629,1.145648
1251,0.09485394,1.0584008693695068,1.9494362,1.2921629,1.145648
1252,0.09485412,1.0181145668029785,1.9494362,1.2921629,1.145648
1253,0.09485394,1.0321528911590576,1.9494362,1.2921629,1.145648
1254,0.09485388,0.9384820461273193,1.9494362,1.2921629,1.145648
1255,0.094854,1.0518743991851807,1.9494362,1.2921629,1.145648
1256,0.09485412,1.0956737995147705,1.9494362,1.2921629,1.145648
1257,0.09485388,1.058870792388916,1.9494362,1.2921629,1.145648
1258,0.09485382,1.0699822902679443,1.9494362,1.2921629,1.145648
1259,0.094854,1.033944845199585,1.9494362,1.2921629,1.145648
1260,0.09485406,0.9589385986328125,1.9494362,1.2921629,1.145648
1261,0.09485376,1.0001647472381592,1.9494362,1.2921629,1.145648
1262,0.094854,1.045182704925537,1.9494362,1.2921629,1.145648
1263,0.094854,1.0396928787231445,1.9494362,1.2921629,1.145648
1264,0.094854,1.014901876449585,1.9494362,1.2921629,1.145648
1265,0.09485412,1.0505013465881348,1.9494362,1.2921629,1.145648
1266,0.094854176,0.9440538883209229,1.9494362,1.2921629,1.145648
1267,0.09485388,0.9573419094085693,1.9494362,1.2921629,1.145648
1268,0.094854,1.0639207363128662,1.9494362,1.2921629,1.145648
1269,0.094854,1.03599214553833,1.9494362,1.2921629,1.145648
1270,0.09485394,0.9971737861633301,1.9494362,1.2921629,1.145648
1271,0.09485382,1.1277194023132324,1.9494362,1.2921629,1.145648
1272,0.09485394,1.0356764793395996,1.9494362,1.2921629,1.145648
1273,0.09485394,1.0119712352752686,1.9494362,1.2921629,1.145648
1274,0.094854,0.9877176284790039,1.9494362,1.2921629,1.145648
1275,0.094854,0.9591584205627441,1.9494362,1.2921629,1.145648
1276,0.094854236,0.988086462020874,1.9494362,1.2921629,1.145648
1277,0.09485394,1.0352513790130615,1.9494362,1.2921629,1.145648
1278,0.094854,1.061169147491455,1.9494362,1.2921629,1.145648
1279,0.094854236,1.0347974300384521,1.9494362,1.2921629,1.145648
1280,0.09485388,0.9480142593383789,1.9494362,1.2921629,1.145648
1281,0.09485406,1.103058099746704,1.9494362,1.2921629,1.145648
1282,0.09485412,1.0247435569763184,1.9494362,1.2921629,1.145648
1283,0.094854,1.1069440841674805,1.9494362,1.2921629,1.145648
1284,0.09485388,1.1574225425720215,1.9494362,1.2921629,1.145648
1285,0.094854,1.0051722526550293,1.9494362,1.2921629,1.145648
1286,0.09485388,0.9357881546020508,1.9494362,1.2921629,1.145648
1287,0.09485388,1.0380682945251465,1.9494362,1.2921629,1.145648
1288,0.094854176,1.0514230728149414,1.9494362,1.2921629,1.145648
1289,0.094854,1.0081310272216797,1.9494362,1.2921629,1.145648
1290,0.09485382,1.209684133529663,1.9494362,1.2921629,1.145648
1291,0.094854,1.1022553443908691,1.9494362,1.2921629,1.145648
1292,0.09485388,0.9904329776763916,1.9494362,1.2921629,1.145648
1293,0.09485388,1.0087671279907227,1.9494362,1.2921629,1.145648
1294,0.09485412,1.0405523777008057,1.9494362,1.2921629,1.145648
1295,0.094854,1.0868172645568848,1.9494362,1.2921629,1.145648
1296,0.09485394,1.1646647453308105,1.9494362,1.2921629,1.145648
1297,0.09485388,1.0636756420135498,1.9494362,1.2921629,1.145648
1298,0.09485382,1.0439200401306152,1.9494362,1.2921629,1.145648
1299,0.09485406,0.9543907642364502,1.9494362,1.2921629,1.145648
1300,0.09813839,1.043534517288208,2.0293097,1.2582691,1.1349088
1301,0.09813821,1.0704460144042969,2.0293097,1.2582691,1.1349088
1302,0.09813839,1.1155962944030762,2.0293097,1.2582691,1.1349088
1303,0.09813833,1.103334903717041,2.0293097,1.2582691,1.1349088
1304,0.09813833,0.9763195514678955,2.0293097,1.2582691,1.1349088
1305,0.09813833,1.0407845973968506,2.0293097,1.2582691,1.1349088
1306,0.09813833,1.0625159740447998,2.0293097,1.2582691,1.1349088
1307,0.09813845,3.1803760528564453,2.0293097,1.2582691,1.1349088
1308,0.09813833,1.031364917755127,2.0293097,1.2582691,1.1349088
1309,0.09813845,0.9723942279815674,2.0293097,1.2582691,1.1349088
1310,0.09813833,1.0349829196929932,2.0293097,1.2582691,1.1349088
1311,0.09813827,1.0095024108886719,2.0293097,1.2582691,1.1349088
1312,0.09813839,1.0225498676300049,2.0293097,1.2582691,1.1349088
1313,0.09813857,1.0844171047210693,2.0293097,1.2582691,1.1349088
1314,0.09813833,0.9768385887145996,2.0293097,1.2582691,1.1349088
1315,0.09813851,0.9944276809692383,2.0293097,1.2582691,1.1349088
1316,0.09813845,1.0070719718933105,2.0293097,1.2582691,1.1349088
1317,0.09813839,1.07955002784729,2.0293097,1.2582691,1.1349088
1318,0.09813833,1.0412156581878662,2.0293097,1.2582691,1.1349088
1319,0.09813833,1.1524434089660645,2.0293097,1.2582691,1.1349088
1320,0.09813833,1.0740153789520264,2.0293097,1.2582691,1.1349088
1321,0.09813821,1.074441909790039,2.0293097,1.2582691,1.1349088
1322,0.09813827,0.9601902961730957,2.0293097,1.2582691,1.1349088
1323,0.09813839,0.9660370349884033,2.0293097,1.2582691,1.1349088
1324,0.09813833,1.090540885925293,2.0293097,1.2582691,1.1349088
1325,0.09813833,1.088806390762329,2.0293097,1.2582691,1.1349088
1326,0.09813821,1.024280071258545,2.0293097,1.2582691,1.1349088
1327,0.09813833,1.0262677669525146,2.0293097,1.2582691,1.1349088
1328,0.09813833,0.9258146286010742,2.0293097,1.2582691,1.1349088
1329,0.09813839,0.9708235263824463,2.0293097,1.2582691,1.1349088
1330,0.09813833,0.9961371421813965,2.0293097,1.2582691,1.1349088
1331,0.09813821,1.0751068592071533,2.0293097,1.2582691,1.1349088
1332,0.09813833,1.0222604274749756,2.0293097,1.2582691,1.1349088
1333,0.09813839,0.9781701564788818,2.0293097,1.2582691,1.1349088
1334,0.09813839,1.0086865425109863,2.0293097,1.2582691,1.1349088
1335,0.09813845,0.9907355308532715,2.0293097,1.2582691,1.1349088
1336,0.09813827,0.9641814231872559,2.0293097,1.2582691,1.1349088
1337,0.09813827,1.0727508068084717,2.0293097,1.2582691,1.1349088
1338,0.09813845,1.0358526706695557,2.0293097,1.2582691,1.1349088
1339,0.09813833,1.051180362701416,2.0293097,1.2582691,1.1349088
1340,0.09813845,1.01124906539917,2.0293097,1.2582691,1.1349088
1341,0.09933722,0.974987268447876,2.0105536,1.2586292,1.1416203
1342,0.09933698,0.9343888759613037,2.0105536,1.2586292,1.1416203
1343,0.0993368,0.9975624084472656,2.0105536,1.2586292,1.1416203
1344,0.09933716,0.9816806316375732,2.0105536,1.2586292,1.1416203
1345,0.09933704,1.1247098445892334,2.0105536,1.2586292,1.1416203
1346,0.0993371,1.0298161506652832,2.0105536,1.2586292,1.1416203
1347,0.09933698,1.0334975719451904,2.0105536,1.2586292,1.1416203
1348,0.09933716,1.0030241012573242,2.0105536,1.2586292,1.1416203
1349,0.09933704,0.9834179878234863,2.0105536,1.2586292,1.1416203
1350,0.09933716,0.9850239753723145,2.0105536,1.2586292,1.1416203
1351,0.09933716,1.0449376106262207,2.0105536,1.2586292,1.1416203
1352,0.09933716,1.0297157764434814,2.0105536,1.2586292,1.1416203
1353,0.09933692,1.0842242240905762,2.0105536,1.2586292,1.1416203
1354,0.09933704,1.0196645259857178,2.0105536,1.2586292,1.1416203
1355,0.0993371,0.9828040599822998,2.0105536,1.2586292,1.1416203
1356,0.09933716,1.0176889896392822,2.0105536,1.2586292,1.1416203
1357,0.09933722,1.116455078125,2.0105536,1.2586292,1.1416203
1358,0.0993371,1.0495622158050537,2.0105536,1.2586292,1.1416203
1359,0.09933716,1.0606615543365479,2.0105536,1.2586292,1.1416203
1360,0.0993371,1.0580177307128906,2.0105536,1.2586292,1.1416203
1361,0.09933716,0.9895012378692627,2.0105536,1.2586292,1.1416203
1362,0.09933722,0.9528484344482422,2.0105536,1.2586292,1.1416203
1363,0.09933716,1.0093472003936768,2.0105536,1.2586292,1.1416203
1364,0.09933704,1.0476937294006348,2.0105536,1.2586292,1.1416203
1365,0.09933716,1.0899403095245361,2.0105536,1.2586292,1.1416203
1366,0.09933698,1.070481300354004,2.0105536,1.2586292,1.1416203
1367,0.09933716,0.9903879165649414,2.0105536,1.2586292,1.1416203
1368,0.09933692,0.9686071872711182,2.0105536,1.2586292,1.1416203
1369,0.09933704,0.9581904411315918,2.0105536,1.2586292,1.1416203
1370,0.09933716,1.0609056949615479,2.0105536,1.2586292,1.1416203
1371,0.09933716,1.1038618087768555,2.0105536,1.2586292,1.1416203
1372,0.09933698,1.0619235038757324,2.0105536,1.2586292,1.1416203
1373,0.09933716,1.0046086311340332,2.0105536,1.2586292,1.1416203
1374,0.09933716,0.9399101734161377,2.0105536,1.2586292,1.1416203
1375,0.09933716,0.936349630355835,2.0105536,1.2586292,1.1416203
1376,0.09933722,1.1155815124511719,2.0105536,1.2586292,1.1416203
1377,0.09933716,3.1212000846862793,2.0105536,1.2586292,1.1416203
1378,0.09933722,0.9936952590942383,2.0105536,1.2586292,1.1416203
1379,0.09933716,0.9344339370727539,2.0105536,1.2586292,1.1416203
1380,0.09933704,1.0196712017059326,2.0105536,1.2586292,1.1416203
1381,0.09933716,1.1819615364074707,2.0105536,1.2586292,1.1416203
1382,0.09933734,1.035069227218628,2.0105536,1.2586292,1.1416203
1383,0.09933704,1.0787811279296875,2.0105536,1.2586292,1.1416203
1384,0.0993371,1.0166747570037842,2.0105536,1.2586292,1.1416203
1385,0.0993371,0.96427321434021,2.0105536,1.2586292,1.1416203
1386,0.09933722,0.9856932163238525,2.0105536,1.2586292,1.1416203
1387,0.09933722,1.0833115577697754,2.0105536,1.2586292,1.1416203
1388,0.09933716,1.0750129222869873,2.0105536,1.2586292,1.1416203
1389,0.09933704,1.0306775569915771,2.0105536,1.2586292,1.1416203
1390,0.09933704,1.1132352352142334,2.0105536,1.2586292,1.1416203
1391,0.09933722,1.0127043724060059,2.0105536,1.2586292,1.1416203
1392,0.09933716,0.9529891014099121,2.0105536,1.2586292,1.1416203
1393,0.09933722,1.041642665863037,2.0105536,1.2586292,1.1416203
1394,0.09933716,1.1068902015686035,2.0105536,1.2586292,1.1416203
1395,0.09933716,1.036447525024414,2.0105536,1.2586292,1.1416203
1396,0.09933704,1.065887212753296,2.0105536,1.2586292,1.1416203
1397,0.09933716,1.1057019233703613,2.0105536,1.2586292,1.1416203
1398,0.09933704,0.9334352016448975,2.0105536,1.2586292,1.1416203
1399,0.0993371,1.08603835105896,2.0105536,1.2586292,1.1416203
1400,0.09933686,1.0625674724578857,2.0105536,1.2586292,1.1416203
1401,0.0993371,1.0578100681304932,2.0105536,1.2586292,1.1416203
1402,0.09933716,1.0513980388641357,2.0105536,1.2586292,1.1416203
1403,0.09933716,1.0400969982147217,2.0105536,1.2586292,1.1416203
1404,0.09933698,0.9857385158538818,2.0105536,1.2586292,1.1416203
1405,0.0993371,1.0726525783538818,2.0105536,1.2586292,1.1416203
1406,0.0993371,1.025822401046753,2.0105536,1.2586292,1.1416203
1407,0.09933716,1.116499423980713,2.0105536,1.2586292,1.1416203
1408,0.0993371,1.1266450881958008,2.0105536,1.2586292,1.1416203
1409,0.09933704,1.0750892162322998,2.0105536,1.2586292,1.1416203
1410,0.09933704,0.9767680168151855,2.0105536,1.2586292,1.1416203
1411,0.09933716,0.9719936847686768,2.0105536,1.2586292,1.1416203
1412,0.09933716,1.0066840648651123,2.0105536,1.2586292,1.1416203
1413,0.09933716,1.1070733070373535,2.0105536,1.2586292,1.1416203
1414,0.09933722,1.0376830101013184,2.0105536,1.2586292,1.1416203
1415,0.09933704,1.0448527336120605,2.0105536,1.2586292,1.1416203
1416,0.09933716,1.0210778713226318,2.0105536,1.2586292,1.1416203
1417,0.09933716,1.0510344505310059,2.0105536,1.2586292,1.1416203
1418,0.09933716,0.9674866199493408,2.0105536,1.2586292,1.1416203
1419,0.09933704,1.105191946029663,2.0105536,1.2586292,1.1416203
1420,0.09933704,1.0780072212219238,2.0105536,1.2586292,1.1416203
1421,0.09933722,1.117920160293579,2.0105536,1.2586292,1.1416203
1422,0.09933704,1.0951263904571533,2.0105536,1.2586292,1.1416203
1423,0.09933722,1.014580249786377,2.0105536,1.2586292,1.1416203
1424,0.0993371,0.9642143249511719,2.0105536,1.2586292,1.1416203
1425,0.09933716,0.9614243507385254,2.0105536,1.2586292,1.1416203
1426,0.0993371,1.101790189743042,2.0105536,1.2586292,1.1416203
1427,0.09933722,1.0702228546142578,2.0105536,1.2586292,1.1416203
1428,0.09933704,0.9940109252929688,2.0105536,1.2586292,1.1416203
1429,0.09933722,0.9444923400878906,2.0105536,1.2586292,1.1416203
1430,0.09933722,0.978693962097168,2.0105536,1.2586292,1.1416203
1431,0.09933716,0.9103751182556152,2.0105536,1.2586292,1.1416203
1432,0.09933716,1.0408430099487305,2.0105536,1.2586292,1.1416203
1433,0.09933716,0.9633374214172363,2.0105536,1.2586292,1.1416203
1434,0.0993371,1.0939815044403076,2.0105536,1.2586292,1.1416203
1435,0.0993371,1.0539557933807373,2.0105536,1.2586292,1.1416203
1436,0.09933716,1.0052778720855713,2.0105536,1.2586292,1.1416203
1437,0.0993371,0.9267518520355225,2.0105536,1.2586292,1.1416203
1438,0.09933722,0.9612438678741455,2.0105536,1.2586292,1.1416203
1439,0.0993371,1.0170159339904785,2.0105536,1.2586292,1.1416203
1440,0.0993374,1.11431884765625,2.0105536,1.2586292,1.1416203
1441,0.09933722,1.1203958988189697,2.0105536,1.2586292,1.1416203
1442,0.09933722,1.0449326038360596,2.0105536,1.2586292,1.1416203
1443,0.09933704,1.0088238716125488,2.0105536,1.2586292,1.1416203
1444,0.09933704,0.9994492530822754,2.0105536,1.2586292,1.1416203
1445,0.0993371,0.9692642688751221,2.0105536,1.2586292,1.1416203
1446,0.09933734,1.029390811920166,2.0105536,1.2586292,1.1416203
1447,0.09933704,1.0069825649261475,2.0105536,1.2586292,1.1416203
1448,0.09933716,1.1601178646087646,2.0105536,1.2586292,1.1416203
1449,0.0993371,1.0287041664123535,2.0105536,1.2586292,1.1416203
1450,0.09933716,0.9551596641540527,2.0105536,1.2586292,1.1416203
1451,0.09933734,3.0089874267578125,2.0105536,1.2586292,1.1416203
1452,0.0993371,0.9954533576965332,2.0105536,1.2586292,1.1416203
1453,0.09933716,1.0391261577606201,2.0105536,1.2586292,1.1416203
1454,0.09933704,1.0478510856628418,2.0105536,1.2586292,1.1416203
1455,0.09933722,1.0200235843658447,2.0105536,1.2586292,1.1416203
1456,0.09933704,1.0307457447052002,2.0105536,1.2586292,1.1416203
1457,0.09933704,0.9962470531463623,2.0105536,1.2586292,1.1416203
1458,0.09933716,1.0746381282806396,2.0105536,1.2586292,1.1416203
1459,0.09933716,1.09236741065979,2.0105536,1.2586292,1.1416203
1460,0.09933704,1.038207769393921,2.0105536,1.2586292,1.1416203
1461,0.09933698,1.086724042892456,2.0105536,1.2586292,1.1416203
1462,0.09933716,1.0720677375793457,2.0105536,1.2586292,1.1416203
1463,0.09933704,1.0290677547454834,2.0105536,1.2586292,1.1416203
1464,0.09933728,0.9902017116546631,2.0105536,1.2586292,1.1416203
1465,0.09933716,1.1048548221588135,2.0105536,1.2586292,1.1416203
1466,0.09933704,1.1403684616088867,2.0105536,1.2586292,1.1416203
1467,0.09933716,1.0038440227508545,2.0105536,1.2586292,1.1416203
1468,0.09933722,1.0454480648040771,2.0105536,1.2586292,1.1416203
1469,0.09933716,1.0844697952270508,2.0105536,1.2586292,1.1416203
1470,0.09933722,1.0209968090057373,2.0105536,1.2586292,1.1416203
1471,0.0993371,1.0308153629302979,2.0105536,1.2586292,1.1416203
1472,0.09933704,1.0998969078063965,2.0105536,1.2586292,1.1416203
1473,0.09933716,1.0487380027770996,2.0105536,1.2586292,1.1416203
1474,0.09933734,1.005589246749878,2.0105536,1.2586292,1.1416203
1475,0.09933728,1.0352599620819092,2.0105536,1.2586292,1.1416203
1476,0.09933722,0.9831900596618652,2.0105536,1.2586292,1.1416203
1477,0.09933692,0.9898459911346436,2.0105536,1.2586292,1.1416203
1478,0.09933716,1.066096544265747,2.0105536,1.2586292,1.1416203
1479,0.09933716,1.001654863357544,2.0105536,1.2586292,1.1416203
1480,0.09933716,1.0825278759002686,2.0105536,1.2586292,1.1416203
1481,0.09933704,1.0555667877197266,2.0105536,1.2586292,1.1416203
1482,0.09933716,1.002298355102539,2.0105536,1.2586292,1.1416203
1483,0.0993371,1.017502784729004,2.0105536,1.2586292,1.1416203
1484,0.09933716,1.0407719612121582,2.0105536,1.2586292,1.1416203
1485,0.09933704,1.0034210681915283,2.0105536,1.2586292,1.1416203
1486,0.09933716,1.0190176963806152,2.0105536,1.2586292,1.1416203
1487,0.0993371,1.0359697341918945,2.0105536,1.2586292,1.1416203
1488,0.09933722,1.0075273513793945,2.0105536,1.2586292,1.1416203
1489,0.0993371,0.9873032569885254,2.0105536,1.2586292,1.1416203
1490,0.09933716,1.0820324420928955,2.0105536,1.2586292,1.1416203
1491,0.09933722,1.0442144870758057,2.0105536,1.2586292,1.1416203
1492,0.0993371,1.0778229236602783,2.0105536,1.2586292,1.1416203
1493,0.09933716,1.0331416130065918,2.0105536,1.2586292,1.1416203
1494,0.0993371,1.0136072635650635,2.0105536,1.2586292,1.1416203
1495,0.09933722,1.038543701171875,2.0105536,1.2586292,1.1416203
1496,0.09933716,0.9598937034606934,2.0105536,1.2586292,1.1416203
1497,0.09933704,1.0040197372436523,2.0105536,1.2586292,1.1416203
1498,0.09933722,1.0841636657714844,2.0105536,1.2586292,1.1416203
1499,0.09933722,1.0104198455810547,2.0105536,1.2586292,1.1416203
