iteration,max_fitness,time,rrmse_0,rrmse_1,rrmse_2,rrmse_3,rrmse_4,rrmse_5,rrmse_6,rrmse_7,rrmse_8,rrmse_9,rrmse_10,rrmse_11,rrmse_12,rrmse_13
0,0.004108131,0.0,0.99083865,0.99982613,1.0528983,1.0710282,1.0231546,1.0303448,1.1739599,1.0011508,1.1189355,1.0177836,1.0076855,1.1198806,1.0038252,0.9704741
1,0.0041080117,177.9380853176117,0.99083865,0.99982613,1.0528983,1.0710282,1.0231546,1.0303448,1.1739599,1.0011508,1.1189355,1.0177836,1.0076855,1.1198806,1.0038252,0.9704741
2,0.004108131,1695.501966714859,0.99083865,0.99982613,1.0528983,1.0710282,1.0231546,1.0303448,1.1739599,1.0011508,1.1189355,1.0177836,1.0076855,1.1198806,1.0038252,0.9704741
3,0.0041080117,5148.644259691238,0.99083865,0.99982613,1.0528983,1.0710282,1.0231546,1.0303448,1.1739599,1.0011508,1.1189355,1.0177836,1.0076855,1.1198806,1.0038252,0.9704741
4,0.0041080117,403.9423403739929,0.99083865,0.99982613,1.0528983,1.0710282,1.0231546,1.0303448,1.1739599,1.0011508,1.1189355,1.0177836,1.0076855,1.1198806,1.0038252,0.9704741
5,0.0041080117,23.331671714782715,0.99083865,0.99982613,1.0528983,1.0710282,1.0231546,1.0303448,1.1739599,1.0011508,1.1189355,1.0177836,1.0076855,1.1198806,1.0038252,0.9704741
6,0.0041080117,119.83262157440186,0.99083865,0.99982613,1.0528983,1.0710282,1.0231546,1.0303448,1.1739599,1.0011508,1.1189355,1.0177836,1.0076855,1.1198806,1.0038252,0.9704741
7,0.0041080117,281.2449998855591,0.99083865,0.99982613,1.0528983,1.0710282,1.0231546,1.0303448,1.1739599,1.0011508,1.1189355,1.0177836,1.0076855,1.1198806,1.0038252,0.9704741
8,0.0041078925,975.8421058654785,0.99083865,0.99982613,1.0528983,1.0710282,1.0231546,1.0303448,1.1739599,1.0011508,1.1189355,1.0177836,1.0076855,1.1198806,1.0038252,0.9704741
9,0.0041078925,1111.177654504776,0.99083865,0.99982613,1.0528983,1.0710282,1.0231546,1.0303448,1.1739599,1.0011508,1.1189355,1.0177836,1.0076855,1.1198806,1.0038252,0.9704741
10,0.0041080117,1150.3590199947357,0.99083865,0.99982613,1.0528983,1.0710282,1.0231546,1.0303448,1.1739599,1.0011508,1.1189355,1.0177836,1.0076855,1.1198806,1.0038252,0.9704741
11,0.0041078925,1079.9061999320984,0.99083865,0.99982613,1.0528983,1.0710282,1.0231546,1.0303448,1.1739599,1.0011508,1.1189355,1.0177836,1.0076855,1.1198806,1.0038252,0.9704741
12,0.004108131,1115.3879208564758,0.99083865,0.99982613,1.0528983,1.0710282,1.0231546,1.0303448,1.1739599,1.0011508,1.1189355,1.0177836,1.0076855,1.1198806,1.0038252,0.9704741
13,0.0041080117,1431.6273248195648,0.99083865,0.99982613,1.0528983,1.0710282,1.0231546,1.0303448,1.1739599,1.0011508,1.1189355,1.0177836,1.0076855,1.1198806,1.0038252,0.9704741
14,0.0041078925,1284.4395160675049,0.99083865,0.99982613,1.0528983,1.0710282,1.0231546,1.0303448,1.1739599,1.0011508,1.1189355,1.0177836,1.0076855,1.1198806,1.0038252,0.9704741
15,0.004107833,1091.8339064121246,0.99083865,0.99982613,1.0528983,1.0710282,1.0231546,1.0303448,1.1739599,1.0011508,1.1189355,1.0177836,1.0076855,1.1198806,1.0038252,0.9704741
16,0.004108131,1162.533644914627,0.99083865,0.99982613,1.0528983,1.0710282,1.0231546,1.0303448,1.1739599,1.0011508,1.1189355,1.0177836,1.0076855,1.1198806,1.0038252,0.9704741
17,0.0041080117,934.9796850681305,0.99083865,0.99982613,1.0528983,1.0710282,1.0231546,1.0303448,1.1739599,1.0011508,1.1189355,1.0177836,1.0076855,1.1198806,1.0038252,0.9704741
18,0.0041078925,558.3760015964508,0.99083865,0.99982613,1.0528983,1.0710282,1.0231546,1.0303448,1.1739599,1.0011508,1.1189355,1.0177836,1.0076855,1.1198806,1.0038252,0.9704741
19,0.004107833,1706.513432264328,0.99083865,0.99982613,1.0528983,1.0710282,1.0231546,1.0303448,1.1739599,1.0011508,1.1189355,1.0177836,1.0076855,1.1198806,1.0038252,0.9704741
20,0.0041080117,1990.5034081935883,0.99083865,0.99982613,1.0528983,1.0710282,1.0231546,1.0303448,1.1739599,1.0011508,1.1189355,1.0177836,1.0076855,1.1198806,1.0038252,0.9704741
21,0.0041080117,1270.5677092075348,0.99083865,0.99982613,1.0528983,1.0710282,1.0231546,1.0303448,1.1739599,1.0011508,1.1189355,1.0177836,1.0076855,1.1198806,1.0038252,0.9704741
22,0.0041080117,1518.774426460266,0.99083865,0.99982613,1.0528983,1.0710282,1.0231546,1.0303448,1.1739599,1.0011508,1.1189355,1.0177836,1.0076855,1.1198806,1.0038252,0.9704741
23,0.0041078925,1723.5021269321442,0.99083865,0.99982613,1.0528983,1.0710282,1.0231546,1.0303448,1.1739599,1.0011508,1.1189355,1.0177836,1.0076855,1.1198806,1.0038252,0.9704741
24,0.0041078925,1525.6857779026031,0.99083865,0.99982613,1.0528983,1.0710282,1.0231546,1.0303448,1.1739599,1.0011508,1.1189355,1.0177836,1.0076855,1.1198806,1.0038252,0.9704741
25,0.0041080117,2251.011594057083,0.99083865,0.99982613,1.0528983,1.0710282,1.0231546,1.0303448,1.1739599,1.0011508,1.1189355,1.0177836,1.0076855,1.1198806,1.0038252,0.9704741
26,0.0041078925,1894.8255822658539,0.99083865,0.99982613,1.0528983,1.0710282,1.0231546,1.0303448,1.1739599,1.0011508,1.1189355,1.0177836,1.0076855,1.1198806,1.0038252,0.9704741
27,0.012393773,2026.9633758068085,0.9722483,0.9981994,1.0601605,1.0745441,1.0017467,1.0328927,1.1777598,1.0058838,1.1150203,1.0044274,1.0082632,1.1178074,0.99938715,0.97478944
28,0.012393594,2058.808756828308,0.9722483,0.9981994,1.0601605,1.0745441,1.0017467,1.0328927,1.1777598,1.0058838,1.1150203,1.0044274,1.0082632,1.1178074,0.99938715,0.97478944
29,0.012393892,1874.7531206607819,0.9722483,0.9981994,1.0601605,1.0745441,1.0017467,1.0328927,1.1777598,1.0058838,1.1150203,1.0044274,1.0082632,1.1178074,0.99938715,0.97478944
30,0.012393713,1467.4858961105347,0.9722483,0.9981994,1.0601605,1.0745441,1.0017467,1.0328927,1.1777598,1.0058838,1.1150203,1.0044274,1.0082632,1.1178074,0.99938715,0.97478944
31,0.012393713,1347.859980583191,0.9722483,0.9981994,1.0601605,1.0745441,1.0017467,1.0328927,1.1777598,1.0058838,1.1150203,1.0044274,1.0082632,1.1178074,0.99938715,0.97478944
32,0.012393773,1954.0547635555267,0.9722483,0.9981994,1.0601605,1.0745441,1.0017467,1.0328927,1.1777598,1.0058838,1.1150203,1.0044274,1.0082632,1.1178074,0.99938715,0.97478944
33,0.012393594,1889.9200098514557,0.9722483,0.9981994,1.0601605,1.0745441,1.0017467,1.0328927,1.1777598,1.0058838,1.1150203,1.0044274,1.0082632,1.1178074,0.99938715,0.97478944
34,0.012393594,2028.0448114871979,0.9722483,0.9981994,1.0601605,1.0745441,1.0017467,1.0328927,1.1777598,1.0058838,1.1150203,1.0044274,1.0082632,1.1178074,0.99938715,0.97478944
35,0.012393713,2190.138626098633,0.9722483,0.9981994,1.0601605,1.0745441,1.0017467,1.0328927,1.1777598,1.0058838,1.1150203,1.0044274,1.0082632,1.1178074,0.99938715,0.97478944
36,0.012393713,1801.9901638031006,0.9722483,0.9981994,1.0601605,1.0745441,1.0017467,1.0328927,1.1777598,1.0058838,1.1150203,1.0044274,1.0082632,1.1178074,0.99938715,0.97478944
37,0.012393713,1327.362425327301,0.9722483,0.9981994,1.0601605,1.0745441,1.0017467,1.0328927,1.1777598,1.0058838,1.1150203,1.0044274,1.0082632,1.1178074,0.99938715,0.97478944
38,0.012393773,1684.3550107479095,0.9722483,0.9981994,1.0601605,1.0745441,1.0017467,1.0328927,1.1777598,1.0058838,1.1150203,1.0044274,1.0082632,1.1178074,0.99938715,0.97478944
39,0.012393773,1920.5308985710144,0.9722483,0.9981994,1.0601605,1.0745441,1.0017467,1.0328927,1.1777598,1.0058838,1.1150203,1.0044274,1.0082632,1.1178074,0.99938715,0.97478944
40,0.012452185,1735.8464007377625,0.9715534,1.0062902,1.0553796,1.0694755,1.0048923,1.0358021,1.1731201,1.0071845,1.1182243,1.0107453,1.0075593,1.1158768,1.00183,0.97328204
41,0.012452185,1931.9250700473785,0.9715534,1.0062902,1.0553796,1.0694755,1.0048923,1.0358021,1.1731201,1.0071845,1.1182243,1.0107453,1.0075593,1.1158768,1.00183,0.97328204
42,0.012452245,1409.7141218185425,0.9715534,1.0062902,1.0553796,1.0694755,1.0048923,1.0358021,1.1731201,1.0071845,1.1182243,1.0107453,1.0075593,1.1158768,1.00183,0.97328204
43,0.012452185,660.4786183834076,0.9715534,1.0062902,1.0553796,1.0694755,1.0048923,1.0358021,1.1731201,1.0071845,1.1182243,1.0107453,1.0075593,1.1158768,1.00183,0.97328204
44,0.012452245,749.1041238307953,0.9715534,1.0062902,1.0553796,1.0694755,1.0048923,1.0358021,1.1731201,1.0071845,1.1182243,1.0107453,1.0075593,1.1158768,1.00183,0.97328204
45,0.012756467,1444.3606650829315,0.9703275,1.0073317,1.063772,1.0805789,1.0096642,1.0306641,1.1910031,1.0142692,1.1121866,1.0079807,1.005635,1.1279122,1.0024124,0.97231925
46,0.0131441355,855.5079655647278,0.97090864,1.0064949,1.0578647,1.074774,1.004881,1.0341303,1.1799893,1.0145346,1.1149611,1.007707,1.0055468,1.1208069,1.0005573,0.97345275
47,0.01469928,439.736487865448,0.9719714,1.0038033,1.0601817,1.0752976,1.0055655,1.0305461,1.1814716,1.0173028,1.1120571,1.0065434,1.004432,1.1258769,1.0009115,0.9712016
48,0.015419602,779.2332088947296,0.9716853,1.0055896,1.0624994,1.0763735,1.0058149,1.0247158,1.1879258,1.0158734,1.1109812,1.0089346,1.0026827,1.1331257,1.0019298,0.96953213
49,0.01608491,1690.6635174751282,0.97286373,1.0048422,1.05899,1.0716834,1.002524,1.0253412,1.1805558,1.0158076,1.1126614,1.0097771,1.0020909,1.130526,1.0012858,0.9696907
50,0.016335785,1423.5083050727844,0.9735887,1.0046217,1.0585487,1.071395,1.001691,1.0251715,1.1795535,1.0172634,1.1125789,1.0097603,1.0015686,1.1306183,1.0010915,0.9698599
51,0.016457379,1049.478217124939,0.975217,1.0038441,1.0538777,1.0655234,0.99826527,1.027535,1.1696167,1.0165389,1.115477,1.0109085,1.0018135,1.1253409,1.0004717,0.9706938
52,0.016726315,406.63260555267334,0.9743615,1.0051494,1.0659643,1.0798119,1.0052923,1.019109,1.194042,1.0248027,1.1075871,1.008507,0.9996223,1.1433654,1.0021882,0.96851104
53,0.016896486,1107.101048707962,0.97565466,1.0043049,1.0595613,1.0723857,1.0010046,1.0231848,1.1809149,1.022328,1.1115339,1.0097579,1.0002613,1.134664,1.0012027,0.96980065
54,0.017011046,1255.9549825191498,0.97677994,1.0042119,1.0604049,1.0736948,1.0010927,1.0224961,1.1823173,1.0252473,1.1108468,1.0095663,0.99973893,1.136432,1.0013019,0.9700272
55,0.017049253,1412.8492498397827,0.9772322,1.004104,1.0602281,1.0729448,1.000856,1.0222299,1.1816783,1.0256511,1.1111503,1.0098617,0.99977213,1.1370039,1.0014104,0.9699067
56,0.017049134,1224.13516163826,0.9772322,1.004104,1.0602281,1.0729448,1.000856,1.0222299,1.1816783,1.0256511,1.1111503,1.0098617,0.99977213,1.1370039,1.0014104,0.9699067
57,0.017827868,715.436112165451,0.9710379,1.0040613,1.0561091,1.0682622,0.9982591,1.0257884,1.1722388,1.0114709,1.1116159,1.0101775,0.9984898,1.1332494,0.99991935,0.9716938
58,0.017949343,512.5692427158356,0.9713102,1.0035182,1.0583518,1.0632544,1.0014403,1.0218849,1.1738265,1.0057452,1.1129776,1.0132418,1.0010302,1.1407368,1.0027826,0.96665484
59,0.018693328,384.9403853416443,0.970678,1.00191,1.0590353,1.0730814,0.9971849,1.0248115,1.1763446,1.0136777,1.1087236,1.0067314,0.9974602,1.1356816,0.99859965,0.972112
60,0.018693328,450.237181186676,0.970678,1.00191,1.0590353,1.0730814,0.9971849,1.0248115,1.1763446,1.0136777,1.1087236,1.0067314,0.9974602,1.1356816,0.99859965,0.972112
61,0.018760443,1499.3024530410767,0.9707895,1.0019331,1.060044,1.0745115,0.99729514,1.0240383,1.1780286,1.0150193,1.1076884,1.0064387,0.9966962,1.1379565,0.9985985,0.97228223
62,0.018760562,1772.1330449581146,0.9707895,1.0019331,1.060044,1.0745115,0.99729514,1.0240383,1.1780286,1.0150193,1.1076884,1.0064387,0.9966962,1.1379565,0.9985985,0.97228223
63,0.018781424,4023.8952016830444,0.9708641,1.0018357,1.0605041,1.0749432,0.9974107,1.0235595,1.1787646,1.0155843,1.1072714,1.0062964,0.99645776,1.1390764,0.9986134,0.97222203
64,0.018781602,5366.574198961258,0.9708641,1.0018357,1.0605041,1.0749432,0.9974107,1.0235595,1.1787646,1.0155843,1.1072714,1.0062964,0.99645776,1.1390764,0.9986134,0.97222203
65,0.018802583,930.1148552894592,0.9711753,1.0014483,1.058254,1.0721089,0.9959401,1.0249792,1.1740056,1.014402,1.1086932,1.0066867,0.99678767,1.1361454,0.99825394,0.9725869
66,0.018802524,1178.8160734176636,0.9711753,1.0014483,1.058254,1.0721089,0.9959401,1.0249792,1.1740056,1.014402,1.1086932,1.0066867,0.99678767,1.1361454,0.99825394,0.9725869
67,0.018802524,1163.4296143054962,0.9711753,1.0014483,1.058254,1.0721089,0.9959401,1.0249792,1.1740056,1.014402,1.1086932,1.0066867,0.99678767,1.1361454,0.99825394,0.9725869
68,0.018802702,1463.1846942901611,0.9711753,1.0014483,1.058254,1.0721089,0.9959401,1.0249792,1.1740056,1.014402,1.1086932,1.0066867,0.99678767,1.1361454,0.99825394,0.9725869
69,0.020207524,1822.6905641555786,0.96752274,0.99959373,1.0474336,1.0773473,0.99902725,1.0249643,1.1786147,1.0146936,1.1066777,1.0105397,0.9942,1.1389108,0.99638355,0.9736833
70,0.020275652,1832.6730098724365,0.96726614,0.99952275,1.0475943,1.0763845,0.9993277,1.0240185,1.179111,1.0141002,1.1069449,1.0109898,0.9945177,1.1407859,0.996657,0.972865
71,0.020275712,1912.6216080188751,0.96726614,0.99952275,1.0475943,1.0763845,0.9993277,1.0240185,1.179111,1.0141002,1.1069449,1.0109898,0.9945177,1.1407859,0.996657,0.972865
72,0.020275712,1753.7327497005463,0.96726614,0.99952275,1.0475943,1.0763845,0.9993277,1.0240185,1.179111,1.0141002,1.1069449,1.0109898,0.9945177,1.1407859,0.996657,0.972865
73,0.020296395,2476.6436829566956,0.9673601,0.9992377,1.0451789,1.0733674,0.99806255,1.0251645,1.1747133,1.0124388,1.1085328,1.0117878,0.9949549,1.1385651,0.9964403,0.9730036
74,0.020296514,1595.86838722229,0.9673601,0.9992377,1.0451789,1.0733674,0.99806255,1.0251645,1.1747133,1.0124388,1.1085328,1.0117878,0.9949549,1.1385651,0.9964403,0.9730036
75,0.020359993,5.977242469787598,0.96682674,0.99945223,1.0479311,1.0769916,0.9999888,1.0231977,1.1810191,1.0143019,1.1065607,1.0111715,0.99454707,1.1430894,0.9967796,0.97236854
76,0.020359993,5.850027084350586,0.96682674,0.99945223,1.0479311,1.0769916,0.9999888,1.0231977,1.1810191,1.0143019,1.1065607,1.0111715,0.99454707,1.1430894,0.9967796,0.97236854
77,0.020383477,5.809005498886108,0.96601915,0.99955904,1.049771,1.0793406,1.0021191,1.0218683,1.1862298,1.0147802,1.1055896,1.0107932,0.995118,1.1456176,0.99715,0.9713401
78,0.020461798,6.050062417984009,0.966444,0.99912447,1.0457093,1.0733886,0.99943846,1.0238698,1.1775811,1.0118245,1.1085138,1.0120972,0.9957652,1.1413411,0.99678576,0.9715983
79,0.020461679,5.767241954803467,0.966444,0.99912447,1.0457093,1.0733886,0.99943846,1.0238698,1.1775811,1.0118245,1.1085138,1.0120972,0.9957652,1.1413411,0.99678576,0.9715983
80,0.020461798,5.832951068878174,0.966444,0.99912447,1.0457093,1.0733886,0.99943846,1.0238698,1.1775811,1.0118245,1.1085138,1.0120972,0.9957652,1.1413411,0.99678576,0.9715983
81,0.020471573,5.928237676620483,0.9660747,0.99933535,1.048181,1.07682,1.0010511,1.0219495,1.183253,1.0136741,1.1066008,1.011694,0.99512213,1.1459466,0.99710494,0.97120506
82,0.0204885,5.928084373474121,0.96644175,0.9990366,1.0450528,1.0738964,0.999041,1.0241851,1.1772307,1.012395,1.1082411,1.0122397,0.9952283,1.1419379,0.9965472,0.9721426
83,0.020522594,5.948977708816528,0.96612144,0.9988277,1.0432532,1.0713,0.99873143,1.0249352,1.1746228,1.010296,1.1098164,1.0129359,0.9962859,1.139889,0.9965442,0.9716425
84,0.020573735,5.8906073570251465,0.9656311,0.99905837,1.0459743,1.0751096,1.0006065,1.0229865,1.1809268,1.0122081,1.107772,1.0123541,0.9957527,1.144367,0.99686533,0.97114253
85,0.020573854,5.872521162033081,0.9656311,0.99905837,1.0459743,1.0751096,1.0006065,1.0229865,1.1809268,1.0122081,1.107772,1.0123541,0.9957527,1.144367,0.99686533,0.97114253
86,0.020573854,5.697202205657959,0.9656311,0.99905837,1.0459743,1.0751096,1.0006065,1.0229865,1.1809268,1.0122081,1.107772,1.0123541,0.9957527,1.144367,0.99686533,0.97114253
87,0.020573676,5.649148464202881,0.9656311,0.99905837,1.0459743,1.0751096,1.0006065,1.0229865,1.1809268,1.0122081,1.107772,1.0123541,0.9957527,1.144367,0.99686533,0.97114253
88,0.020578384,5.9074530601501465,0.9655053,0.99880767,1.0436413,1.070815,0.9997576,1.0240507,1.1763558,1.0094668,1.1101279,1.0132885,0.99712944,1.1415986,0.9969133,0.9704934
89,0.020578444,5.77856183052063,0.9655053,0.99880767,1.0436413,1.070815,0.9997576,1.0240507,1.1763558,1.0094668,1.1101279,1.0132885,0.99712944,1.1415986,0.9969133,0.9704934
90,0.020578384,5.748760223388672,0.9655053,0.99880767,1.0436413,1.070815,0.9997576,1.0240507,1.1763558,1.0094668,1.1101279,1.0132885,0.99712944,1.1415986,0.9969133,0.9704934
91,0.020599306,5.7490222454071045,0.96487427,0.9991865,1.0462954,1.0743942,1.0017799,1.022252,1.1826583,1.0108511,1.1083977,1.012864,0.99690217,1.1456761,0.99733615,0.9698635
92,0.020599306,5.826016426086426,0.96487427,0.9991865,1.0462954,1.0743942,1.0017799,1.022252,1.1826583,1.0108511,1.1083977,1.012864,0.99690217,1.1456761,0.99733615,0.9698635
93,0.020599246,5.870726585388184,0.96487427,0.9991865,1.0462954,1.0743942,1.0017799,1.022252,1.1826583,1.0108511,1.1083977,1.012864,0.99690217,1.1456761,0.99733615,0.9698635
94,0.020599306,5.928831100463867,0.96487427,0.9991865,1.0462954,1.0743942,1.0017799,1.022252,1.1826583,1.0108511,1.1083977,1.012864,0.99690217,1.1456761,0.99733615,0.9698635
95,0.020599306,5.766478776931763,0.96487427,0.9991865,1.0462954,1.0743942,1.0017799,1.022252,1.1826583,1.0108511,1.1083977,1.012864,0.99690217,1.1456761,0.99733615,0.9698635
96,0.020599544,5.821252346038818,0.96487427,0.9991865,1.0462954,1.0743942,1.0017799,1.022252,1.1826583,1.0108511,1.1083977,1.012864,0.99690217,1.1456761,0.99733615,0.9698635
97,0.020599544,5.849384546279907,0.96487427,0.9991865,1.0462954,1.0743942,1.0017799,1.022252,1.1826583,1.0108511,1.1083977,1.012864,0.99690217,1.1456761,0.99733615,0.9698635
98,0.020626962,5.873070955276489,0.965238,0.9986697,1.0432577,1.0713192,0.999939,1.0241848,1.1768723,1.0097661,1.109948,1.0133104,0.99710745,1.1421762,0.99677944,0.9705415
99,0.020626724,5.749072313308716,0.965238,0.9986697,1.0432577,1.0713192,0.999939,1.0241848,1.1768723,1.0097661,1.109948,1.0133104,0.99710745,1.1421762,0.99677944,0.9705415
100,0.020626724,5.835930824279785,0.965238,0.9986697,1.0432577,1.0713192,0.999939,1.0241848,1.1768723,1.0097661,1.109948,1.0133104,0.99710745,1.1421762,0.99677944,0.9705415
101,0.020646274,5.802874326705933,0.965243,0.9988183,1.0440364,1.0723392,1.0001228,1.0236332,1.1782389,1.0104803,1.1093019,1.0131991,0.9966515,1.1436758,0.9968474,0.9706088
102,0.020646155,5.807671546936035,0.965243,0.9988183,1.0440364,1.0723392,1.0001228,1.0236332,1.1782389,1.0104803,1.1093019,1.0131991,0.9966515,1.1436758,0.9968474,0.9706088
103,0.020646453,5.892429828643799,0.965243,0.9988183,1.0440364,1.0723392,1.0001228,1.0236332,1.1782389,1.0104803,1.1093019,1.0131991,0.9966515,1.1436758,0.9968474,0.9706088
104,0.020646393,5.750516891479492,0.965243,0.9988183,1.0440364,1.0723392,1.0001228,1.0236332,1.1782389,1.0104803,1.1093019,1.0131991,0.9966515,1.1436758,0.9968474,0.9706088
105,0.020646274,5.823696613311768,0.965243,0.9988183,1.0440364,1.0723392,1.0001228,1.0236332,1.1782389,1.0104803,1.1093019,1.0131991,0.9966515,1.1436758,0.9968474,0.9706088
106,0.020646453,5.839646577835083,0.965243,0.9988183,1.0440364,1.0723392,1.0001228,1.0236332,1.1782389,1.0104803,1.1093019,1.0131991,0.9966515,1.1436758,0.9968474,0.9706088
107,0.020804107,5.894371747970581,0.96195227,1.0003755,1.0464008,1.0698646,1.002805,1.0217981,1.1792707,1.0048555,1.1123626,1.0159031,1.0000781,1.1478388,0.99899775,0.96824163
108,0.021193922,5.809375524520874,0.9671555,0.99876696,1.0419172,1.0768663,0.9973505,1.0279865,1.173292,1.0167967,1.1078367,1.0117981,0.99386483,1.1395705,0.99529654,0.9748555
109,0.021388233,5.803863763809204,0.9662747,0.9986745,1.0426418,1.0739675,0.99841005,1.0252787,1.1749411,1.0140676,1.1087415,1.0129023,0.99507934,1.1431471,0.9961335,0.97248477
110,0.021452606,6.0155041217803955,0.9662851,0.99884105,1.0424044,1.0724027,0.99834013,1.0246189,1.1741062,1.0129896,1.109572,1.0138459,0.99541414,1.1442865,0.996549,0.97171056
111,0.02147758,5.923178672790527,0.9656256,0.99912167,1.0465521,1.0765568,1.0011368,1.0210387,1.1828736,1.0147456,1.1070796,1.0133339,0.9950113,1.1509824,0.9972956,0.9703743
112,0.02147758,5.8367695808410645,0.9656256,0.99912167,1.0465521,1.0765568,1.0011368,1.0210387,1.1828736,1.0147456,1.1070796,1.0133339,0.9950113,1.1509824,0.9972956,0.9703743
113,0.02147758,5.6596620082855225,0.9656256,0.99912167,1.0465521,1.0765568,1.0011368,1.0210387,1.1828736,1.0147456,1.1070796,1.0133339,0.9950113,1.1509824,0.9972956,0.9703743
114,0.02147758,5.744166612625122,0.9656256,0.99912167,1.0465521,1.0765568,1.0011368,1.0210387,1.1828736,1.0147456,1.1070796,1.0133339,0.9950113,1.1509824,0.9972956,0.9703743
115,0.02147752,5.8098814487457275,0.9656256,0.99912167,1.0465521,1.0765568,1.0011368,1.0210387,1.1828736,1.0147456,1.1070796,1.0133339,0.9950113,1.1509824,0.9972956,0.9703743
116,0.02147758,5.8291261196136475,0.9656256,0.99912167,1.0465521,1.0765568,1.0011368,1.0210387,1.1828736,1.0147456,1.1070796,1.0133339,0.9950113,1.1509824,0.9972956,0.9703743
117,0.02148074,5.692769289016724,0.9652889,0.9989995,1.0458941,1.0756361,1.0011804,1.02118,1.1823866,1.0137392,1.1075883,1.0135628,0.9954795,1.1504085,0.99727523,0.9701088
118,0.02148068,5.813857793807983,0.9652889,0.9989995,1.0458941,1.0756361,1.0011804,1.02118,1.1823866,1.0137392,1.1075883,1.0135628,0.9954795,1.1504085,0.99727523,0.9701088
119,0.021506727,5.802938222885132,0.9652131,0.99890965,1.0441887,1.0725555,1.0004876,1.0216386,1.179152,1.0115826,1.109263,1.0145385,0.9962611,1.148965,0.99738806,0.96961856
120,0.021506846,5.974998712539673,0.9652131,0.99890965,1.0441887,1.0725555,1.0004876,1.0216386,1.179152,1.0115826,1.109263,1.0145385,0.9962611,1.148965,0.99738806,0.96961856
121,0.021506727,5.71494197845459,0.9652131,0.99890965,1.0441887,1.0725555,1.0004876,1.0216386,1.179152,1.0115826,1.109263,1.0145385,0.9962611,1.148965,0.99738806,0.96961856
122,0.021506906,5.9501793384552,0.9652131,0.99890965,1.0441887,1.0725555,1.0004876,1.0216386,1.179152,1.0115826,1.109263,1.0145385,0.9962611,1.148965,0.99738806,0.96961856
123,0.021506846,12.180684089660645,0.9652131,0.99890965,1.0441887,1.0725555,1.0004876,1.0216386,1.179152,1.0115826,1.109263,1.0145385,0.9962611,1.148965,0.99738806,0.96961856
124,0.021506667,5.874525308609009,0.9652131,0.99890965,1.0441887,1.0725555,1.0004876,1.0216386,1.179152,1.0115826,1.109263,1.0145385,0.9962611,1.148965,0.99738806,0.96961856
125,0.021506846,5.734806537628174,0.9652131,0.99890965,1.0441887,1.0725555,1.0004876,1.0216386,1.179152,1.0115826,1.109263,1.0145385,0.9962611,1.148965,0.99738806,0.96961856
126,0.021506906,5.806702375411987,0.9652131,0.99890965,1.0441887,1.0725555,1.0004876,1.0216386,1.179152,1.0115826,1.109263,1.0145385,0.9962611,1.148965,0.99738806,0.96961856
127,0.021507025,5.821709156036377,0.9652131,0.99890965,1.0441887,1.0725555,1.0004876,1.0216386,1.179152,1.0115826,1.109263,1.0145385,0.9962611,1.148965,0.99738806,0.96961856
128,0.021506846,5.95585298538208,0.9652131,0.99890965,1.0441887,1.0725555,1.0004876,1.0216386,1.179152,1.0115826,1.109263,1.0145385,0.9962611,1.148965,0.99738806,0.96961856
129,0.021506906,5.7693493366241455,0.9652131,0.99890965,1.0441887,1.0725555,1.0004876,1.0216386,1.179152,1.0115826,1.109263,1.0145385,0.9962611,1.148965,0.99738806,0.96961856
130,0.021506727,5.807814836502075,0.9652131,0.99890965,1.0441887,1.0725555,1.0004876,1.0216386,1.179152,1.0115826,1.109263,1.0145385,0.9962611,1.148965,0.99738806,0.96961856
131,0.021507144,5.79074764251709,0.9652131,0.99890965,1.0441887,1.0725555,1.0004876,1.0216386,1.179152,1.0115826,1.109263,1.0145385,0.9962611,1.148965,0.99738806,0.96961856
132,0.021506846,5.832008123397827,0.9652131,0.99890965,1.0441887,1.0725555,1.0004876,1.0216386,1.179152,1.0115826,1.109263,1.0145385,0.9962611,1.148965,0.99738806,0.96961856
133,0.021506846,5.8904948234558105,0.9652131,0.99890965,1.0441887,1.0725555,1.0004876,1.0216386,1.179152,1.0115826,1.109263,1.0145385,0.9962611,1.148965,0.99738806,0.96961856
134,0.021506906,5.775036573410034,0.9652131,0.99890965,1.0441887,1.0725555,1.0004876,1.0216386,1.179152,1.0115826,1.109263,1.0145385,0.9962611,1.148965,0.99738806,0.96961856
135,0.021521866,5.894515037536621,0.96517026,0.99926555,1.0454915,1.0739129,1.0011765,1.0205803,1.1815314,1.0123558,1.1086409,1.0147295,0.9959675,1.1516408,0.9977613,0.96919346
136,0.021521747,6.0291478633880615,0.96517026,0.99926555,1.0454915,1.0739129,1.0011765,1.0205803,1.1815314,1.0123558,1.1086409,1.0147295,0.9959675,1.1516408,0.9977613,0.96919346
137,0.021521747,5.893112421035767,0.96517026,0.99926555,1.0454915,1.0739129,1.0011765,1.0205803,1.1815314,1.0123558,1.1086409,1.0147295,0.9959675,1.1516408,0.9977613,0.96919346
138,0.021521747,5.893772840499878,0.96517026,0.99926555,1.0454915,1.0739129,1.0011765,1.0205803,1.1815314,1.0123558,1.1086409,1.0147295,0.9959675,1.1516408,0.9977613,0.96919346
139,0.021521747,5.748725175857544,0.96517026,0.99926555,1.0454915,1.0739129,1.0011765,1.0205803,1.1815314,1.0123558,1.1086409,1.0147295,0.9959675,1.1516408,0.9977613,0.96919346
140,0.021521628,5.7904863357543945,0.96517026,0.99926555,1.0454915,1.0739129,1.0011765,1.0205803,1.1815314,1.0123558,1.1086409,1.0147295,0.9959675,1.1516408,0.9977613,0.96919346
141,0.021521747,5.815959453582764,0.96517026,0.99926555,1.0454915,1.0739129,1.0011765,1.0205803,1.1815314,1.0123558,1.1086409,1.0147295,0.9959675,1.1516408,0.9977613,0.96919346
142,0.021521866,5.7704949378967285,0.96517026,0.99926555,1.0454915,1.0739129,1.0011765,1.0205803,1.1815314,1.0123558,1.1086409,1.0147295,0.9959675,1.1516408,0.9977613,0.96919346
143,0.021521568,5.920735120773315,0.96517026,0.99926555,1.0454915,1.0739129,1.0011765,1.0205803,1.1815314,1.0123558,1.1086409,1.0147295,0.9959675,1.1516408,0.9977613,0.96919346
144,0.021521747,5.709252119064331,0.96517026,0.99926555,1.0454915,1.0739129,1.0011765,1.0205803,1.1815314,1.0123558,1.1086409,1.0147295,0.9959675,1.1516408,0.9977613,0.96919346
145,0.021521747,5.738874673843384,0.96517026,0.99926555,1.0454915,1.0739129,1.0011765,1.0205803,1.1815314,1.0123558,1.1086409,1.0147295,0.9959675,1.1516408,0.9977613,0.96919346
146,0.021521628,5.766123294830322,0.96517026,0.99926555,1.0454915,1.0739129,1.0011765,1.0205803,1.1815314,1.0123558,1.1086409,1.0147295,0.9959675,1.1516408,0.9977613,0.96919346
147,0.021521747,5.787924766540527,0.96517026,0.99926555,1.0454915,1.0739129,1.0011765,1.0205803,1.1815314,1.0123558,1.1086409,1.0147295,0.9959675,1.1516408,0.9977613,0.96919346
148,0.021521866,5.879340410232544,0.96517026,0.99926555,1.0454915,1.0739129,1.0011765,1.0205803,1.1815314,1.0123558,1.1086409,1.0147295,0.9959675,1.1516408,0.9977613,0.96919346
149,0.021523774,5.740964651107788,0.96511817,0.99925786,1.0452466,1.0741762,1.0011235,1.0209225,1.1814207,1.0124236,1.108608,1.0146482,0.9959356,1.1511216,0.99764705,0.9693846
150,0.021523774,5.8410563468933105,0.96511817,0.99925786,1.0452466,1.0741762,1.0011235,1.0209225,1.1814207,1.0124236,1.108608,1.0146482,0.9959356,1.1511216,0.99764705,0.9693846
151,0.021523833,5.866144418716431,0.96511817,0.99925786,1.0452466,1.0741762,1.0011235,1.0209225,1.1814207,1.0124236,1.108608,1.0146482,0.9959356,1.1511216,0.99764705,0.9693846
152,0.021523774,5.979822397232056,0.96511817,0.99925786,1.0452466,1.0741762,1.0011235,1.0209225,1.1814207,1.0124236,1.108608,1.0146482,0.9959356,1.1511216,0.99764705,0.9693846
153,0.021523774,5.878241062164307,0.96511817,0.99925786,1.0452466,1.0741762,1.0011235,1.0209225,1.1814207,1.0124236,1.108608,1.0146482,0.9959356,1.1511216,0.99764705,0.9693846
154,0.021523952,5.895554304122925,0.96511817,0.99925786,1.0452466,1.0741762,1.0011235,1.0209225,1.1814207,1.0124236,1.108608,1.0146482,0.9959356,1.1511216,0.99764705,0.9693846
155,0.021523952,5.802883625030518,0.96511817,0.99925786,1.0452466,1.0741762,1.0011235,1.0209225,1.1814207,1.0124236,1.108608,1.0146482,0.9959356,1.1511216,0.99764705,0.9693846
156,0.021523833,5.981607675552368,0.96511817,0.99925786,1.0452466,1.0741762,1.0011235,1.0209225,1.1814207,1.0124236,1.108608,1.0146482,0.9959356,1.1511216,0.99764705,0.9693846
157,0.021523774,5.857954978942871,0.96511817,0.99925786,1.0452466,1.0741762,1.0011235,1.0209225,1.1814207,1.0124236,1.108608,1.0146482,0.9959356,1.1511216,0.99764705,0.9693846
158,0.021523952,5.7647705078125,0.96511817,0.99925786,1.0452466,1.0741762,1.0011235,1.0209225,1.1814207,1.0124236,1.108608,1.0146482,0.9959356,1.1511216,0.99764705,0.9693846
159,0.021523774,5.717901706695557,0.96511817,0.99925786,1.0452466,1.0741762,1.0011235,1.0209225,1.1814207,1.0124236,1.108608,1.0146482,0.9959356,1.1511216,0.99764705,0.9693846
160,0.021523833,5.743425607681274,0.96511817,0.99925786,1.0452466,1.0741762,1.0011235,1.0209225,1.1814207,1.0124236,1.108608,1.0146482,0.9959356,1.1511216,0.99764705,0.9693846
161,0.021523774,6.149641275405884,0.96511817,0.99925786,1.0452466,1.0741762,1.0011235,1.0209225,1.1814207,1.0124236,1.108608,1.0146482,0.9959356,1.1511216,0.99764705,0.9693846
162,0.021523774,5.817385911941528,0.96511817,0.99925786,1.0452466,1.0741762,1.0011235,1.0209225,1.1814207,1.0124236,1.108608,1.0146482,0.9959356,1.1511216,0.99764705,0.9693846
163,0.021523833,5.742429256439209,0.96511817,0.99925786,1.0452466,1.0741762,1.0011235,1.0209225,1.1814207,1.0124236,1.108608,1.0146482,0.9959356,1.1511216,0.99764705,0.9693846
164,0.021523833,5.755535125732422,0.96511817,0.99925786,1.0452466,1.0741762,1.0011235,1.0209225,1.1814207,1.0124236,1.108608,1.0146482,0.9959356,1.1511216,0.99764705,0.9693846
165,0.021523833,5.864839792251587,0.96511817,0.99925786,1.0452466,1.0741762,1.0011235,1.0209225,1.1814207,1.0124236,1.108608,1.0146482,0.9959356,1.1511216,0.99764705,0.9693846
166,0.021525621,5.854049921035767,0.9652078,0.99918425,1.0439274,1.0729642,1.000464,1.021793,1.1791041,1.0116755,1.1094066,1.0150231,0.9961234,1.1494873,0.99749786,0.9696053
167,0.021533191,5.74976921081543,0.9653592,0.99931717,1.0432404,1.0727154,1.0000138,1.0224956,1.1777595,1.0115507,1.1098053,1.015282,0.9960651,1.1485165,0.99743146,0.9698763
168,0.021533072,5.844858646392822,0.9653592,0.99931717,1.0432404,1.0727154,1.0000138,1.0224956,1.1777595,1.0115507,1.1098053,1.015282,0.9960651,1.1485165,0.99743146,0.9698763
169,0.021535993,5.9717841148376465,0.96489596,0.9998822,1.0460218,1.0753903,1.0019093,1.0202097,1.1834329,1.0123597,1.1085457,1.0154369,0.9959058,1.1531647,0.99818575,0.96874225
170,0.021535873,5.924865007400513,0.96489596,0.9998822,1.0460218,1.0753903,1.0019093,1.0202097,1.1834329,1.0123597,1.1085457,1.0154369,0.9959058,1.1531647,0.99818575,0.96874225
171,0.021548986,5.800415515899658,0.9650472,0.99961984,1.0437462,1.0719936,1.0004505,1.0217472,1.178397,1.0105513,1.1103173,1.016204,0.9963052,1.1502252,0.99804986,0.9689356
172,0.021549046,5.724075794219971,0.9650472,0.99961984,1.0437462,1.0719936,1.0004505,1.0217472,1.178397,1.0105513,1.1103173,1.016204,0.9963052,1.1502252,0.99804986,0.9689356
173,0.02158612,5.74242901802063,0.9651536,0.99947447,1.0434966,1.0721829,0.99993265,1.022453,1.177483,1.0112104,1.1101539,1.0162488,0.9956762,1.1501702,0.9979589,0.9694818
174,0.02158612,5.874019622802734,0.9651536,0.99947447,1.0434966,1.0721829,0.99993265,1.022453,1.177483,1.0112104,1.1101539,1.0162488,0.9956762,1.1501702,0.9979589,0.9694818
175,0.021590352,6.0197434425354,0.96499807,0.99972564,1.0463377,1.0769925,1.0013744,1.0212734,1.1833483,1.0142345,1.1076181,1.0151256,0.99457043,1.1536003,0.99801075,0.9697975
176,0.021590352,5.8506879806518555,0.96499807,0.99972564,1.0463377,1.0769925,1.0013744,1.0212734,1.1833483,1.0142345,1.1076181,1.0151256,0.99457043,1.1536003,0.99801075,0.9697975
177,0.021590352,5.768527269363403,0.96499807,0.99972564,1.0463377,1.0769925,1.0013744,1.0212734,1.1833483,1.0142345,1.1076181,1.0151256,0.99457043,1.1536003,0.99801075,0.9697975
178,0.021590352,5.8843677043914795,0.96499807,0.99972564,1.0463377,1.0769925,1.0013744,1.0212734,1.1833483,1.0142345,1.1076181,1.0151256,0.99457043,1.1536003,0.99801075,0.9697975
179,0.021590412,5.857122182846069,0.96499807,0.99972564,1.0463377,1.0769925,1.0013744,1.0212734,1.1833483,1.0142345,1.1076181,1.0151256,0.99457043,1.1536003,0.99801075,0.9697975
180,0.021590352,6.019525527954102,0.96499807,0.99972564,1.0463377,1.0769925,1.0013744,1.0212734,1.1833483,1.0142345,1.1076181,1.0151256,0.99457043,1.1536003,0.99801075,0.9697975
181,0.021609306,5.808227777481079,0.964792,0.999544,1.0447329,1.0739912,1.0005146,1.0222738,1.1798491,1.0121115,1.1091951,1.0159009,0.99512845,1.1513766,0.9980815,0.9695333
182,0.021609068,5.870088338851929,0.964792,0.999544,1.0447329,1.0739912,1.0005146,1.0222738,1.1798491,1.0121115,1.1091951,1.0159009,0.99512845,1.1513766,0.9980815,0.9695333
183,0.021609187,5.796283006668091,0.964792,0.999544,1.0447329,1.0739912,1.0005146,1.0222738,1.1798491,1.0121115,1.1091951,1.0159009,0.99512845,1.1513766,0.9980815,0.9695333
184,0.021609187,5.845499753952026,0.964792,0.999544,1.0447329,1.0739912,1.0005146,1.0222738,1.1798491,1.0121115,1.1091951,1.0159009,0.99512845,1.1513766,0.9980815,0.9695333
185,0.021609187,5.886012315750122,0.964792,0.999544,1.0447329,1.0739912,1.0005146,1.0222738,1.1798491,1.0121115,1.1091951,1.0159009,0.99512845,1.1513766,0.9980815,0.9695333
186,0.021609306,5.888120889663696,0.964792,0.999544,1.0447329,1.0739912,1.0005146,1.0222738,1.1798491,1.0121115,1.1091951,1.0159009,0.99512845,1.1513766,0.9980815,0.9695333
187,0.021609187,5.778892755508423,0.964792,0.999544,1.0447329,1.0739912,1.0005146,1.0222738,1.1798491,1.0121115,1.1091951,1.0159009,0.99512845,1.1513766,0.9980815,0.9695333
188,0.021609187,5.8053648471832275,0.964792,0.999544,1.0447329,1.0739912,1.0005146,1.0222738,1.1798491,1.0121115,1.1091951,1.0159009,0.99512845,1.1513766,0.9980815,0.9695333
189,0.021609306,5.69568657875061,0.964792,0.999544,1.0447329,1.0739912,1.0005146,1.0222738,1.1798491,1.0121115,1.1091951,1.0159009,0.99512845,1.1513766,0.9980815,0.9695333
190,0.021609068,5.936597108840942,0.964792,0.999544,1.0447329,1.0739912,1.0005146,1.0222738,1.1798491,1.0121115,1.1091951,1.0159009,0.99512845,1.1513766,0.9980815,0.9695333
191,0.021609068,5.820415496826172,0.964792,0.999544,1.0447329,1.0739912,1.0005146,1.0222738,1.1798491,1.0121115,1.1091951,1.0159009,0.99512845,1.1513766,0.9980815,0.9695333
192,0.021609008,5.867600679397583,0.964792,0.999544,1.0447329,1.0739912,1.0005146,1.0222738,1.1798491,1.0121115,1.1091951,1.0159009,0.99512845,1.1513766,0.9980815,0.9695333
193,0.021609068,5.848347187042236,0.964792,0.999544,1.0447329,1.0739912,1.0005146,1.0222738,1.1798491,1.0121115,1.1091951,1.0159009,0.99512845,1.1513766,0.9980815,0.9695333
194,0.021609306,5.812814712524414,0.964792,0.999544,1.0447329,1.0739912,1.0005146,1.0222738,1.1798491,1.0121115,1.1091951,1.0159009,0.99512845,1.1513766,0.9980815,0.9695333
195,0.021609306,5.755473852157593,0.964792,0.999544,1.0447329,1.0739912,1.0005146,1.0222738,1.1798491,1.0121115,1.1091951,1.0159009,0.99512845,1.1513766,0.9980815,0.9695333
196,0.021609068,5.642663478851318,0.964792,0.999544,1.0447329,1.0739912,1.0005146,1.0222738,1.1798491,1.0121115,1.1091951,1.0159009,0.99512845,1.1513766,0.9980815,0.9695333
197,0.021609068,5.839279413223267,0.964792,0.999544,1.0447329,1.0739912,1.0005146,1.0222738,1.1798491,1.0121115,1.1091951,1.0159009,0.99512845,1.1513766,0.9980815,0.9695333
198,0.021609068,5.884136199951172,0.964792,0.999544,1.0447329,1.0739912,1.0005146,1.0222738,1.1798491,1.0121115,1.1091951,1.0159009,0.99512845,1.1513766,0.9980815,0.9695333
199,0.021609068,5.830903768539429,0.964792,0.999544,1.0447329,1.0739912,1.0005146,1.0222738,1.1798491,1.0121115,1.1091951,1.0159009,0.99512845,1.1513766,0.9980815,0.9695333
200,0.021609068,5.874974012374878,0.964792,0.999544,1.0447329,1.0739912,1.0005146,1.0222738,1.1798491,1.0121115,1.1091951,1.0159009,0.99512845,1.1513766,0.9980815,0.9695333
201,0.021609068,12.315394639968872,0.964792,0.999544,1.0447329,1.0739912,1.0005146,1.0222738,1.1798491,1.0121115,1.1091951,1.0159009,0.99512845,1.1513766,0.9980815,0.9695333
202,0.021609068,5.848714590072632,0.964792,0.999544,1.0447329,1.0739912,1.0005146,1.0222738,1.1798491,1.0121115,1.1091951,1.0159009,0.99512845,1.1513766,0.9980815,0.9695333
203,0.021609306,6.090594053268433,0.964792,0.999544,1.0447329,1.0739912,1.0005146,1.0222738,1.1798491,1.0121115,1.1091951,1.0159009,0.99512845,1.1513766,0.9980815,0.9695333
204,0.021609068,5.933698415756226,0.964792,0.999544,1.0447329,1.0739912,1.0005146,1.0222738,1.1798491,1.0121115,1.1091951,1.0159009,0.99512845,1.1513766,0.9980815,0.9695333
205,0.021609068,5.815419673919678,0.964792,0.999544,1.0447329,1.0739912,1.0005146,1.0222738,1.1798491,1.0121115,1.1091951,1.0159009,0.99512845,1.1513766,0.9980815,0.9695333
206,0.021609187,5.569057464599609,0.964792,0.999544,1.0447329,1.0739912,1.0005146,1.0222738,1.1798491,1.0121115,1.1091951,1.0159009,0.99512845,1.1513766,0.9980815,0.9695333
207,0.021609008,6.092136859893799,0.964792,0.999544,1.0447329,1.0739912,1.0005146,1.0222738,1.1798491,1.0121115,1.1091951,1.0159009,0.99512845,1.1513766,0.9980815,0.9695333
208,0.021609187,5.757508277893066,0.964792,0.999544,1.0447329,1.0739912,1.0005146,1.0222738,1.1798491,1.0121115,1.1091951,1.0159009,0.99512845,1.1513766,0.9980815,0.9695333
209,0.021609187,5.901325464248657,0.964792,0.999544,1.0447329,1.0739912,1.0005146,1.0222738,1.1798491,1.0121115,1.1091951,1.0159009,0.99512845,1.1513766,0.9980815,0.9695333
210,0.021609068,5.811000108718872,0.964792,0.999544,1.0447329,1.0739912,1.0005146,1.0222738,1.1798491,1.0121115,1.1091951,1.0159009,0.99512845,1.1513766,0.9980815,0.9695333
211,0.021609306,5.881383657455444,0.964792,0.999544,1.0447329,1.0739912,1.0005146,1.0222738,1.1798491,1.0121115,1.1091951,1.0159009,0.99512845,1.1513766,0.9980815,0.9695333
212,0.021609187,5.9630255699157715,0.964792,0.999544,1.0447329,1.0739912,1.0005146,1.0222738,1.1798491,1.0121115,1.1091951,1.0159009,0.99512845,1.1513766,0.9980815,0.9695333
213,0.021609187,5.793540716171265,0.964792,0.999544,1.0447329,1.0739912,1.0005146,1.0222738,1.1798491,1.0121115,1.1091951,1.0159009,0.99512845,1.1513766,0.9980815,0.9695333
214,0.021609008,5.756919622421265,0.964792,0.999544,1.0447329,1.0739912,1.0005146,1.0222738,1.1798491,1.0121115,1.1091951,1.0159009,0.99512845,1.1513766,0.9980815,0.9695333
215,0.021609187,5.8948400020599365,0.964792,0.999544,1.0447329,1.0739912,1.0005146,1.0222738,1.1798491,1.0121115,1.1091951,1.0159009,0.99512845,1.1513766,0.9980815,0.9695333
216,0.021609187,5.6984171867370605,0.964792,0.999544,1.0447329,1.0739912,1.0005146,1.0222738,1.1798491,1.0121115,1.1091951,1.0159009,0.99512845,1.1513766,0.9980815,0.9695333
217,0.021609068,5.844242572784424,0.964792,0.999544,1.0447329,1.0739912,1.0005146,1.0222738,1.1798491,1.0121115,1.1091951,1.0159009,0.99512845,1.1513766,0.9980815,0.9695333
218,0.021609068,5.896271705627441,0.964792,0.999544,1.0447329,1.0739912,1.0005146,1.0222738,1.1798491,1.0121115,1.1091951,1.0159009,0.99512845,1.1513766,0.9980815,0.9695333
219,0.021609187,5.8248748779296875,0.964792,0.999544,1.0447329,1.0739912,1.0005146,1.0222738,1.1798491,1.0121115,1.1091951,1.0159009,0.99512845,1.1513766,0.9980815,0.9695333
220,0.021609068,5.722997188568115,0.964792,0.999544,1.0447329,1.0739912,1.0005146,1.0222738,1.1798491,1.0121115,1.1091951,1.0159009,0.99512845,1.1513766,0.9980815,0.9695333
221,0.021609187,5.849186897277832,0.964792,0.999544,1.0447329,1.0739912,1.0005146,1.0222738,1.1798491,1.0121115,1.1091951,1.0159009,0.99512845,1.1513766,0.9980815,0.9695333
222,0.021609306,5.911269187927246,0.964792,0.999544,1.0447329,1.0739912,1.0005146,1.0222738,1.1798491,1.0121115,1.1091951,1.0159009,0.99512845,1.1513766,0.9980815,0.9695333
223,0.021609187,5.842130661010742,0.964792,0.999544,1.0447329,1.0739912,1.0005146,1.0222738,1.1798491,1.0121115,1.1091951,1.0159009,0.99512845,1.1513766,0.9980815,0.9695333
224,0.021609068,5.8821656703948975,0.964792,0.999544,1.0447329,1.0739912,1.0005146,1.0222738,1.1798491,1.0121115,1.1091951,1.0159009,0.99512845,1.1513766,0.9980815,0.9695333
225,0.021609366,5.835077524185181,0.964792,0.999544,1.0447329,1.0739912,1.0005146,1.0222738,1.1798491,1.0121115,1.1091951,1.0159009,0.99512845,1.1513766,0.9980815,0.9695333
226,0.021609187,5.798908472061157,0.964792,0.999544,1.0447329,1.0739912,1.0005146,1.0222738,1.1798491,1.0121115,1.1091951,1.0159009,0.99512845,1.1513766,0.9980815,0.9695333
227,0.021609068,5.782956123352051,0.964792,0.999544,1.0447329,1.0739912,1.0005146,1.0222738,1.1798491,1.0121115,1.1091951,1.0159009,0.99512845,1.1513766,0.9980815,0.9695333
228,0.021609068,5.853512287139893,0.964792,0.999544,1.0447329,1.0739912,1.0005146,1.0222738,1.1798491,1.0121115,1.1091951,1.0159009,0.99512845,1.1513766,0.9980815,0.9695333
229,0.021609306,6.037935018539429,0.964792,0.999544,1.0447329,1.0739912,1.0005146,1.0222738,1.1798491,1.0121115,1.1091951,1.0159009,0.99512845,1.1513766,0.9980815,0.9695333
230,0.021609068,6.008485317230225,0.964792,0.999544,1.0447329,1.0739912,1.0005146,1.0222738,1.1798491,1.0121115,1.1091951,1.0159009,0.99512845,1.1513766,0.9980815,0.9695333
231,0.021611392,6.1455652713775635,0.9644434,0.9996209,1.0452662,1.074556,1.0009688,1.0220582,1.1811612,1.0120573,1.1089444,1.0158606,0.9951463,1.1519794,0.9982124,0.96929574
232,0.021612763,6.026973247528076,0.96446806,0.9996912,1.0458757,1.0758203,1.0014138,1.02153,1.1827996,1.0128808,1.1082948,1.0156049,0.9949698,1.1531506,0.9981906,0.9693293
233,0.021612823,5.986259937286377,0.96446806,0.9996912,1.0458757,1.0758203,1.0014138,1.02153,1.1827996,1.0128808,1.1082948,1.0156049,0.9949698,1.1531506,0.9981906,0.9693293
234,0.021612942,5.9898834228515625,0.96446806,0.9996912,1.0458757,1.0758203,1.0014138,1.02153,1.1827996,1.0128808,1.1082948,1.0156049,0.9949698,1.1531506,0.9981906,0.9693293
235,0.021612823,6.038172721862793,0.96446806,0.9996912,1.0458757,1.0758203,1.0014138,1.02153,1.1827996,1.0128808,1.1082948,1.0156049,0.9949698,1.1531506,0.9981906,0.9693293
236,0.021613061,5.959625482559204,0.96446806,0.9996912,1.0458757,1.0758203,1.0014138,1.02153,1.1827996,1.0128808,1.1082948,1.0156049,0.9949698,1.1531506,0.9981906,0.9693293
237,0.021612763,5.9539477825164795,0.96446806,0.9996912,1.0458757,1.0758203,1.0014138,1.02153,1.1827996,1.0128808,1.1082948,1.0156049,0.9949698,1.1531506,0.9981906,0.9693293
238,0.021612823,5.934474229812622,0.96446806,0.9996912,1.0458757,1.0758203,1.0014138,1.02153,1.1827996,1.0128808,1.1082948,1.0156049,0.9949698,1.1531506,0.9981906,0.9693293
239,0.021612823,6.025120973587036,0.96446806,0.9996912,1.0458757,1.0758203,1.0014138,1.02153,1.1827996,1.0128808,1.1082948,1.0156049,0.9949698,1.1531506,0.9981906,0.9693293
240,0.021612823,6.191455125808716,0.96446806,0.9996912,1.0458757,1.0758203,1.0014138,1.02153,1.1827996,1.0128808,1.1082948,1.0156049,0.9949698,1.1531506,0.9981906,0.9693293
241,0.021612823,6.0398781299591064,0.96446806,0.9996912,1.0458757,1.0758203,1.0014138,1.02153,1.1827996,1.0128808,1.1082948,1.0156049,0.9949698,1.1531506,0.9981906,0.9693293
242,0.021612763,6.021407127380371,0.96446806,0.9996912,1.0458757,1.0758203,1.0014138,1.02153,1.1827996,1.0128808,1.1082948,1.0156049,0.9949698,1.1531506,0.9981906,0.9693293
243,0.021612942,6.091476202011108,0.96446806,0.9996912,1.0458757,1.0758203,1.0014138,1.02153,1.1827996,1.0128808,1.1082948,1.0156049,0.9949698,1.1531506,0.9981906,0.9693293
244,0.021612942,6.045487880706787,0.96446806,0.9996912,1.0458757,1.0758203,1.0014138,1.02153,1.1827996,1.0128808,1.1082948,1.0156049,0.9949698,1.1531506,0.9981906,0.9693293
245,0.021612763,5.887526035308838,0.96446806,0.9996912,1.0458757,1.0758203,1.0014138,1.02153,1.1827996,1.0128808,1.1082948,1.0156049,0.9949698,1.1531506,0.9981906,0.9693293
246,0.021612942,6.005178451538086,0.96446806,0.9996912,1.0458757,1.0758203,1.0014138,1.02153,1.1827996,1.0128808,1.1082948,1.0156049,0.9949698,1.1531506,0.9981906,0.9693293
247,0.021612823,6.016434192657471,0.96446806,0.9996912,1.0458757,1.0758203,1.0014138,1.02153,1.1827996,1.0128808,1.1082948,1.0156049,0.9949698,1.1531506,0.9981906,0.9693293
248,0.021612763,5.990910768508911,0.96446806,0.9996912,1.0458757,1.0758203,1.0014138,1.02153,1.1827996,1.0128808,1.1082948,1.0156049,0.9949698,1.1531506,0.9981906,0.9693293
249,0.021612942,5.9986348152160645,0.96446806,0.9996912,1.0458757,1.0758203,1.0014138,1.02153,1.1827996,1.0128808,1.1082948,1.0156049,0.9949698,1.1531506,0.9981906,0.9693293
250,0.021612942,5.968981742858887,0.96446806,0.9996912,1.0458757,1.0758203,1.0014138,1.02153,1.1827996,1.0128808,1.1082948,1.0156049,0.9949698,1.1531506,0.9981906,0.9693293
251,0.021612644,5.903452157974243,0.96446806,0.9996912,1.0458757,1.0758203,1.0014138,1.02153,1.1827996,1.0128808,1.1082948,1.0156049,0.9949698,1.1531506,0.9981906,0.9693293
252,0.021612763,6.00583815574646,0.96446806,0.9996912,1.0458757,1.0758203,1.0014138,1.02153,1.1827996,1.0128808,1.1082948,1.0156049,0.9949698,1.1531506,0.9981906,0.9693293
253,0.021612763,5.903726816177368,0.96446806,0.9996912,1.0458757,1.0758203,1.0014138,1.02153,1.1827996,1.0128808,1.1082948,1.0156049,0.9949698,1.1531506,0.9981906,0.9693293
254,0.021612942,5.8857855796813965,0.96446806,0.9996912,1.0458757,1.0758203,1.0014138,1.02153,1.1827996,1.0128808,1.1082948,1.0156049,0.9949698,1.1531506,0.9981906,0.9693293
255,0.021612942,6.065289735794067,0.96446806,0.9996912,1.0458757,1.0758203,1.0014138,1.02153,1.1827996,1.0128808,1.1082948,1.0156049,0.9949698,1.1531506,0.9981906,0.9693293
256,0.021612763,5.992055654525757,0.96446806,0.9996912,1.0458757,1.0758203,1.0014138,1.02153,1.1827996,1.0128808,1.1082948,1.0156049,0.9949698,1.1531506,0.9981906,0.9693293
257,0.021612763,6.022657871246338,0.96446806,0.9996912,1.0458757,1.0758203,1.0014138,1.02153,1.1827996,1.0128808,1.1082948,1.0156049,0.9949698,1.1531506,0.9981906,0.9693293
258,0.021612823,5.685539245605469,0.96446806,0.9996912,1.0458757,1.0758203,1.0014138,1.02153,1.1827996,1.0128808,1.1082948,1.0156049,0.9949698,1.1531506,0.9981906,0.9693293
259,0.021612942,5.841979503631592,0.96446806,0.9996912,1.0458757,1.0758203,1.0014138,1.02153,1.1827996,1.0128808,1.1082948,1.0156049,0.9949698,1.1531506,0.9981906,0.9693293
260,0.021612942,5.96228814125061,0.96446806,0.9996912,1.0458757,1.0758203,1.0014138,1.02153,1.1827996,1.0128808,1.1082948,1.0156049,0.9949698,1.1531506,0.9981906,0.9693293
261,0.021612823,5.782075643539429,0.96446806,0.9996912,1.0458757,1.0758203,1.0014138,1.02153,1.1827996,1.0128808,1.1082948,1.0156049,0.9949698,1.1531506,0.9981906,0.9693293
262,0.021612763,5.8229498863220215,0.96446806,0.9996912,1.0458757,1.0758203,1.0014138,1.02153,1.1827996,1.0128808,1.1082948,1.0156049,0.9949698,1.1531506,0.9981906,0.9693293
263,0.021612823,5.839796543121338,0.96446806,0.9996912,1.0458757,1.0758203,1.0014138,1.02153,1.1827996,1.0128808,1.1082948,1.0156049,0.9949698,1.1531506,0.9981906,0.9693293
264,0.021612763,5.941054821014404,0.96446806,0.9996912,1.0458757,1.0758203,1.0014138,1.02153,1.1827996,1.0128808,1.1082948,1.0156049,0.9949698,1.1531506,0.9981906,0.9693293
265,0.021612763,5.802531003952026,0.96446806,0.9996912,1.0458757,1.0758203,1.0014138,1.02153,1.1827996,1.0128808,1.1082948,1.0156049,0.9949698,1.1531506,0.9981906,0.9693293
266,0.021612823,5.840172529220581,0.96446806,0.9996912,1.0458757,1.0758203,1.0014138,1.02153,1.1827996,1.0128808,1.1082948,1.0156049,0.9949698,1.1531506,0.9981906,0.9693293
267,0.021612763,5.968026161193848,0.96446806,0.9996912,1.0458757,1.0758203,1.0014138,1.02153,1.1827996,1.0128808,1.1082948,1.0156049,0.9949698,1.1531506,0.9981906,0.9693293
268,0.021612644,5.93691349029541,0.96446806,0.9996912,1.0458757,1.0758203,1.0014138,1.02153,1.1827996,1.0128808,1.1082948,1.0156049,0.9949698,1.1531506,0.9981906,0.9693293
269,0.021612823,5.862090587615967,0.96446806,0.9996912,1.0458757,1.0758203,1.0014138,1.02153,1.1827996,1.0128808,1.1082948,1.0156049,0.9949698,1.1531506,0.9981906,0.9693293
270,0.021612823,5.8741843700408936,0.96446806,0.9996912,1.0458757,1.0758203,1.0014138,1.02153,1.1827996,1.0128808,1.1082948,1.0156049,0.9949698,1.1531506,0.9981906,0.9693293
271,0.021613061,5.841715335845947,0.96446806,0.9996912,1.0458757,1.0758203,1.0014138,1.02153,1.1827996,1.0128808,1.1082948,1.0156049,0.9949698,1.1531506,0.9981906,0.9693293
272,0.021612763,6.01380467414856,0.96446806,0.9996912,1.0458757,1.0758203,1.0014138,1.02153,1.1827996,1.0128808,1.1082948,1.0156049,0.9949698,1.1531506,0.9981906,0.9693293
273,0.021612823,5.977514982223511,0.96446806,0.9996912,1.0458757,1.0758203,1.0014138,1.02153,1.1827996,1.0128808,1.1082948,1.0156049,0.9949698,1.1531506,0.9981906,0.9693293
274,0.021612942,5.983668565750122,0.96446806,0.9996912,1.0458757,1.0758203,1.0014138,1.02153,1.1827996,1.0128808,1.1082948,1.0156049,0.9949698,1.1531506,0.9981906,0.9693293
275,0.021612942,6.0069732666015625,0.96446806,0.9996912,1.0458757,1.0758203,1.0014138,1.02153,1.1827996,1.0128808,1.1082948,1.0156049,0.9949698,1.1531506,0.9981906,0.9693293
276,0.021612763,5.806589603424072,0.96446806,0.9996912,1.0458757,1.0758203,1.0014138,1.02153,1.1827996,1.0128808,1.1082948,1.0156049,0.9949698,1.1531506,0.9981906,0.9693293
277,0.021612823,5.866203784942627,0.96446806,0.9996912,1.0458757,1.0758203,1.0014138,1.02153,1.1827996,1.0128808,1.1082948,1.0156049,0.9949698,1.1531506,0.9981906,0.9693293
278,0.021612823,6.054145336151123,0.96446806,0.9996912,1.0458757,1.0758203,1.0014138,1.02153,1.1827996,1.0128808,1.1082948,1.0156049,0.9949698,1.1531506,0.9981906,0.9693293
279,0.021612644,6.065887928009033,0.96446806,0.9996912,1.0458757,1.0758203,1.0014138,1.02153,1.1827996,1.0128808,1.1082948,1.0156049,0.9949698,1.1531506,0.9981906,0.9693293
280,0.021612763,12.248265981674194,0.96446806,0.9996912,1.0458757,1.0758203,1.0014138,1.02153,1.1827996,1.0128808,1.1082948,1.0156049,0.9949698,1.1531506,0.9981906,0.9693293
281,0.021612763,5.912769317626953,0.96446806,0.9996912,1.0458757,1.0758203,1.0014138,1.02153,1.1827996,1.0128808,1.1082948,1.0156049,0.9949698,1.1531506,0.9981906,0.9693293
282,0.021612823,5.968895435333252,0.96446806,0.9996912,1.0458757,1.0758203,1.0014138,1.02153,1.1827996,1.0128808,1.1082948,1.0156049,0.9949698,1.1531506,0.9981906,0.9693293
283,0.021612763,5.779024124145508,0.96446806,0.9996912,1.0458757,1.0758203,1.0014138,1.02153,1.1827996,1.0128808,1.1082948,1.0156049,0.9949698,1.1531506,0.9981906,0.9693293
284,0.021613061,5.782170057296753,0.96446806,0.9996912,1.0458757,1.0758203,1.0014138,1.02153,1.1827996,1.0128808,1.1082948,1.0156049,0.9949698,1.1531506,0.9981906,0.9693293
285,0.021612823,5.845751762390137,0.96446806,0.9996912,1.0458757,1.0758203,1.0014138,1.02153,1.1827996,1.0128808,1.1082948,1.0156049,0.9949698,1.1531506,0.9981906,0.9693293
286,0.021612942,5.952749729156494,0.96446806,0.9996912,1.0458757,1.0758203,1.0014138,1.02153,1.1827996,1.0128808,1.1082948,1.0156049,0.9949698,1.1531506,0.9981906,0.9693293
287,0.021612823,5.863430976867676,0.96446806,0.9996912,1.0458757,1.0758203,1.0014138,1.02153,1.1827996,1.0128808,1.1082948,1.0156049,0.9949698,1.1531506,0.9981906,0.9693293
288,0.021612823,5.871506452560425,0.96446806,0.9996912,1.0458757,1.0758203,1.0014138,1.02153,1.1827996,1.0128808,1.1082948,1.0156049,0.9949698,1.1531506,0.9981906,0.9693293
289,0.021612823,5.881019115447998,0.96446806,0.9996912,1.0458757,1.0758203,1.0014138,1.02153,1.1827996,1.0128808,1.1082948,1.0156049,0.9949698,1.1531506,0.9981906,0.9693293
290,0.021612823,5.89957857131958,0.96446806,0.9996912,1.0458757,1.0758203,1.0014138,1.02153,1.1827996,1.0128808,1.1082948,1.0156049,0.9949698,1.1531506,0.9981906,0.9693293
291,0.021612942,5.8403685092926025,0.96446806,0.9996912,1.0458757,1.0758203,1.0014138,1.02153,1.1827996,1.0128808,1.1082948,1.0156049,0.9949698,1.1531506,0.9981906,0.9693293
292,0.021612823,5.859112501144409,0.96446806,0.9996912,1.0458757,1.0758203,1.0014138,1.02153,1.1827996,1.0128808,1.1082948,1.0156049,0.9949698,1.1531506,0.9981906,0.9693293
293,0.021612823,5.948167085647583,0.96446806,0.9996912,1.0458757,1.0758203,1.0014138,1.02153,1.1827996,1.0128808,1.1082948,1.0156049,0.9949698,1.1531506,0.9981906,0.9693293
294,0.021612823,5.756301164627075,0.96446806,0.9996912,1.0458757,1.0758203,1.0014138,1.02153,1.1827996,1.0128808,1.1082948,1.0156049,0.9949698,1.1531506,0.9981906,0.9693293
295,0.021612763,5.861353397369385,0.96446806,0.9996912,1.0458757,1.0758203,1.0014138,1.02153,1.1827996,1.0128808,1.1082948,1.0156049,0.9949698,1.1531506,0.9981906,0.9693293
296,0.021612942,5.776379108428955,0.96446806,0.9996912,1.0458757,1.0758203,1.0014138,1.02153,1.1827996,1.0128808,1.1082948,1.0156049,0.9949698,1.1531506,0.9981906,0.9693293
297,0.021612823,5.878063678741455,0.96446806,0.9996912,1.0458757,1.0758203,1.0014138,1.02153,1.1827996,1.0128808,1.1082948,1.0156049,0.9949698,1.1531506,0.9981906,0.9693293
298,0.021612763,5.839681625366211,0.96446806,0.9996912,1.0458757,1.0758203,1.0014138,1.02153,1.1827996,1.0128808,1.1082948,1.0156049,0.9949698,1.1531506,0.9981906,0.9693293
299,0.021612823,5.837621212005615,0.96446806,0.9996912,1.0458757,1.0758203,1.0014138,1.02153,1.1827996,1.0128808,1.1082948,1.0156049,0.9949698,1.1531506,0.9981906,0.9693293
300,0.021612763,5.858017921447754,0.96446806,0.9996912,1.0458757,1.0758203,1.0014138,1.02153,1.1827996,1.0128808,1.1082948,1.0156049,0.9949698,1.1531506,0.9981906,0.9693293
301,0.021612763,5.909403562545776,0.96446806,0.9996912,1.0458757,1.0758203,1.0014138,1.02153,1.1827996,1.0128808,1.1082948,1.0156049,0.9949698,1.1531506,0.9981906,0.9693293
302,0.021612763,5.935665607452393,0.96446806,0.9996912,1.0458757,1.0758203,1.0014138,1.02153,1.1827996,1.0128808,1.1082948,1.0156049,0.9949698,1.1531506,0.9981906,0.9693293
303,0.021612823,5.913909673690796,0.96446806,0.9996912,1.0458757,1.0758203,1.0014138,1.02153,1.1827996,1.0128808,1.1082948,1.0156049,0.9949698,1.1531506,0.9981906,0.9693293
304,0.021612763,5.886241912841797,0.96446806,0.9996912,1.0458757,1.0758203,1.0014138,1.02153,1.1827996,1.0128808,1.1082948,1.0156049,0.9949698,1.1531506,0.9981906,0.9693293
305,0.021612763,5.839230537414551,0.96446806,0.9996912,1.0458757,1.0758203,1.0014138,1.02153,1.1827996,1.0128808,1.1082948,1.0156049,0.9949698,1.1531506,0.9981906,0.9693293
306,0.021612763,5.822095155715942,0.96446806,0.9996912,1.0458757,1.0758203,1.0014138,1.02153,1.1827996,1.0128808,1.1082948,1.0156049,0.9949698,1.1531506,0.9981906,0.9693293
307,0.021612823,5.7239768505096436,0.96446806,0.9996912,1.0458757,1.0758203,1.0014138,1.02153,1.1827996,1.0128808,1.1082948,1.0156049,0.9949698,1.1531506,0.9981906,0.9693293
308,0.021612763,5.833483934402466,0.96446806,0.9996912,1.0458757,1.0758203,1.0014138,1.02153,1.1827996,1.0128808,1.1082948,1.0156049,0.9949698,1.1531506,0.9981906,0.9693293
309,0.021612763,5.77246356010437,0.96446806,0.9996912,1.0458757,1.0758203,1.0014138,1.02153,1.1827996,1.0128808,1.1082948,1.0156049,0.9949698,1.1531506,0.9981906,0.9693293
310,0.021612823,5.849940299987793,0.96446806,0.9996912,1.0458757,1.0758203,1.0014138,1.02153,1.1827996,1.0128808,1.1082948,1.0156049,0.9949698,1.1531506,0.9981906,0.9693293
311,0.021612942,5.899536848068237,0.96446806,0.9996912,1.0458757,1.0758203,1.0014138,1.02153,1.1827996,1.0128808,1.1082948,1.0156049,0.9949698,1.1531506,0.9981906,0.9693293
312,0.021612823,5.79442834854126,0.96446806,0.9996912,1.0458757,1.0758203,1.0014138,1.02153,1.1827996,1.0128808,1.1082948,1.0156049,0.9949698,1.1531506,0.9981906,0.9693293
313,0.021612942,5.917904853820801,0.96446806,0.9996912,1.0458757,1.0758203,1.0014138,1.02153,1.1827996,1.0128808,1.1082948,1.0156049,0.9949698,1.1531506,0.9981906,0.9693293
314,0.021612942,5.888463497161865,0.96446806,0.9996912,1.0458757,1.0758203,1.0014138,1.02153,1.1827996,1.0128808,1.1082948,1.0156049,0.9949698,1.1531506,0.9981906,0.9693293
315,0.021612823,5.873752117156982,0.96446806,0.9996912,1.0458757,1.0758203,1.0014138,1.02153,1.1827996,1.0128808,1.1082948,1.0156049,0.9949698,1.1531506,0.9981906,0.9693293
316,0.021612763,5.8030524253845215,0.96446806,0.9996912,1.0458757,1.0758203,1.0014138,1.02153,1.1827996,1.0128808,1.1082948,1.0156049,0.9949698,1.1531506,0.9981906,0.9693293
317,0.021612823,5.941452503204346,0.96446806,0.9996912,1.0458757,1.0758203,1.0014138,1.02153,1.1827996,1.0128808,1.1082948,1.0156049,0.9949698,1.1531506,0.9981906,0.9693293
318,0.021612763,5.952306509017944,0.96446806,0.9996912,1.0458757,1.0758203,1.0014138,1.02153,1.1827996,1.0128808,1.1082948,1.0156049,0.9949698,1.1531506,0.9981906,0.9693293
319,0.021612823,6.010386228561401,0.96446806,0.9996912,1.0458757,1.0758203,1.0014138,1.02153,1.1827996,1.0128808,1.1082948,1.0156049,0.9949698,1.1531506,0.9981906,0.9693293
320,0.021612823,5.882985353469849,0.96446806,0.9996912,1.0458757,1.0758203,1.0014138,1.02153,1.1827996,1.0128808,1.1082948,1.0156049,0.9949698,1.1531506,0.9981906,0.9693293
321,0.021612823,5.924580097198486,0.96446806,0.9996912,1.0458757,1.0758203,1.0014138,1.02153,1.1827996,1.0128808,1.1082948,1.0156049,0.9949698,1.1531506,0.9981906,0.9693293
322,0.021612823,5.843325138092041,0.96446806,0.9996912,1.0458757,1.0758203,1.0014138,1.02153,1.1827996,1.0128808,1.1082948,1.0156049,0.9949698,1.1531506,0.9981906,0.9693293
323,0.021612823,5.834856271743774,0.96446806,0.9996912,1.0458757,1.0758203,1.0014138,1.02153,1.1827996,1.0128808,1.1082948,1.0156049,0.9949698,1.1531506,0.9981906,0.9693293
324,0.021612763,5.851991415023804,0.96446806,0.9996912,1.0458757,1.0758203,1.0014138,1.02153,1.1827996,1.0128808,1.1082948,1.0156049,0.9949698,1.1531506,0.9981906,0.9693293
325,0.021612823,5.936247825622559,0.96446806,0.9996912,1.0458757,1.0758203,1.0014138,1.02153,1.1827996,1.0128808,1.1082948,1.0156049,0.9949698,1.1531506,0.9981906,0.9693293
326,0.021612823,5.907890558242798,0.96446806,0.9996912,1.0458757,1.0758203,1.0014138,1.02153,1.1827996,1.0128808,1.1082948,1.0156049,0.9949698,1.1531506,0.9981906,0.9693293
327,0.021612823,5.935162544250488,0.96446806,0.9996912,1.0458757,1.0758203,1.0014138,1.02153,1.1827996,1.0128808,1.1082948,1.0156049,0.9949698,1.1531506,0.9981906,0.9693293
328,0.021612763,5.940248489379883,0.96446806,0.9996912,1.0458757,1.0758203,1.0014138,1.02153,1.1827996,1.0128808,1.1082948,1.0156049,0.9949698,1.1531506,0.9981906,0.9693293
329,0.021612763,5.898618698120117,0.96446806,0.9996912,1.0458757,1.0758203,1.0014138,1.02153,1.1827996,1.0128808,1.1082948,1.0156049,0.9949698,1.1531506,0.9981906,0.9693293
330,0.021612823,5.740127086639404,0.96446806,0.9996912,1.0458757,1.0758203,1.0014138,1.02153,1.1827996,1.0128808,1.1082948,1.0156049,0.9949698,1.1531506,0.9981906,0.9693293
331,0.021612763,5.877102375030518,0.96446806,0.9996912,1.0458757,1.0758203,1.0014138,1.02153,1.1827996,1.0128808,1.1082948,1.0156049,0.9949698,1.1531506,0.9981906,0.9693293
332,0.021612823,6.083836555480957,0.96446806,0.9996912,1.0458757,1.0758203,1.0014138,1.02153,1.1827996,1.0128808,1.1082948,1.0156049,0.9949698,1.1531506,0.9981906,0.9693293
333,0.021612763,5.938888788223267,0.96446806,0.9996912,1.0458757,1.0758203,1.0014138,1.02153,1.1827996,1.0128808,1.1082948,1.0156049,0.9949698,1.1531506,0.9981906,0.9693293
334,0.021612823,5.919360399246216,0.96446806,0.9996912,1.0458757,1.0758203,1.0014138,1.02153,1.1827996,1.0128808,1.1082948,1.0156049,0.9949698,1.1531506,0.9981906,0.9693293
335,0.021612942,5.897685766220093,0.96446806,0.9996912,1.0458757,1.0758203,1.0014138,1.02153,1.1827996,1.0128808,1.1082948,1.0156049,0.9949698,1.1531506,0.9981906,0.9693293
336,0.021612823,5.878962516784668,0.96446806,0.9996912,1.0458757,1.0758203,1.0014138,1.02153,1.1827996,1.0128808,1.1082948,1.0156049,0.9949698,1.1531506,0.9981906,0.9693293
337,0.021612823,5.874181747436523,0.96446806,0.9996912,1.0458757,1.0758203,1.0014138,1.02153,1.1827996,1.0128808,1.1082948,1.0156049,0.9949698,1.1531506,0.9981906,0.9693293
338,0.021612763,5.765012264251709,0.96446806,0.9996912,1.0458757,1.0758203,1.0014138,1.02153,1.1827996,1.0128808,1.1082948,1.0156049,0.9949698,1.1531506,0.9981906,0.9693293
339,0.021612763,5.918907642364502,0.96446806,0.9996912,1.0458757,1.0758203,1.0014138,1.02153,1.1827996,1.0128808,1.1082948,1.0156049,0.9949698,1.1531506,0.9981906,0.9693293
340,0.021612823,5.91424822807312,0.96446806,0.9996912,1.0458757,1.0758203,1.0014138,1.02153,1.1827996,1.0128808,1.1082948,1.0156049,0.9949698,1.1531506,0.9981906,0.9693293
341,0.021612823,5.894111156463623,0.96446806,0.9996912,1.0458757,1.0758203,1.0014138,1.02153,1.1827996,1.0128808,1.1082948,1.0156049,0.9949698,1.1531506,0.9981906,0.9693293
342,0.021612823,5.846094131469727,0.96446806,0.9996912,1.0458757,1.0758203,1.0014138,1.02153,1.1827996,1.0128808,1.1082948,1.0156049,0.9949698,1.1531506,0.9981906,0.9693293
343,0.021612763,5.911340236663818,0.96446806,0.9996912,1.0458757,1.0758203,1.0014138,1.02153,1.1827996,1.0128808,1.1082948,1.0156049,0.9949698,1.1531506,0.9981906,0.9693293
344,0.021612823,5.873881578445435,0.96446806,0.9996912,1.0458757,1.0758203,1.0014138,1.02153,1.1827996,1.0128808,1.1082948,1.0156049,0.9949698,1.1531506,0.9981906,0.9693293
345,0.021612942,5.843906879425049,0.96446806,0.9996912,1.0458757,1.0758203,1.0014138,1.02153,1.1827996,1.0128808,1.1082948,1.0156049,0.9949698,1.1531506,0.9981906,0.9693293
346,0.021612942,5.876763582229614,0.96446806,0.9996912,1.0458757,1.0758203,1.0014138,1.02153,1.1827996,1.0128808,1.1082948,1.0156049,0.9949698,1.1531506,0.9981906,0.9693293
347,0.021612823,5.881757020950317,0.96446806,0.9996912,1.0458757,1.0758203,1.0014138,1.02153,1.1827996,1.0128808,1.1082948,1.0156049,0.9949698,1.1531506,0.9981906,0.9693293
348,0.021612942,5.903991222381592,0.96446806,0.9996912,1.0458757,1.0758203,1.0014138,1.02153,1.1827996,1.0128808,1.1082948,1.0156049,0.9949698,1.1531506,0.9981906,0.9693293
349,0.021612942,5.911269664764404,0.96446806,0.9996912,1.0458757,1.0758203,1.0014138,1.02153,1.1827996,1.0128808,1.1082948,1.0156049,0.9949698,1.1531506,0.9981906,0.9693293
350,0.021612763,5.868440866470337,0.96446806,0.9996912,1.0458757,1.0758203,1.0014138,1.02153,1.1827996,1.0128808,1.1082948,1.0156049,0.9949698,1.1531506,0.9981906,0.9693293
351,0.021612644,5.933875799179077,0.96446806,0.9996912,1.0458757,1.0758203,1.0014138,1.02153,1.1827996,1.0128808,1.1082948,1.0156049,0.9949698,1.1531506,0.9981906,0.9693293
352,0.021612942,5.954098224639893,0.96446806,0.9996912,1.0458757,1.0758203,1.0014138,1.02153,1.1827996,1.0128808,1.1082948,1.0156049,0.9949698,1.1531506,0.9981906,0.9693293
353,0.021612823,5.912494421005249,0.96446806,0.9996912,1.0458757,1.0758203,1.0014138,1.02153,1.1827996,1.0128808,1.1082948,1.0156049,0.9949698,1.1531506,0.9981906,0.9693293
354,0.021612763,5.8398756980896,0.96446806,0.9996912,1.0458757,1.0758203,1.0014138,1.02153,1.1827996,1.0128808,1.1082948,1.0156049,0.9949698,1.1531506,0.9981906,0.9693293
355,0.021612823,5.921781063079834,0.96446806,0.9996912,1.0458757,1.0758203,1.0014138,1.02153,1.1827996,1.0128808,1.1082948,1.0156049,0.9949698,1.1531506,0.9981906,0.9693293
356,0.021612942,5.903258800506592,0.96446806,0.9996912,1.0458757,1.0758203,1.0014138,1.02153,1.1827996,1.0128808,1.1082948,1.0156049,0.9949698,1.1531506,0.9981906,0.9693293
